snapshot_date,previous_date,weekly_date,monthly_date,exchange,symbol,ticker,name,previous_close,previous_sma20,weekly_close,weekly_rsi,weekly_supertrend,weekly_upper_bb,monthly_rsi
2026-09-30,2026-09-28,2026-10-02,2026-09-30,NSE,JISLDVREQS,,Jain Irrigation Systems Limited,19.799999237060547,20.922500133514404,19.799999237060547,37.857760574306596,26.333529113699917,25.35785114607448,35.244390924451494
2026-09-30,2026-09-28,2026-10-02,2026-09-30,NSE,KRBL,,KRBL Limited,382.95001220703125,410.05249938964846,382.95001220703125,50.90949170709124,345.83666411392795,432.5364700649944,54.90262682324678
2026-09-30,2026-09-28,2026-10-02,2026-09-30,NSE,RELIANCE,,Reliance Industries Limited,1197.5999755859375,1262.1600036621094,1197.5999755859375,34.13582296671106,1349.6843464889462,1372.0876061667514,37.617403808596585
2026-09-30,2026-09-28,2026-10-02,2026-09-30,NSE,SJVN,,SJVN Limited,61.060001373291016,64.45149993896484,61.060001373291016,28.93609591468318,69.45194997520888,76.6628028221892,24.926054619313163
2026-09-30,2026-09-28,2026-10-02,2026-09-30,NSE,MGL,,Mahanagar Gas Limited,1048.800048828125,1079.8600036621094,1048.800048828125,41.631736265832934,961.8474990826628,1182.4330117192512,35.56407542043259
2026-09-30,2026-09-28,2026-10-02,2026-09-30,NSE,SIEMENS,,Siemens Limited,3785.5,3903.8199951171873,3785.5,52.79192420634148,3367.580118571519,4109.824544139621,48.72615753180146
2026-09-30,2026-09-28,2026-10-02,2026-09-30,NSE,PROTEAN,,Protean eGov Technologies Limited,691.5,540.3650024414062,691.5,62.03868406682215,514.8574325865068,698.6609866430003,33.341421772634206
2026-09-30,2026-09-28,2026-10-02,2026-09-30,NSE,AVANTEL,,Avantel Limited,151.3699951171875,152.56200103759767,151.3699951171875,45.46989454543045,129.2303719443597,183.17756463404504,45.09853242317194
2026-09-30,2026-09-28,2026-10-02,2026-09-30,NSE,AMDIND,,AMD Industries Limited,56.650001525878906,60.321499824523926,56.650001525878906,57.47894842573764,45.990240699187,63.74129200133112,48.95025083352505
2026-09-30,2026-09-28,2026-10-02,2026-09-30,NSE,ASTRAL,,Astral Limited,1370.5,1433.2600036621093,1370.5,40.28159867986535,1606.6614847543733,1606.853155522246,37.06140109529207
2026-09-30,2026-09-28,2026-10-02,2026-09-30,NSE,ARVEE,,Arvee Laboratories (India) Limited,234.5,191.3390007019043,234.5,74.16215558689001,130.30553027347034,208.74377126683433,61.95906587401966
2026-09-30,2026-09-28,2026-10-02,2026-09-30,NSE,CRISIL,,Crisil Limited,4650.60009765625,4666.225,4650.60009765625,57.599722012877514,4009.596226008575,4918.231806295445,51.284362735428836
2026-09-30,2026-09-28,2026-10-02,2026-09-30,NSE,GEOJITFSL,,Geojit Financial Services Limited,78.30000305175781,80.8330005645752,78.30000305175781,52.36925367618505,67.39064298317761,84.4493450305377,36.80396052530862
2026-09-30,2026-09-28,2026-10-02,2026-09-30,NSE,FEDFINA,,Fedbank Financial Services Limited,150.72000122070312,155.83700103759764,150.72000122070312,48.87106715119533,128.96165319313997,163.26237517026104,56.0181455884436
2026-09-30,2026-09-28,2026-10-02,2026-09-30,NSE,IDBI,,IDBI Bank Limited,84.38999938964844,84.98399925231934,84.38999938964844,49.621832354737215,73.56402940312942,93.07132850022155,48.858967206425774
2026-09-30,2026-09-28,2026-10-02,2026-09-30,NSE,INFY,,Infosys Limited,1003.2000122070312,1061.3,1003.2000122070312,35.286234016063105,1184.6694927491678,1218.0370554746037,26.950026809893814
2026-09-30,2026-09-28,2026-10-02,2026-09-30,NSE,TREJHARA,,TREJHARA SOLUTIONS LIMITED,139.74000549316406,141.4515007019043,139.74000549316406,44.167127623219,179.80908972025696,166.07426627888844,34.23784505877953
2026-09-30,2026-09-28,2026-10-02,2026-09-30,NSE,SVLL,,Shree Vasu Logistics Limited,821.3499755859375,813.0974975585938,821.3499755859375,63.50992579295181,664.695258347246,873.980089221089,71.40578086766016
2026-09-30,2026-09-28,2026-10-02,2026-09-30,NSE,BIKAJI,,Bikaji Foods International Limited,557.9000244140625,569.2175079345703,557.9000244140625,34.39338445546417,669.4917690349048,694.1681301020947,27.811349982577298
2026-09-30,2026-09-28,2026-10-02,2026-09-30,NSE,MEGASTAR,,Megastar Foods Limited,248.3000030517578,284.3500038146973,248.3000030517578,36.51948185196274,342.6153665612254,382.8758750267867,45.9563590321112
2026-09-30,2026-09-28,2026-10-02,2026-09-30,NSE,HARIOMPIPE,,Hariom Pipe Industries Limited,342.1000061035156,355.9400039672852,342.1000061035156,42.78839871975686,294.9434769935399,431.0561834471908,33.94417522204681
2026-09-30,2026-09-28,2026-10-02,2026-09-30,NSE,PRUDENT,,Prudent Corporate Advisory Services Limited,3171.300048828125,3318.685009765625,3171.300048828125,54.48463244855342,2724.140452617089,3606.4747080939355,55.34454509655695
2026-09-30,2026-09-28,2026-10-02,2026-09-30,NSE,ACUTAAS,,Acutaas Chemicals Limited,3214.39990234375,3277.224987792969,3214.39990234375,55.059955628334365,2588.895590987341,3614.753081955738,77.21341662181639
2026-09-30,2026-09-28,2026-10-02,2026-09-30,NSE,SWIGGY,,Swiggy Limited,256.0,273.8500030517578,256.0,40.71148066690407,306.32451843137943,293.05821152794954,35.02440931062773
2026-09-30,2026-09-28,2026-10-02,2026-09-30,NSE,OSWALSEEDS,,ShreeOswal Seeds And Chemicals Limited,12.449999809265137,13.357000064849853,12.449999809265137,50.54999284623616,9.214584962678652,14.262077121160704,36.65867683325151
2026-09-30,2026-09-28,2026-10-02,2026-09-30,NSE,STOVEKRAFT,,Stove Kraft Limited,797.1500244140625,827.9875,797.1500244140625,62.48069029019733,642.2609699270831,903.5031386726351,52.047361003513764
2026-09-30,2026-09-28,2026-10-02,2026-09-30,NSE,RAJMET,,Rajnandini Metal Limited,3.0799999237060547,3.1524999856948854,3.0799999237060547,36.16851911365226,4.012081415230444,4.009152317734712,29.310153307497416
2026-09-30,2026-09-28,2026-10-02,2026-09-30,NSE,SONAMLTD,,SONAM LIMITED,69.54000091552734,70.38950004577637,69.54000091552734,63.4200325268963,47.40015492852703,74.48949894142174,52.69310581854381
2026-09-30,2026-09-28,2026-10-02,2026-09-30,NSE,CRAFTSMAN,,Craftsman Automation Limited,10534.0,11163.65,10534.0,59.7766686410798,9387.542919070253,11794.90835619034,67.5159209938549
2026-09-30,2026-09-28,2026-10-02,2026-09-30,NSE,SWSOLAR,,Sterling and Wilson Renewable Energy Limited,170.74000549316406,180.38149948120116,170.74000549316406,35.65236948045417,215.61145463964738,249.0603242921826,26.670676235704065
2026-09-30,2026-09-28,2026-10-02,2026-09-30,NSE,INTERARCH,,Interarch Building Solutions Limited,1706.199951171875,1708.689990234375,1706.199951171875,40.77504576166376,2046.3031412936666,1914.7760686032839,50.38122090959722
2026-09-30,2026-09-28,2026-10-02,2026-09-30,NSE,DHARMAJ,,Dharmaj Crop Guard Limited,291.04998779296875,276.58999786376955,291.04998779296875,64.13622887232208,237.09170534827624,289.569529049609,49.17405267464701
2026-09-30,2026-09-28,2026-10-02,2026-09-30,NSE,AHLADA,,Ahlada Engineers Limited,38.56999969482422,37.07350044250488,38.56999969482422,44.72858388621185,47.459889992419555,41.02967074665124,28.64278815107012
2026-09-30,2026-09-28,2026-10-02,2026-09-30,NSE,SGIL,,Synergy Green Industries Limited,650.75,609.3724975585938,650.75,64.57687563977508,493.13052841646333,652.4013347590663,68.98603827470544
2026-09-30,2026-09-28,2026-10-02,2026-09-30,NSE,DALBHARAT,,Dalmia Bharat Limited,1651.5999755859375,1732.2699951171876,1651.5999755859375,35.16432312471633,1989.4638022533131,1889.8586709087394,42.122724052910385
2026-09-30,2026-09-28,2026-10-02,2026-09-30,NSE,NILASPACES,,Nila Spaces Limited,11.0,12.13149995803833,11.0,35.57510248860086,14.769236142382619,13.385601908074616,45.65424558803715
2026-09-30,2026-09-28,2026-10-02,2026-09-30,NSE,UNIECOM,,Unicommerce Esolutions Limited,82.18000030517578,84.18600006103516,82.18000030517578,36.1494352753188,101.90023446041036,91.36062922665202,27.134607637310168
2026-09-30,2026-09-28,2026-10-02,2026-09-30,NSE,PARIN,,Parin Enterprises Limited,720.0999755859375,709.5974975585938,720.0999755859375,57.33029245580211,552.686081833645,741.7850078059852,72.5966877264362
2026-09-30,2026-09-28,2026-10-02,2026-09-30,NSE,MANORAMA,,Manorama Industries Limited,1865.0999755859375,1961.3249938964843,1865.0999755859375,61.687039594354424,1574.9881832895599,2087.0721946386457,69.1022454743597
2026-09-30,2026-09-28,2026-10-02,2026-09-30,NSE,AFFLE,,Affle 3i Limited,1548.4000244140625,1573.979998779297,1548.4000244140625,49.11013639977976,1341.4993897769946,1709.567075363102,49.7702954634986
2026-09-30,2026-09-28,2026-10-02,2026-09-30,NSE,FLAIR,,Flair Writing Industries Limited,235.05999755859375,239.49199981689452,235.05999755859375,32.12270285709343,276.02705367431577,293.39575383386654,39.10220152382838
2026-09-30,2026-09-28,2026-10-02,2026-09-30,NSE,AKG,,Akg Exim Limited,9.760000228881836,9.922499990463256,9.760000228881836,43.933130165723576,12.556615316528411,11.863338350988606,32.9138328892637
2026-09-30,2026-09-28,2026-10-02,2026-09-30,NSE,ABINFRA,,A B Infrabuild Limited,12.380000114440918,11.650500059127808,12.380000114440918,48.62838178276,14.326646850453884,13.019148629470974,52.934960464192976
2026-09-30,2026-09-28,2026-10-02,2026-09-30,NSE,KRITIKA,,Kritika Wires Limited,5.0,5.233499956130982,5.0,33.00986097710549,6.343972049472654,6.336158943665066,20.774993259227912
2026-09-30,2026-09-28,2026-10-02,2026-09-30,NSE,AFSL,,Abans Financial Services Limited,201.0,203.23350143432617,201.0,46.99646001259734,194.30832478438867,206.78310148527376,26.836305207940995
2026-09-30,2026-09-28,2026-10-02,2026-09-30,NSE,ENTERO,,Entero Healthcare Solutions Limited,1790.0999755859375,1807.5700134277345,1790.0999755859375,70.7143755893746,1409.7944487954805,1949.373601239877,67.31866182972273
2026-09-30,2026-09-28,2026-10-02,2026-09-30,NSE,PRSMJOHNSN,,Prism Johnson Limited,115.1500015258789,113.84699974060058,115.1500015258789,46.848068660127645,126.36292202535647,122.92418497344632,33.11774491764315
2026-09-30,2026-09-28,2026-10-02,2026-09-30,NSE,ZYDUSLIFE,,Zydus Lifesciences Limited,1215.0,1148.2500061035157,1215.0,66.88051969948901,1032.8650368278509,1212.0574849106047,66.15447177540196
2026-09-30,2026-09-28,2026-10-02,2026-09-30,NSE,TEJASNET,,Tejas Networks Limited,491.1000061035156,541.3274993896484,491.1000061035156,46.366296106245144,433.35749003508505,638.2808363129104,34.596578373994646
2026-09-30,2026-09-28,2026-10-02,2026-09-30,NSE,LTTS,,L&T Technology Services Limited,3211.60009765625,3355.0750122070312,3211.60009765625,40.05720738074116,3798.5720944534355,3645.7319338105035,35.46826289380856
2026-09-30,2026-09-28,2026-10-02,2026-09-30,NSE,BALUFORGE,,Balu Forge Industries Limited,495.1000061035156,531.2175064086914,495.1000061035156,48.628511288430865,451.31621834851626,592.1269761145661,44.12854784793065
2026-09-30,2026-09-28,2026-10-02,2026-09-30,NSE,TEGA,,Tega Industries Limited,2011.5,1799.9050048828126,2011.5,61.1010254736269,1524.9244390760748,2027.5627023950965,55.64180605766702
2026-09-30,2026-09-28,2026-10-02,2026-09-30,NSE,ACC,,ACC Limited,1213.5,1250.354998779297,1213.5,27.131016319003436,1374.2491705545683,1429.1293160430837,20.647647447843326
2026-09-30,2026-09-28,2026-10-02,2026-09-30,NSE,KSHITIJPOL,,Kshitij Polyline Limited,4.570000171661377,3.859500014781952,4.570000171661377,59.02741139729575,2.8683131622450952,6.220848905473764,51.190773712765385
2026-09-30,2026-09-28,2026-10-02,2026-09-30,NSE,ONESOURCE,,Onesource Specialty Pharma Limited,1565.800048828125,1574.5949951171874,1565.800048828125,46.36110824916212,1364.5002778006442,1804.1767288233095,49.36764505578881
2026-09-30,2026-09-28,2026-10-02,2026-09-30,NSE,TECILCHEM,,TECIL Chemicals and Hydro Power Limited,9.119999885559082,9.47600016593933,9.119999885559082,36.77882189224505,14.045411361688995,12.280346244387966,36.11692614621988
2026-09-30,2026-09-28,2026-10-02,2026-09-30,NSE,MANAKSIA,,Manaksia Limited,60.189998626708984,64.15250034332276,60.189998626708984,49.56856454236907,52.099572124294966,66.97573860026523,36.361122140543465
2026-09-30,2026-09-28,2026-10-02,2026-09-30,NSE,DABUR,,Dabur India Limited,385.75,382.05749969482423,385.75,35.62761635886065,424.6060808280543,459.34742087170576,27.51748762555708
2026-09-30,2026-09-28,2026-10-02,2026-09-30,NSE,DNAMEDIA,,Diligent Media Corporation Limited,2.4700000286102295,2.524000012874603,2.4700000286102295,33.52431082799015,3.561862488477301,3.0710011660309395,31.073136825072538
2026-09-30,2026-09-28,2026-10-02,2026-09-30,NSE,GESHIP,,The Great Eastern Shipping Company Limited,1533.4000244140625,1415.8099853515625,1533.4000244140625,60.593986490512236,1238.696845182687,1590.1477233448782,59.150063432233814
2026-09-30,2026-09-28,2026-10-02,2026-09-30,NSE,SMLT,,Sarthak Metals Limited,58.810001373291016,62.030499649047854,58.810001373291016,33.11068250633066,77.55170063447787,77.4316676940521,19.38489657080396
2026-09-30,2026-09-28,2026-10-02,2026-09-30,NSE,SUVIDHAA,,Suvidhaa Infoserve Limited,2.2100000381469727,2.2390000224113464,2.2100000381469727,33.059659307776755,3.185945756578204,2.897298334542547,32.69919651312976
2026-09-30,2026-09-28,2026-10-02,2026-09-30,NSE,LT,,Larsen & Toubro Limited,3766.39990234375,3908.2999877929688,3766.39990234375,41.76738609654984,4213.16674109435,4223.049386369643,48.50465821543038
2026-09-30,2026-09-28,2026-10-02,2026-09-30,NSE,SBICARD,,SBI Cards and Payment Services Limited,591.0,641.3450073242187,591.0,36.89156628359266,683.875739846971,675.6864926816444,39.43776639261188
2026-09-30,2026-09-28,2026-10-02,2026-09-30,NSE,JSWSTEEL,,JSW Steel Limited,1264.0999755859375,1282.5299987792969,1264.0999755859375,51.07376519597732,1152.7714525409067,1330.4550905527626,58.60710714384587
2026-09-30,2026-09-28,2026-10-02,2026-09-30,NSE,HSCL,,Himadri Speciality Chemical Limited,669.9500122070312,666.6700012207032,669.9500122070312,53.67174844882816,594.92457609341,788.379124618783,53.47792993665375
2026-09-30,2026-09-28,2026-10-02,2026-09-30,NSE,HEALTHX,,Health X Platform Limited,285.1499938964844,297.31249542236327,285.1499938964844,43.78737909481292,253.91518511599025,328.8759540464892,47.51078902003712
2026-09-30,2026-09-28,2026-10-02,2026-09-30,NSE,STANLEY,,Stanley Lifestyles Limited,135.80999755859375,136.90000076293944,135.80999755859375,38.92895532092295,166.05188410961017,162.67522728554806,22.1674035570812
2026-09-30,2026-09-28,2026-10-02,2026-09-30,NSE,AWHCL,,Antony Waste Handling Cell Limited,367.6499938964844,369.9499984741211,367.6499938964844,32.7804521867063,457.17838625880415,505.55277191172405,36.34816748899419
2026-09-30,2026-09-28,2026-10-02,2026-09-30,NSE,AARTECH,,Aartech Solonics Limited,51.220001220703125,50.54600067138672,51.220001220703125,55.138100537960746,53.45664915740281,54.548373262032285,45.051586446006866
2026-09-30,2026-09-28,2026-10-02,2026-09-30,NSE,VMM,,Vishal Mega Mart Limited,100.80999755859375,103.6685001373291,100.80999755859375,34.49741963906959,120.67287449535536,125.76271215732199,45.56881904182668
2026-09-30,2026-09-28,2026-10-02,2026-09-30,NSE,BBTCL,,B&B Triplewall Containers Limited,228.1199951171875,228.98800048828124,228.1199951171875,55.5513907652163,177.22246317468114,248.31411624945468,52.81049206372332
2026-09-30,2026-09-28,2026-10-02,2026-09-30,NSE,RITCO,,Ritco Logistics Limited,277.20001220703125,298.1250030517578,277.20001220703125,50.89063035317378,235.42089211433705,320.3734480495074,48.323673212531155
2026-09-30,2026-09-28,2026-10-02,2026-09-30,NSE,SPECTRUM,,Spectrum Electrical Industries Limited,3578.699951171875,2912.5000244140624,3578.699951171875,82.86344013800985,2515.859178512967,3452.601706203095,72.08123773627614
2026-09-30,2026-09-28,2026-10-02,2026-09-30,NSE,STYLEBAAZA,,Baazar Style Retail Limited,394.5,387.5024978637695,394.5,58.27321185208285,275.275082347643,434.29575451584515,53.48398817058189
2026-09-30,2026-09-28,2026-10-02,2026-09-30,NSE,IRISDOREME,,Iris Clothings Limited,62.779998779296875,62.12999992370605,62.779998779296875,73.18757476670808,49.1533984872081,71.43415503125212,55.50308248988272
2026-09-30,2026-09-28,2026-10-02,2026-09-30,NSE,SILGO,,Silgo Retail Limited,68.30999755859375,70.6245002746582,68.30999755859375,42.07754704155121,60.245991623135936,80.36836367605196,58.10088595124998
2026-09-30,2026-09-28,2026-10-02,2026-09-30,NSE,SKYGOLD,,SKY GOLD AND DIAMONDS LIMITED,796.9500122070312,795.1925018310546,796.9500122070312,71.86927402531109,608.6286960941977,911.20842164167,77.5144713363425
2026-09-30,2026-09-28,2026-10-02,2026-09-30,NSE,MARINE,,Marine Electricals (India) Limited,428.20001220703125,411.5074996948242,428.20001220703125,71.38791245968355,286.65142475166203,464.4410963986032,68.97498576079388
2026-09-30,2026-09-28,2026-10-02,2026-09-30,NSE,VINNY,,Vinny Overseas Limited,0.9100000262260437,0.9740000039339065,0.9100000262260437,32.433610085318904,1.1439380115459485,1.1983178269803774,19.431844333955155
2026-09-30,2026-09-28,2026-10-02,2026-09-30,NSE,SRD,,Shankar Lal Rampal Dye-Chem Limited,39.029998779296875,39.45550022125244,39.029998779296875,40.20413779573091,47.85233241578232,42.077880310757166,41.03595472275364
2026-09-30,2026-09-28,2026-10-02,2026-09-30,NSE,XELPMOC,,Xelpmoc Design And Tech Limited,89.56999969482422,77.63449935913086,89.56999969482422,49.85638322657241,98.99462026851697,99.76980554036466,44.26551165621114
2026-09-30,2026-09-28,2026-10-02,2026-09-30,NSE,EMUDHRA,,eMudhra Limited,649.25,575.1024963378907,649.25,67.1663656680114,479.61029934359476,638.029730175956,48.38452813940672
2026-09-30,2026-09-28,2026-10-02,2026-09-30,NSE,SPENCERS,,Spencer's Retail Limited,27.40999984741211,28.50799980163574,27.40999984741211,30.87355394881972,26.773845580547004,39.86713018240228,15.954330191506713
2026-09-30,2026-09-28,2026-10-02,2026-09-30,NSE,RECLTD,,REC Limited,303.25,312.382502746582,303.25,33.2608538776682,347.32276622381295,382.4127982701433,30.945799128144913
2026-09-30,2026-09-28,2026-10-02,2026-09-30,NSE,BAIDFIN,,Baid Finserv Limited,10.609999656677246,10.72849998474121,10.609999656677246,51.214500576244525,12.015890632519953,11.196848496211143,42.31405567024498
2026-09-30,2026-09-28,2026-10-02,2026-09-30,NSE,INSPIRISYS,,Inspirisys Solutions Limited,84.98999786376953,87.50649986267089,84.98999786376953,42.26509896035841,114.23961848405183,125.70402867760198,43.40912032513088
2026-09-30,2026-09-28,2026-10-02,2026-09-30,NSE,GOKUL,,Gokul Refoils and Solvent Limited,39.470001220703125,41.06049976348877,39.470001220703125,45.941057647605604,34.30906498200294,43.19215165555177,43.505778206483996
2026-09-30,2026-09-28,2026-10-02,2026-09-30,NSE,ASIANPAINT,,Asian Paints Limited,2420.0,2470.5850219726562,2420.0,38.44641897431148,2354.094987326168,2841.520259404322,39.376939184913695
2026-09-30,2026-09-28,2026-10-02,2026-09-30,NSE,DODLA,,Dodla Dairy Limited,1008.7000122070312,1065.679995727539,1008.7000122070312,38.70855150850101,1218.7472542240685,1144.8555781816826,44.29959743389172
2026-09-30,2026-09-28,2026-10-02,2026-09-30,NSE,EUROTEXIND,,Eurotex Industries and Exports Limited,12.920000076293945,12.882499933242798,12.920000076293945,44.25811991061669,10.37076911922265,18.90048568809656,45.25360016835934
2026-09-30,2026-09-28,2026-10-02,2026-09-30,NSE,ASIANTILES,,Asian Granito India Limited,50.15999984741211,50.31799964904785,50.15999984741211,41.22655426237436,64.04289833691041,62.79565552139386,35.02497880577691
2026-09-30,2026-09-28,2026-10-02,2026-09-30,NSE,IEX,,Indian Energy Exchange Limited,111.3499984741211,115.02449951171874,111.3499984741211,36.655455679571375,127.40978973809315,132.4447159686646,30.77229913254689
2026-09-30,2026-09-28,2026-10-02,2026-09-30,NSE,NSIL,,Nalwa Sons Investments Limited,5398.5,5567.9,5398.5,41.74970800027058,6115.798774238672,5750.473371032824,50.38405749894655
2026-09-30,2026-09-28,2026-10-02,2026-09-30,NSE,NECLIFE,,Nectar Lifesciences Limited,10.720000267028809,11.474499988555909,10.720000267028809,42.601214860731865,8.715134131930965,12.62630563848124,30.104375388109162
2026-09-30,2026-09-28,2026-10-02,2026-09-30,NSE,AEROFLEX,,Aeroflex Industries Limited,513.4000244140625,533.6900085449219,513.4000244140625,62.45564443951469,399.1798501721721,570.6371757553592,75.83097109005604
2026-09-30,2026-09-28,2026-10-02,2026-09-30,NSE,PRUDMOULI,,Prudential Sugar Corporation Limited,13.930000305175781,15.376500034332276,13.930000305175781,40.1951890096836,17.860376243489974,16.948859320437847,29.61903115973891
2026-09-30,2026-09-28,2026-10-02,2026-09-30,NSE,GRAVITA,,Gravita India Limited,1475.4000244140625,1631.6,1475.4000244140625,39.47481495307771,1462.8915641702524,1896.9395778092257,36.42755095995058
2026-09-30,2026-09-28,2026-10-02,2026-09-30,NSE,CONSOFINVT,,Consolidated Finvest & Holdings Limited,276.1000061035156,292.5550018310547,276.1000061035156,57.0567373579379,236.61457461559544,320.8806806528625,59.42541551888559
2026-09-30,2026-09-28,2026-10-02,2026-09-30,NSE,GOLDIAM,,Goldiam International Limited,312.6000061035156,329.60499877929686,312.6000061035156,46.092528706159925,258.8698419742309,390.8051547963364,53.43842261518535
2026-09-30,2026-09-29,2026-10-02,2026-09-30,NSE,ARTEMISMED,,Artemis Medicare Services Limited,366.6000061035156,340.22249908447264,366.6000061035156,76.61004505355343,278.5554315623609,369.87603529128666,62.17161957476659
2026-09-30,2026-09-28,2026-10-02,2026-09-30,NSE,GSFC,,Gujarat State Fertilizers & Chemicals Limited,153.0399932861328,156.34750061035157,153.0399932861328,40.833556761623704,176.57120347981055,168.4799788007439,36.51343041355387
2026-09-30,2026-09-28,2026-10-02,2026-09-30,NSE,RCF,,Rashtriya Chemicals and Fertilizers Limited,109.94999694824219,111.1429988861084,109.94999694824219,34.95740859822094,127.24774254145662,140.36070378279678,34.9610628587826
2026-09-30,2026-09-28,2026-10-02,2026-09-30,NSE,MAXHEALTH,,Max Healthcare Institute Limited,1000.0999755859375,1024.8799957275392,1000.0999755859375,44.8041782891145,944.3425914946877,1149.7372807869885,49.16148182378701
2026-09-30,2026-09-28,2026-10-02,2026-09-30,NSE,BANKBARODA,,Bank of Baroda,227.5,235.83800048828124,227.5,32.13209969255247,258.0037168644858,281.7394381419631,42.49476384068605
2026-09-30,2026-09-28,2026-10-02,2026-09-30,NSE,BPCL,,Bharat Petroleum Corporation Limited,302.25,309.4125,302.25,44.02870178405523,348.3001629349823,324.82585064856687,42.58503918559536
2026-09-30,2026-09-28,2026-10-02,2026-09-30,NSE,KICL,,Kalyani Investment Company Limited,4869.5,5028.5,4869.5,42.74481500501043,4600.470155062329,5685.01093303583,42.693327032392126
2026-09-30,2026-09-28,2026-10-02,2026-09-30,NSE,ROSSARI,,Rossari Biotech Limited,440.3999938964844,449.9024993896484,440.3999938964844,37.499573977087756,399.8476971468724,568.562991258708,28.55963365779735
2026-09-30,2026-09-28,2026-10-02,2026-09-30,NSE,ANMOL,,Anmol India Limited,13.619999885559082,13.293000173568725,13.619999885559082,56.78040788055578,9.719359895647127,14.947735198731547,34.84658369476671
2026-09-30,2026-09-28,2026-10-02,2026-09-30,NSE,AXITA,,Axita Cotton Limited,7.900000095367432,7.9854999542236325,7.900000095367432,48.59412230326988,8.525789332738572,8.257995558602781,30.88075196489443
2026-09-30,2026-09-28,2026-10-02,2026-09-30,NSE,NOVAAGRI,,Nova Agritech Limited,22.479999542236328,23.064000034332274,22.479999542236328,33.8265535404977,28.780206880794392,28.157824301500984,29.867022430896228
2026-09-30,2026-09-28,2026-10-02,2026-09-30,NSE,RAYMONDLSL,,Raymond Lifestyle Limited,672.0,669.0825012207031,672.0,38.755389298053274,825.9095601458644,813.6385816366145,21.39367173232357
2026-09-30,2026-09-28,2026-10-02,2026-09-30,NSE,AZAD,,Azad Engineering Limited,2723.199951171875,2760.3550048828124,2723.199951171875,63.4896081546934,2143.9507966817987,3059.761716533986,67.77747695192085
2026-09-30,2026-09-28,2026-10-02,2026-09-30,NSE,BOROSCI,,Borosil Scientific Limited,114.12999725341797,123.39349899291992,114.12999725341797,38.1773303144305,148.16510725109708,173.49562893114876,38.75821055518717
2026-09-30,2026-09-28,2026-10-02,2026-09-30,NSE,FINOPB,,Fino Payments Bank Limited,127.2300033569336,136.17899971008302,127.2300033569336,37.34985812593343,163.76404584021202,169.64609920713605,27.84782042630978
2026-09-30,2026-09-28,2026-10-02,2026-09-30,NSE,BOROLTD,,Borosil Limited,280.79998779296875,257.40800018310546,280.79998779296875,62.54737605478562,286.46882024174766,273.5823389361259,44.004377557461595
2026-09-30,2026-09-28,2026-10-02,2026-09-30,NSE,FIRSTCRY,,Brainbees Solutions Limited,184.72000122070312,174.81000137329102,184.72000122070312,35.210069988735015,222.6010376031166,242.02085195600867,19.60350621066563
2026-09-30,2026-09-28,2026-10-02,2026-09-30,NSE,WEL,,Wonder Electricals Limited,73.72000122070312,75.02450027465821,73.72000122070312,35.70766946418165,122.25168321018846,141.0360372089565,38.68882749611337
2026-09-30,2026-09-28,2026-10-02,2026-09-30,NSE,EMIL,,Electronics Mart India Limited,192.88999938964844,186.11750183105468,192.88999938964844,69.46055351519627,142.52737817856246,216.76078623527206,56.53637233018863
2026-09-30,2026-09-28,2026-10-02,2026-09-30,NSE,HINDUNILVR,,Hindustan Unilever Limited,1896.0,1948.2000061035155,1896.0,27.12995304762981,2117.248966724621,2281.060327912606,29.76931204920136
2026-09-30,2026-09-28,2026-10-02,2026-09-30,NSE,HUDCO,,Housing & Urban Development Corporation Limited,168.66000366210938,174.73050079345703,168.66000366210938,33.20641198839455,200.91732637487536,222.21708725228027,40.365442158399986
2026-09-30,2026-09-28,2026-10-02,2026-09-30,NSE,AJANTPHARM,,Ajanta Pharma Limited,3525.199951171875,3525.595007324219,3525.199951171875,62.440026610889596,3098.1713569035533,3803.8515067314593,59.77626018270734
2026-09-30,2026-09-28,2026-10-02,2026-09-30,NSE,BOMDYEING,,Bombay Dyeing & Mfg Company Limited,107.38999938964844,110.99799995422363,107.38999938964844,37.58829186106112,102.93989216008097,136.4995583434191,31.873064592244617
2026-09-30,2026-09-28,2026-10-02,2026-09-30,NSE,PRIMESECU,,Prime Securities Limited,301.8500061035156,288.5375030517578,301.8500061035156,57.90330300242885,242.3408673112279,306.47186397160715,55.13066504123351
2026-09-30,2026-09-28,2026-10-02,2026-09-30,NSE,BSHSL,,Bombay Super Hybrid Seeds Limited,84.98999786376953,88.10550041198731,84.98999786376953,40.53311848540178,71.75732161917237,97.0670787076563,32.22775944702785
2026-09-30,2026-09-28,2026-10-02,2026-09-30,NSE,QUINTEGRA,,Quintegra Solutions Limited,1.1699999570846558,1.1554999947547913,1.1699999570846558,37.56752171436912,1.4765859270603237,1.4868924589909818,42.90872339106929
2026-09-30,2026-09-28,2026-10-02,2026-09-30,NSE,ARVIND,,Arvind Limited,543.5999755859375,557.9649871826172,543.5999755859375,59.858787634517384,442.98272150609915,591.3602133686366,63.2453591046204
2026-09-30,2026-09-28,2026-10-02,2026-09-30,NSE,PTL,,PTL Enterprises Limited,37.900001525878906,38.28800010681152,37.900001525878906,41.31833014371693,36.83258735463269,42.34555386343803,42.54171182588115
2026-09-30,2026-09-28,2026-10-02,2026-09-30,NSE,ARVSMART,,Arvind SmartSpaces Limited,615.75,606.0425018310547,615.75,51.185286451882774,534.9489272390812,671.5018145039971,43.640731799326446
2026-09-30,2026-09-28,2026-10-02,2026-09-30,NSE,AERONEU,,Aeroflex Neu Limited,75.18000030517578,73.0419994354248,75.18000030517578,44.105556567707666,66.412434808462,98.42586914531778,46.69686532682146
2026-09-30,2026-09-28,2026-10-02,2026-09-30,NSE,SOTL,,Savita Oil Technologies Limited,699.2999877929688,714.709994506836,699.2999877929688,62.33533300705686,480.62009972056296,812.5955382774981,65.75847766055031
2026-09-30,2026-09-28,2026-10-02,2026-09-30,NSE,RELINFRA,,Reliance Infrastructure Limited,44.29999923706055,52.30550003051758,44.29999923706055,29.428668259045395,59.91855573901087,88.57924459325818,30.193491236260684
2026-09-30,2026-09-28,2026-10-02,2026-09-30,NSE,GAEL,,Gujarat Ambuja Exports Limited,160.47000122070312,163.61700057983398,160.47000122070312,52.153300688467326,136.67988806254493,177.09378333182218,59.369930706608066
2026-09-30,2026-09-28,2026-10-02,2026-09-30,NSE,KARURVYSYA,,Karur Vysya Bank Limited,320.75,334.3375,320.75,53.68534870959403,295.78681610730206,362.28510422798104,65.82936459111457
2026-09-30,2026-09-28,2026-10-02,2026-09-30,NSE,UNIENTER,,Uniphos Enterprises Limited,89.06999969482422,91.70699996948242,89.06999969482422,28.648229159860023,107.24174796230417,112.91281210572843,25.02337349857953
2026-09-30,2026-09-28,2026-10-02,2026-09-30,NSE,CEWATER,,Concord Enviro Systems Limited,258.25,270.5625,258.25,40.28303953424667,347.146674590286,353.61366350872356,29.52934089835729
2026-09-30,2026-09-28,2026-10-02,2026-09-30,NSE,HINDALCO,,Hindalco Industries Limited,955.9000244140625,991.765005493164,955.9000244140625,45.52710194495517,923.918994178937,1116.361696194273,55.30247944188688
2026-09-30,2026-09-28,2026-10-02,2026-09-30,NSE,TVTODAY,,TV Today Network Limited,105.05999755859375,108.70399932861328,105.05999755859375,38.65221829253952,93.26427167834093,127.11247281355932,25.448784936902072
2026-09-30,2026-09-28,2026-10-02,2026-09-30,NSE,IFCI,,IFCI Limited,70.55000305175781,83.58300018310547,70.55000305175781,47.74295678518532,66.97127282804965,94.49644326660314,52.03114474317408
2026-09-30,2026-09-28,2026-10-02,2026-09-30,NSE,CINEVISTA,,Cinevista Limited,13.819999694824219,14.183499908447265,13.819999694824219,36.38219923360697,17.96022563938245,16.49851262742513,37.686668670143604
2026-09-30,2026-09-28,2026-10-02,2026-09-30,NSE,JAMNAAUTO,,Jamna Auto Industries Limited,139.67999267578125,129.18800010681153,139.67999267578125,56.67578595467153,107.2973967459351,145.12846165434226,56.27833298269858
2026-09-30,2026-09-28,2026-10-02,2026-09-30,NSE,JASH,,Jash Engineering Limited,588.75,524.9175033569336,588.75,68.6120741539855,464.3020840360915,594.5083800287822,61.83107325536402
2026-09-30,2026-09-28,2026-10-02,2026-09-30,NSE,JUBLCPL,,Jubilant Agri and Consumer Products Limited,2117.300048828125,2158.2250122070313,2117.300048828125,52.670693245431124,1595.767796863433,2372.166471085764,59.06404780268448
2026-09-30,2026-09-28,2026-10-02,2026-09-30,NSE,RETAIL,,JHS Svendgaard Retail Ventures Limited,24.06999969482422,17.686000061035156,24.06999969482422,63.37093444693967,24.530967833011807,21.805941089614077,37.37734788075054
2026-09-30,2026-09-28,2026-10-02,2026-09-30,NSE,MAXESTATES,,Max Estates Limited,571.8499755859375,562.4325012207031,571.8499755859375,68.79929362591633,459.0319096575485,606.6204569312617,54.14177710153441
2026-09-30,2026-09-28,2026-10-02,2026-09-30,NSE,VLEGOV,,VL E-Governance & IT Solutions Limited,10.34000015258789,10.335499954223632,10.34000015258789,37.21410633592182,13.12675680256772,14.572695944633079,24.342099548318984
2026-09-30,2026-09-28,2026-10-02,2026-09-30,NSE,DGCONTENT,,Digicontent Limited,23.3700008392334,24.28450002670288,23.3700008392334,40.12120036324402,32.195410730395636,28.15158400629389,40.313898625757844
2026-09-30,2026-09-28,2026-10-02,2026-09-30,NSE,GODIGIT,,Go Digit General Insurance Limited,263.25,252.99750061035155,263.25,40.43303301623397,299.0243522128906,329.4413303109244,34.35996187715881
2026-09-30,2026-09-28,2026-10-02,2026-09-30,NSE,ALIVUS,,Alivus Life Sciences Limited,1345.5,1387.365008544922,1345.5,64.82713511925589,1128.2761124580834,1500.753357541888,62.93357808419858
2026-09-30,2026-09-28,2026-10-02,2026-09-30,NSE,COHANCE,,Cohance Lifesciences Limited,453.29998779296875,449.0900024414062,453.29998779296875,50.80913863733437,347.9658128877615,471.6340893117125,33.32888886691322
2026-09-30,2026-09-28,2026-10-02,2026-09-30,NSE,DRCSYSTEMS,,DRC Systems India Limited,12.520000457763672,12.944000053405762,12.520000457763672,36.367251343598596,16.00742471040222,15.238051789396039,36.372563947907636
2026-09-30,2026-09-28,2026-10-02,2026-09-30,NSE,UNIVPHOTO,,Universus Photo Imagings Limited,524.2999877929688,537.2900009155273,524.2999877929688,61.33844615505509,387.53434027256316,584.3054303210436,58.3162328467691
2026-09-30,2026-09-28,2026-10-02,2026-09-30,NSE,CHEMCON,,Chemcon Speciality Chemicals Limited,220.80999755859375,214.57300033569337,220.80999755859375,63.15772911353854,175.84119870600506,224.79261348107008,49.61214510899391
2026-09-30,2026-09-28,2026-10-02,2026-09-30,NSE,HDFCBANK,,HDFC Bank Limited,719.0499877929688,716.1649963378907,719.0499877929688,36.51003209749379,793.5436394182378,821.7862509752805,38.48748452709193
2026-09-30,2026-09-28,2026-10-02,2026-09-30,NSE,MAYURUNIQ,,Mayur Uniquoters Ltd,717.0499877929688,736.0,717.0499877929688,50.9706653430407,614.3306896198944,851.6616625566512,56.58707482599215
2026-09-30,2026-09-28,2026-10-02,2026-09-30,NSE,SUZLON,,Suzlon Energy Limited,39.65999984741211,43.647999954223636,39.65999984741211,28.160584332960994,48.93791019245357,61.56982080558858,33.878220187964686
2026-09-30,2026-09-28,2026-10-02,2026-09-30,NSE,TREEHOUSE,,Tree House Education & Accessories Limited,5.880000114440918,6.043499994277954,5.880000114440918,36.479608836989186,5.82636590045956,7.126097751283065,24.34648737385325
2026-09-30,2026-09-28,2026-10-02,2026-09-30,NSE,DHAMPURSUG,,Dhampur Sugar Mills Limited,172.4199981689453,165.8279998779297,172.4199981689453,60.85372346715113,131.86527551577004,182.6138805076964,47.234907577315745
2026-09-30,2026-09-28,2026-10-02,2026-09-30,NSE,ESCORTS,,Escorts Kubota Limited,2740.699951171875,2890.464978027344,2740.699951171875,36.386082063588525,3192.4697479907218,3145.2584949980355,36.30563369513921
2026-09-30,2026-09-28,2026-10-02,2026-09-30,NSE,GTL,,GTL Limited,6.940000057220459,7.101999974250793,6.940000057220459,42.17582192814417,6.0224194448123995,8.316305594352633,34.77496958783061
2026-09-30,2026-09-28,2026-10-02,2026-09-30,NSE,IVP,,IVP Limited,229.16000366210938,217.0800003051758,229.16000366210938,78.71553986297647,184.11149737079054,229.1968497044886,58.68045874441326
2026-09-30,2026-09-28,2026-10-02,2026-09-30,NSE,VIJAYA,,Vijaya Diagnostic Centre Limited,1501.4000244140625,1505.6149963378907,1501.4000244140625,64.37351031788612,1213.1969567064932,1579.582800958015,68.52622355280337
2026-09-30,2026-09-28,2026-10-02,2026-09-30,NSE,SUNPHARMA,,Sun Pharmaceutical Industries Limited,1838.0,1868.8000061035157,1838.0,48.51176089040235,1766.087246482927,1991.6602800720977,48.478881922479374
2026-09-30,2026-09-28,2026-10-02,2026-09-30,NSE,PARAS,,Paras Defence and Space Technologies Limited,1315.0,1397.5849975585938,1315.0,59.26770140090692,1047.724418391816,1627.881049381582,59.17986721774372
2026-09-30,2026-09-28,2026-10-02,2026-09-30,NSE,ADOR,,Ador Welding Limited,1611.699951171875,1626.2199951171874,1611.699951171875,70.85837908996913,1339.6024875024725,1807.6918227141193,61.547578627575724
2026-09-30,2026-09-28,2026-10-02,2026-09-30,NSE,NELCO,,NELCO Limited,916.4500122070312,956.9974945068359,916.4500122070312,53.45044420970774,729.9715723015611,1107.975771944095,50.5364449955473
2026-09-30,2026-09-28,2026-10-02,2026-09-30,NSE,FCL,,Fineotex Chemical Limited,57.400001525878906,55.32400016784668,57.400001525878906,74.08696818843772,41.60210594805051,60.52216504498345,68.5092037316756
2026-09-30,2026-09-28,2026-10-02,2026-09-30,NSE,RIIL,,Reliance Industrial Infrastructure Limited,685.5999755859375,718.7675048828125,685.5999755859375,38.827882291956556,656.1950164780335,846.6813366356747,33.26618550226759
2026-09-30,2026-09-28,2026-10-02,2026-09-30,NSE,MUTHOOTMF,,Muthoot Microfin Limited,178.83999633789062,192.98399963378907,178.83999633789062,40.302111412478965,229.10839689646087,250.8529047068588,44.47526292594588
2026-09-30,2026-09-28,2026-10-02,2026-09-30,NSE,GRASIM,,Grasim Industries Limited,3150.0,3237.7199829101564,3150.0,52.970718637947435,2915.870440675899,3347.659768294823,56.48824405436556
2026-09-30,2026-09-28,2026-10-02,2026-09-30,NSE,GILLANDERS,,Gillanders Arbuthnot & Company Limited,107.37999725341797,104.49750022888183,107.37999725341797,61.74169435506871,81.8008374683825,109.38634726621703,56.500026528452764
2026-09-30,2026-09-28,2026-10-02,2026-09-30,NSE,NIBL,,NRB Industrial Bearings Limited,31.649999618530273,31.493000030517578,31.649999618530273,50.05085283683644,24.042116262074195,35.782598018771246,48.5675916916081
2026-09-30,2026-09-28,2026-10-02,2026-09-30,NSE,JAGSNPHARM,,Jagsonpal Pharmaceuticals Limited,241.02000427246094,234.3925003051758,241.02000427246094,61.56313238024133,188.85749546497763,250.6240040970139,58.69624193050609
2026-09-30,2026-09-28,2026-10-02,2026-09-30,NSE,VHLTD,,Viceroy Hotels Limited,128.27999877929688,122.55200004577637,128.27999877929688,49.501449768823264,112.25216448669298,144.22566884317743,46.72707826090179
2026-09-30,2026-09-28,2026-10-02,2026-09-30,NSE,NAVINFLUOR,,Navin Fluorine International Limited,8432.5,8519.45,8432.5,71.72141141391947,7275.612863065794,8960.466320091287,79.42256337316392
2026-09-30,2026-09-28,2026-10-02,2026-09-30,NSE,HIMATSEIDE,,Himatsingka Seide Limited,66.12999725341797,67.5370008468628,66.12999725341797,33.35441574332772,82.9644491994601,91.48493142017755,36.18315604151721
2026-09-30,2026-09-28,2026-10-02,2026-09-30,NSE,WOCKPHARMA,,Wockhardt Limited,2187.60009765625,2137.085009765625,2187.60009765625,63.707233514835195,1667.836939780208,2268.465607864169,68.05893501182896
2026-09-30,2026-09-28,2026-10-02,2026-09-30,NSE,NAHARCAP,,Nahar Capital and Financial Services Limited,243.75,254.04099807739257,243.75,44.549103830341785,277.5513988551461,264.2587618702732,43.93476558531239
2026-09-30,2026-09-28,2026-10-02,2026-09-30,NSE,SBC,,SBC Exports Limited,53.540000915527344,47.77600021362305,53.540000915527344,80.88581311459859,43.519715332607475,52.230652675623816,83.18548351881256
2026-09-30,2026-09-28,2026-10-02,2026-09-30,NSE,KPITTECH,,KPIT Technologies Limited,509.0,551.0074981689453,509.0,28.896657211212883,633.8061964099672,809.5369121993047,23.218308906852513
2026-09-30,2026-09-28,2026-10-02,2026-09-30,NSE,PAR,,Par Drugs And Chemicals Limited,130.0500030517578,140.20500106811522,130.0500030517578,61.289055866720005,82.70929783175168,146.75463654135604,43.53336583532959
2026-09-30,2026-09-28,2026-10-02,2026-09-30,NSE,ETHOSLTD,,Ethos Limited,2518.199951171875,2691.0699951171873,2518.199951171875,46.65304476190202,2198.7365238825405,2899.1780183277724,42.88935584526347
2026-09-30,2026-09-28,2026-10-02,2026-09-30,NSE,PPL,,Prakash Pipes Limited,250.85000610351562,269.6824981689453,250.85000610351562,48.996757644388225,207.65105598290967,303.34403473303036,31.75297815863803
2026-09-30,2026-09-28,2026-10-02,2026-09-30,NSE,ELIN,,Elin Electronics Limited,87.29000091552734,92.31599960327148,87.29000091552734,32.4120730486773,114.61208144400746,117.10335666223735,30.30444022712014
2026-09-30,2026-09-28,2026-10-02,2026-09-30,NSE,BBTC,,The Bombay Burmah Trading Corporation Limited,1415.699951171875,1460.8749938964843,1415.699951171875,41.49005001914473,1658.153378442121,1586.880747301491,27.272741216190227
2026-09-30,2026-09-28,2026-10-02,2026-09-30,NSE,IVC,,IL&FS Investment Managers Limited,7.809999942779541,8.779500007629395,7.809999942779541,46.20792190678725,6.950488867316945,9.436563460199373,37.593052023538576
2026-09-30,2026-09-28,2026-10-02,2026-09-30,NSE,BALAMINES,,Balaji Amines Limited,2153.89990234375,2286.3049926757812,2153.89990234375,56.38420676518341,1668.5619099939315,2503.2303981270147,54.56169822208927
2026-09-30,2026-09-28,2026-10-02,2026-09-30,NSE,RML,,Rane (Madras) Limited,1325.9000244140625,1307.8850036621093,1325.9000244140625,66.14313332927976,965.780473184278,1434.1270088754625,60.95480427786565
2026-09-30,2026-09-28,2026-10-02,2026-09-30,NSE,VSSL,,Vardhman Special Steels Limited,407.75,388.49500274658203,407.75,81.37684272321653,314.95318738025765,425.25167422665857,64.16280737611727
2026-09-30,2026-09-28,2026-10-02,2026-09-30,NSE,VAKRANGEE,,Vakrangee Limited,5.179999828338623,5.460000014305114,5.179999828338623,29.075529839501243,4.969855684486534,6.723221587255884,24.141099228619566
2026-09-30,2026-09-28,2026-10-02,2026-09-30,NSE,WINDMACHIN,,Windsor Machines Limited,300.25,301.7324981689453,300.25,52.259220462856604,234.0328175793254,324.26617468736885,57.21110854322539
2026-09-30,2026-09-28,2026-10-02,2026-09-30,NSE,CAMLINFINE,,Camlin Fine Sciences Limited,95.4000015258789,100.2495002746582,95.4000015258789,32.16202697795612,123.76736576949051,148.57928175453347,46.40503605932993
2026-09-30,2026-09-28,2026-10-02,2026-09-30,NSE,BESTAGRO,,Best Agrolife Limited,17.690000534057617,18.766000080108643,17.690000534057617,48.32257220481427,13.13914413438781,20.3728459763512,40.872397938864644
2026-09-30,2026-09-28,2026-10-02,2026-09-30,NSE,INDHOTEL,,The Indian Hotels Company Limited,711.0,724.4375030517579,711.0,51.07476196074465,646.6920528498342,769.5158100964704,52.26282176339092
2026-09-30,2026-09-28,2026-10-02,2026-09-30,NSE,IRFC,,Indian Railway Finance Corporation Limited,78.55000305175781,80.95849990844727,78.55000305175781,25.307418788494957,88.59764950745138,101.12759962306127,28.60850644710257
2026-09-30,2026-09-28,2026-10-02,2026-09-30,NSE,ODIGMA,,Odigma Consultancy Solutions Limited,20.8700008392334,21.90949993133545,20.8700008392334,37.0504245781455,26.278467966352153,26.293970830418488,26.70340908812122
2026-09-30,2026-09-28,2026-10-02,2026-09-30,NSE,VIPIND,,VIP Industries Limited,296.25,302.5925003051758,296.25,41.491691430988745,351.7182292882111,323.4097528636544,31.982257772504
2026-09-30,2026-09-28,2026-10-02,2026-09-30,NSE,ABREL,,Aditya Birla Real Estate Limited,1191.5,1284.7650024414063,1191.5,35.891407401354925,1475.4243908061405,1496.0399470418988,32.107127779511885
2026-09-30,2026-09-28,2026-10-02,2026-09-30,NSE,KEEPLEARN,,DSJ Keep Learning Limited,1.8700000047683716,1.8760000050067902,1.8700000047683716,42.408443271938246,2.6249258329402068,2.0869279656647266,24.873403899369805
2026-09-30,2026-09-28,2026-10-02,2026-09-30,NSE,CYIENTDLM,,Cyient DLM Limited,917.9500122070312,903.2125091552734,917.9500122070312,86.69228801821684,685.5121898948155,1021.4774305274442,68.62588196228889
2026-09-30,2026-09-28,2026-10-02,2026-09-30,NSE,REFEX,,Refex Industries Limited,275.79998779296875,277.3099990844727,275.79998779296875,45.13155889172748,267.71116100746116,356.83518231502967,36.053208303539
2026-09-30,2026-09-28,2026-10-02,2026-09-30,NSE,SANOFI,,Sanofi India Limited,3103.5,3112.319970703125,3103.5,35.685271763131965,3502.7176347256623,3489.476343989184,25.51694469734136
2026-09-30,2026-09-28,2026-10-02,2026-09-30,NSE,ZENITHEXPO,,Zenith Exports Limited,203.0,201.72650070190429,203.0,47.44913322987455,239.91611490290865,217.12136985524668,43.145999247984406
2026-09-30,2026-09-28,2026-10-02,2026-09-30,NSE,CIPLA,,Cipla Limited,1383.699951171875,1383.9149963378907,1383.699951171875,47.24782379884193,1275.6298068770407,1478.3874520524703,41.62551800952304
2026-09-30,2026-09-28,2026-10-02,2026-09-30,NSE,SIMPLEXINF,,Simplex Infrastructures Limited,241.10000610351562,255.2375015258789,241.10000610351562,48.24547141113152,185.44455582795342,281.8283835600083,50.058166342480725
2026-09-30,2026-09-28,2026-10-02,2026-09-30,NSE,LAOPALA,,La Opala RG Limited,155.8800048828125,163.88600006103516,155.8800048828125,33.786018210667336,192.1243619234657,196.4061601325277,25.714921797233885
2026-09-30,2026-09-28,2026-10-02,2026-09-30,NSE,HINDWAREAP,,Hindware Home Innovation Limited,170.33999633789062,177.58199920654297,170.33999633789062,32.55539152544402,219.05445045190964,271.49272433711116,38.094493198121135
2026-09-30,2026-09-28,2026-10-02,2026-09-30,NSE,RATNAVEER,,Ratnaveer Precision Engineering Limited,330.95001220703125,306.3125,330.95001220703125,79.64636962401946,233.9112725581653,345.0932962663346,72.4810932853719
2026-09-30,2026-09-28,2026-10-02,2026-09-30,NSE,SBGLP,,Suratwwala Business Group Limited,23.670000076293945,23.261999797821044,23.670000076293945,42.17310124206515,31.943266740949,27.15904822208265,28.884758248921756
2026-09-30,2026-09-28,2026-10-02,2026-09-30,NSE,HPIL,,Hindprakash Industries Limited,115.4000015258789,119.85799980163574,115.4000015258789,35.367001906534725,141.50169392161285,134.14277226416073,38.490308247390324
2026-09-30,2026-09-28,2026-10-02,2026-09-30,NSE,LIKHITHA,,Likhitha Infrastructure Limited,228.6300048828125,216.92300186157226,228.6300048828125,55.09982438190836,193.2248462740722,260.4324507172661,41.78862182425679
2026-09-30,2026-09-28,2026-10-02,2026-09-30,NSE,NAVNETEDUL,,Navneet Education Limited,121.7300033569336,127.63950080871582,121.7300033569336,32.63612492759026,144.3575264102929,153.16822493910644,38.01867881506279
2026-09-30,2026-09-28,2026-10-02,2026-09-30,NSE,KHANDSE,,Khandwala Securities Limited,17.5,17.696000003814696,17.5,47.61308728771203,21.55497778715486,18.52173295738972,33.93955259354232
2026-09-30,2026-09-28,2026-10-02,2026-09-30,NSE,FLEXITUFF,,Flexituff Ventures International Limited,2.869999885559082,2.419500005245209,2.869999885559082,25.173348992638566,3.8622560601591376,8.05974857968011,17.07605101303679
2026-09-30,2026-09-28,2026-10-02,2026-09-30,NSE,DEVIT,,Dev Information Technology Limited,22.15999984741211,23.676499938964845,22.15999984741211,31.711268984115407,29.154869803348966,30.009514293748264,26.304798179613385
2026-09-30,2026-09-28,2026-10-02,2026-09-30,NSE,INDIANCARD,,Indian Card Clothing Company Limited,189.69000244140625,210.4290008544922,189.69000244140625,36.99176029570367,165.73951997890475,235.76933282268277,41.6805667317957
2026-09-30,2026-09-28,2026-10-02,2026-09-30,NSE,FORTIS,,Fortis Healthcare Limited,830.75,890.8024932861329,830.75,34.647244328782875,811.5162579375118,1015.9676466977104,53.96791113844179
2026-09-30,2026-09-28,2026-10-02,2026-09-30,NSE,SBIN,,State Bank of India,962.0,997.765005493164,962.0,39.899257831093436,1082.5270236016781,1092.802426039278,52.585094308239725
2026-09-30,2026-09-28,2026-10-02,2026-09-30,NSE,ALICON,,Alicon Castalloy Limited,716.8499755859375,711.6350006103515,716.8499755859375,52.223750251292195,774.8469581013157,759.6477953584834,35.69127695769785
2026-09-30,2026-09-28,2026-10-02,2026-09-30,NSE,POCL,,Pondy Oxides & Chemicals Limited,452.6499938964844,466.8975006103516,452.6499938964844,40.97680098164387,413.1876349215633,587.6833959273551,50.0678992796901
2026-09-30,2026-09-28,2026-10-02,2026-09-30,NSE,EQUITASBNK,,Equitas Small Finance Bank Limited,66.0199966430664,72.11599884033203,66.0199966430664,41.56028597522287,62.53689689287693,82.02932839152746,45.92872197918135
2026-09-30,2026-09-28,2026-10-02,2026-09-30,NSE,TRIDENT,,Trident Limited,22.93000030517578,23.47550001144409,22.93000030517578,35.703002215111084,25.871246644600397,26.624730153739854,34.00730260757632
2026-09-30,2026-09-28,2026-10-02,2026-09-30,NSE,AEROENTER,,Aeroflex Enterprises Limited,121.66000366210938,132.66899909973145,121.66000366210938,52.28246314252183,99.91462007617704,152.31682096758354,51.47862266405412
2026-09-30,2026-09-28,2026-10-02,2026-09-30,NSE,TPHQ,,Teamo Productions HQ Limited,0.5,0.5284999936819077,0.5,47.947102515818464,0.39774450009830387,0.595668133275659,40.458243379615055
2026-09-30,2026-09-28,2026-10-02,2026-09-30,NSE,INDGN,,Indegene Limited,613.2999877929688,592.7749969482422,613.2999877929688,68.24726068156603,508.72486459078493,622.7135922673409,51.21203244618108
2026-09-30,2026-09-28,2026-10-02,2026-09-30,NSE,EICHERMOT,,Eicher Motors Limited,7213.5,7559.825,7213.5,43.93273247075851,8092.580797467263,8182.284442643941,58.547816219719664
2026-09-30,2026-09-28,2026-10-02,2026-09-30,NSE,HAL,,Hindustan Aeronautics Limited,4738.0,4830.455029296875,4738.0,54.87956975015662,4368.2207699478595,5141.0445936226715,53.96539320501116
2026-09-30,2026-09-28,2026-10-02,2026-09-30,NSE,WONDERLA,,Wonderla Holidays Limited,505.54998779296875,519.9899993896485,505.54998779296875,49.402513482916184,544.0125323888158,539.815822561443,29.231677761619636
2026-09-30,2026-09-28,2026-10-02,2026-09-30,NSE,INOXWIND,,Inox Wind Limited,72.0,74.81099929809571,72.0,31.774796616698282,89.01916474057933,95.44397210843202,25.984803028195827
2026-09-30,2026-09-28,2026-10-02,2026-09-30,NSE,CGPOWER,,CG Power and Industrial Solutions Limited,865.0,891.7399993896485,865.0,51.827777689955155,763.8648964953572,952.474834735434,55.15333777835614
2026-09-30,2026-09-28,2026-10-02,2026-09-30,NSE,CANTABIL,,Cantabil Retail India Limited,230.6699981689453,239.289501953125,230.6699981689453,44.51131885040949,270.1682487960921,262.92145985155895,47.17219539519996
2026-09-30,2026-09-28,2026-10-02,2026-09-30,NSE,GLAND,,Gland Pharma Limited,2896.0,2920.2199829101564,2896.0,69.73247169159757,2422.283635787329,3151.198376293849,71.63708129696647
2026-09-30,2026-09-28,2026-10-02,2026-09-30,NSE,EMBDL,,Embassy Developments Limited,56.029998779296875,57.32899971008301,56.029998779296875,43.9276425171443,47.12248039284112,67.05574344350872,38.822742029437165
2026-09-30,2026-09-28,2026-10-02,2026-09-30,NSE,ECOSMOBLTY,,Ecos (India) Mobility & Hospitality Limited,106.36000061035156,110.4510009765625,106.36000061035156,34.297451255484646,138.34633681487128,145.32718970343979,26.427644445547628
2026-09-30,2026-09-28,2026-10-02,2026-09-30,NSE,OSIAHYPER,,Osia Hyper Retail Limited,2.2899999618530273,2.3550000309944155,2.2899999618530273,28.134598560941114,3.2571074258178934,3.9311393478221546,18.51949031929476
2026-09-30,2026-09-28,2026-10-02,2026-09-30,NSE,SHREECEM,,SHREE CEMENT LIMITED,22170.0,22744.25,22170.0,31.27955564746253,25535.960695000274,27650.36225912445,39.081371117132704
2026-09-30,2026-09-28,2026-10-02,2026-09-30,NSE,JAICORPLTD,,Jai Corp Limited,92.18000030517578,95.88099975585938,92.18000030517578,33.5867671237865,111.22027262096984,122.9369473771,25.272029959217363
2026-09-30,2026-09-28,2026-10-02,2026-09-30,NSE,INSECTICID,,Insecticides (India) Limited,598.3499755859375,606.7649963378906,598.3499755859375,38.4958125460838,594.8480581044496,744.0345892041543,41.57208121255876
2026-09-30,2026-09-28,2026-10-02,2026-09-30,NSE,BILVYAPAR,,BIL VYAPAR LIMITED,4.480000019073486,4.133500027656555,4.480000019073486,42.229009117106685,5.259402764785717,4.6919244778150615,32.10611377936898
2026-09-30,2026-09-28,2026-10-02,2026-09-30,NSE,MENONBE,,Menon Bearings Limited,290.8500061035156,302.17249908447263,290.8500061035156,68.81776920081901,199.60465616413643,345.7128458196164,80.669914912341
2026-09-30,2026-09-28,2026-10-02,2026-09-30,NSE,UGARSUGAR,,The Ugar Sugar Works Limited,62.290000915527344,55.191499900817874,62.290000915527344,75.88146460073062,42.2985677019137,63.395362059050385,48.61810155443396
2026-09-30,2026-09-28,2026-10-02,2026-09-30,NSE,APCL,,Anjani Portland Cement Limited,94.63999938964844,98.01250038146972,94.63999938964844,32.85766423241843,118.15975889999906,121.06276814177063,32.92884944205696
2026-09-30,2026-09-28,2026-10-02,2026-09-30,NSE,EPIGRAL,,Epigral Limited,1038.0,1140.1100036621094,1038.0,42.652719966845815,969.2577157520222,1252.9664555468466,33.8050163849738
2026-09-30,2026-09-28,2026-10-02,2026-09-30,NSE,SUNDRMBRAK,,Sundaram Brake Linings Limited,698.7999877929688,712.2974914550781,698.7999877929688,46.72381257251176,592.1935642689148,875.3176653035964,45.05429739846485
2026-09-30,2026-09-28,2026-10-02,2026-09-30,NSE,ASALCBR,,Associated Alcohols & Breweries Ltd.,641.5499877929688,674.6675018310547,641.5499877929688,29.45701938917115,783.322401853729,914.2978576504592,42.49188681466858
2026-09-30,2026-09-28,2026-10-02,2026-09-30,NSE,SONACOMS,,Sona BLW Precision Forgings Limited,807.9000244140625,799.1000030517578,807.9000244140625,70.09648833047373,693.0901236482802,898.3074920354959,60.35825521762966
2026-09-30,2026-09-28,2026-10-02,2026-09-30,NSE,COMSYN,,Commercial Syn Bags Limited,280.8500061035156,297.52249908447266,280.8500061035156,68.72907334006113,206.23504731307,339.75992143944075,84.52682535560608
2026-09-30,2026-09-28,2026-10-02,2026-09-30,NSE,PRAJIND,,Praj Industries Limited,311.95001220703125,324.20749816894534,311.95001220703125,40.78594885841162,309.2036495923502,375.79689867554185,31.54657327985811
2026-09-30,2026-09-28,2026-10-02,2026-09-30,NSE,PARACABLES,,Paramount Communications Limited,56.349998474121094,63.01000118255615,56.349998474121094,47.09480022585932,45.05977890145169,72.87881694839511,43.97121625185174
2026-09-30,2026-09-28,2026-10-02,2026-09-30,NSE,WIPRO,,Wipro Limited,161.55999755859375,168.90499877929688,161.55999755859375,27.61140273828879,186.6961415480939,202.66053569119345,32.35580435775296
2026-09-30,2026-09-28,2026-10-02,2026-09-30,NSE,SICALLOG,,Sical Logistics Limited,89.13999938964844,97.43349952697754,89.13999938964844,47.955152544268,76.07867343379218,121.50654582161074,39.22341623630789
2026-09-30,2026-09-28,2026-10-02,2026-09-30,NSE,GMBREW,,GM Breweries Limited,966.5999755859375,929.9250030517578,966.5999755859375,54.739195507827716,870.8572152762151,978.1228227642557,50.82794000509579
2026-09-30,2026-09-28,2026-10-02,2026-09-30,NSE,HCG,,Healthcare Global Enterprises Limited,691.2000122070312,697.6500061035156,691.2000122070312,57.81503780941829,590.534497391772,737.0487200691026,63.7626554983844
2026-09-30,2026-09-28,2026-10-02,2026-09-30,NSE,SIYSIL,,Siyaram Silk Mills Limited,533.3499755859375,538.8800018310546,533.3499755859375,39.326562207680475,503.958048706531,676.2106124937045,50.15496540576122
2026-09-30,2026-09-28,2026-10-02,2026-09-30,NSE,IFBAGRO,,IFB Agro Industries Limited,844.0,877.3575012207032,844.0,40.99478792397063,1060.9863028149969,1049.8878553152815,51.49654316953971
2026-09-30,2026-09-28,2026-10-02,2026-09-30,NSE,GOCLCORP,,GOCL Corporation Limited,379.0,420.79500274658204,379.0,49.55912677482921,331.22541088750245,457.42896928306936,50.23514159454194
2026-09-30,2026-09-28,2026-10-02,2026-09-30,NSE,AMBUJACEM,,Ambuja Cements Limited,374.3500061035156,391.75500030517577,374.3500061035156,27.082981596047162,431.9138373161608,458.7047913029684,28.552535392567123
2026-09-30,2026-09-28,2026-10-02,2026-09-30,NSE,GATEWAY,,Gateway Distriparks Limited,51.880001068115234,53.07849941253662,51.880001068115234,38.43888986253865,59.92249415671479,61.5187673580239,27.81051429774176
2026-09-30,2026-09-28,2026-10-02,2026-09-30,NSE,ZAGGLE,,Zaggle Prepaid Ocean Services Limited,175.5500030517578,181.01650009155273,175.5500030517578,32.159538558868775,219.8386704443598,224.35896277376247,34.07684633177715
2026-09-30,2026-09-28,2026-10-02,2026-09-30,NSE,EASEMYTRIP,,Easy Trip Planners Limited,5.96999979019165,5.888999986648559,5.96999979019165,38.5557140826326,7.1301051736061085,8.173161955180273,28.217122063428164
2026-09-30,2026-09-28,2026-10-02,2026-09-30,NSE,NDRAUTO,,Ndr Auto Components Limited,721.5999755859375,720.7625030517578,721.5999755859375,42.76148278734786,627.9529052494565,895.4748043785676,44.818053026961095
2026-09-30,2026-09-28,2026-10-02,2026-09-30,NSE,SUPRIYA,,Supriya Lifescience Limited,984.75,909.307504272461,984.75,64.15355248480147,742.2795002495956,1030.298642199949,61.942776557323846
2026-09-30,2026-09-28,2026-10-02,2026-09-30,NSE,PAVNAIND,,Pavna Industries Limited,15.529999732971191,15.73949999809265,15.529999732971191,39.42394565872318,22.166389019837553,19.399498719038665,33.43787636122559
2026-09-30,2026-09-28,2026-10-02,2026-09-30,NSE,RBA,,Restaurant Brands Asia Limited,91.61000061035156,95.94550132751465,91.61000061035156,60.4874980929813,76.26022317990555,110.16261234372149,50.84331689515012
2026-09-30,2026-09-28,2026-10-02,2026-09-30,NSE,IRMENERGY,,IRM Energy Limited,265.3999938964844,275.2225006103516,265.3999938964844,48.00664525749939,217.61077141045797,295.748144525374,42.22356657630431
2026-09-30,2026-09-28,2026-10-02,2026-09-30,NSE,POWERINDIA,,Hitachi Energy India Limited,30260.0,31420.5,30260.0,47.862250622664725,27550.222724482905,37861.43570482673,60.32381088337151
2026-09-30,2026-09-28,2026-10-02,2026-09-30,NSE,WEIZMANIND,,Weizmann Limited,72.54000091552734,72.59000015258789,72.54000091552734,36.99358334533524,88.0758322201286,87.2409427737945,30.84323217971415
2026-09-30,2026-09-28,2026-10-02,2026-09-30,NSE,KOHINOOR,,Kohinoor Foods Limited,30.06999969482422,31.298000144958497,30.06999969482422,55.16146958538416,23.94107123790245,35.398658660465486,41.40935112822765
2026-09-30,2026-09-28,2026-10-02,2026-09-30,NSE,LLOYDSENT,,Lloyds Enterprises Limited,76.33000183105469,71.446000289917,76.33000183105469,54.894590053432374,62.6942038680343,83.86674805733062,59.19391501011003
2026-09-30,2026-09-28,2026-10-02,2026-09-30,NSE,TATASTEEL,,Tata Steel Limited,186.3000030517578,185.65799942016602,186.3000030517578,46.16693033912897,182.43923607061856,207.57338299944018,51.683129319559626
2026-09-30,2026-09-28,2026-10-02,2026-09-30,NSE,KOPRAN,,Kopran Limited,277.9700012207031,252.81799926757813,277.9700012207031,75.70448044213842,209.08304274387672,276.24536408813697,54.57736215242464
2026-09-30,2026-09-28,2026-10-02,2026-09-30,NSE,WEWIN,,WE WIN LIMITED,48.59000015258789,43.665499687194824,48.59000015258789,51.34313277844993,35.78149830434242,55.68900017595537,43.381226585961386
2026-09-30,2026-09-28,2026-10-02,2026-09-30,NSE,MOREPENLAB,,Morepen Laboratories Limited,120.70999908447266,116.50349960327148,120.70999908447266,87.94690610827489,85.17177227638533,135.08210702123813,69.21998385754947
2026-09-30,2026-09-28,2026-10-02,2026-09-30,NSE,THEMISMED,,Themis Medicare Limited,116.8499984741211,124.25250091552735,116.8499984741211,54.92082139924798,85.2025225412272,128.48259694599793,36.21812692992453
2026-09-30,2026-09-28,2026-10-02,2026-09-30,NSE,PLASTIBLEN,,Plastiblends India Limited,199.86000061035156,189.46399993896483,199.86000061035156,61.32867883089212,157.4836289068094,206.83240750793982,41.35138379403288
2026-09-30,2026-09-28,2026-10-02,2026-09-30,NSE,BALPHARMA,,Bal Pharma Limited,104.7699966430664,100.14499969482422,104.7699966430664,65.37817682889518,71.99196092799085,106.38001861960859,49.50653320789573
2026-09-30,2026-09-28,2026-10-02,2026-09-30,NSE,BANKINDIA,,Bank of India,129.99000549316406,139.74800033569335,129.99000549316406,34.45831415416586,153.52545895825682,149.43611882071409,50.44769559708601
2026-09-30,2026-09-28,2026-10-02,2026-09-30,NSE,RACE,,Race Eco Chain Limited,121.69999694824219,103.73350067138672,121.69999694824219,55.66488989195819,122.87092588815578,122.95737469786366,25.79641836241227
2026-09-30,2026-09-28,2026-10-02,2026-09-30,NSE,CHAMBLFERT,,Chambal Fertilizers & Chemicals Limited,418.45001220703125,416.65999908447264,418.45001220703125,39.6881230881964,470.2339658744145,490.1363854906569,42.85002069635663
2026-09-30,2026-09-28,2026-10-02,2026-09-30,NSE,THANGAMAYL,,Thangamayil Jewellery Limited,5011.5,5138.65,5011.5,50.67133391975873,4697.630832665572,6813.569340189691,62.44918254755532
2026-09-30,2026-09-28,2026-10-02,2026-09-30,NSE,ELECTCAST,,Electrosteel Castings Limited,72.3499984741211,77.27049980163574,72.3499984741211,44.75622797503613,65.25536767203579,83.07521728846753,28.16700628781514
2026-09-30,2026-09-28,2026-10-02,2026-09-30,NSE,KESORAMIND,,Kesoram Industries Limited,11.020000457763672,11.595500040054322,11.020000457763672,47.02150849531016,9.337054360161302,12.984543068609998,10.653609264431623
2026-09-30,2026-09-28,2026-10-02,2026-09-30,NSE,ANIKINDS,,Anik Industries Limited,43.029998779296875,44.121000099182126,43.029998779296875,42.932727844784125,52.0837135679671,46.97207552731807,42.7314053290839
2026-09-30,2026-09-28,2026-10-02,2026-09-30,NSE,RENUKA,,Shree Renuka Sugars Limited,22.90999984741211,23.803000068664552,22.90999984741211,44.81992887146696,21.701041478271097,24.857245774441047,26.947707736302448
2026-09-30,2026-09-28,2026-10-02,2026-09-30,NSE,AAKASH,,Aakash Exploration Services Limited,8.800000190734863,8.855000114440918,8.800000190734863,48.76307874479015,7.318827235185371,9.776957284881972,41.29705123596383
2026-09-30,2026-09-28,2026-10-02,2026-09-30,NSE,PARADEEP,,Paradeep Phosphates Limited,155.6999969482422,155.22049865722656,155.6999969482422,59.22330553674883,124.10664997454637,167.26454418985767,60.000531986870165
2026-09-30,2026-09-28,2026-10-02,2026-09-30,NSE,DRREDDY,,Dr. Reddy's Laboratories Limited,1221.0,1171.7799987792969,1221.0,49.49180323730947,1317.49569440854,1362.0246273967737,45.601754786123706
2026-09-30,2026-09-28,2026-10-02,2026-09-30,NSE,STLTECH,,Sterlite Technologies Limited,825.3499755859375,816.0050018310546,825.3499755859375,72.24471764821325,560.1339546907345,887.1484536302008,88.01961449450548
2026-09-30,2026-09-28,2026-10-02,2026-09-30,NSE,MUFIN,,Mufin Green Finance Limited,130.16000366210938,133.82699966430664,130.16000366210938,53.9041915687857,114.42808391705569,142.09381560652395,55.604883187992115
2026-09-30,2026-09-28,2026-10-02,2026-09-30,NSE,DCMNVL,,DCM Nouvelle Limited,173.11000061035156,179.26999893188477,173.11000061035156,56.58082800421671,134.55165384239262,193.77610302041938,49.52417416688777
2026-09-30,2026-09-28,2026-10-02,2026-09-30,NSE,KRSNAA,,Krsnaa Diagnostics Limited,534.0499877929688,551.3100036621094,534.0499877929688,39.13526399638102,640.7856598395905,575.3078755442792,38.780661573226546
2026-09-30,2026-09-28,2026-10-02,2026-09-30,NSE,SANSTAR,,Sanstar Limited,106.9000015258789,110.46349983215332,106.9000015258789,50.09573700959857,92.74731421192598,122.81026905181795,45.32173458973599
2026-09-30,2026-09-28,2026-10-02,2026-09-30,NSE,ABCOTS,,A B Cotspin India Limited,200.14999389648438,207.0155014038086,200.14999389648438,29.949258479390693,252.81536228285927,228.28266042123704,25.468031845762567
2026-09-30,2026-09-28,2026-10-02,2026-09-30,NSE,SAMHI,,Samhi Hotels Limited,150.16000366210938,156.44800033569337,150.16000366210938,40.64197153554254,143.16117928064713,184.48496705464368,42.51316044286924
2026-09-30,2026-09-28,2026-10-02,2026-09-30,NSE,GREENPANEL,,Greenpanel Industries Limited,159.2100067138672,159.9755012512207,159.2100067138672,34.9181401487472,198.60455160704979,213.12422250636504,30.59273942740748
2026-09-30,2026-09-28,2026-10-02,2026-09-30,NSE,ICICIBANK,,ICICI Bank Limited,1302.0,1373.0200073242188,1302.0,38.94734800623691,1293.7996247170934,1493.5812376175957,49.27066714975469
2026-09-30,2026-09-28,2026-10-02,2026-09-30,NSE,OMAXAUTO,,Omax Autos Limited,200.5500030517578,183.66949920654298,200.5500030517578,55.08196761430768,158.84535129505534,254.08564632958314,59.456219335390664
2026-09-30,2026-09-28,2026-10-02,2026-09-30,NSE,JAIBALAJI,,Jai Balaji Industries Limited,63.5099983215332,66.43950023651124,63.5099983215332,45.05037257282364,54.18192324595976,73.91926357313896,29.38463087333743
2026-09-30,2026-09-28,2026-10-02,2026-09-30,NSE,TATACHEM,,Tata Chemicals Limited,641.4500122070312,655.4399993896484,641.4500122070312,43.17314835817821,601.7285567986876,776.1822439526776,34.993331369228244
2026-09-30,2026-09-28,2026-10-02,2026-09-30,NSE,INDNIPPON,,India Nippon Electricals Limited,1290.5999755859375,1237.8700012207032,1290.5999755859375,65.37737471836698,949.1607189872487,1412.0735549829235,66.91918888218466
2026-09-30,2026-09-28,2026-10-02,2026-09-30,NSE,IDFCFIRSTB,,IDFC First Bank Limited,80.55000305175781,85.58200073242188,80.55000305175781,50.94076150986225,75.29431317113468,91.09768233461472,53.10683167619304
2026-09-30,2026-09-28,2026-10-02,2026-09-30,NSE,HEXT,,Hexaware Technologies Limited,489.25,514.8524932861328,489.25,41.65749085623657,595.4726747828106,583.7894479035054,36.71298155365683
2026-09-30,2026-09-28,2026-10-02,2026-09-30,NSE,OBEROIRLTY,,Oberoi Realty Limited,1830.0,1811.1749938964845,1830.0,54.67738876657839,1576.3037032348936,1983.8940796773982,51.45489400585128
2026-09-30,2026-09-28,2026-10-02,2026-09-30,NSE,LLOYDSENGG,,LLOYDS ENGINEERING WORKS LIMITED,95.97000122070312,84.9319995880127,95.97000122070312,65.6801490323964,72.55270835536484,101.9218838452003,61.057529250975044
2026-09-30,2026-09-28,2026-10-02,2026-09-30,NSE,HINDPETRO,,Hindustan Petroleum Corporation Limited,342.45001220703125,353.825,342.45001220703125,36.66218777915533,398.3329463405314,417.08510480891175,41.8859704446022
2026-09-30,2026-09-28,2026-10-02,2026-09-30,NSE,KOLTEPATIL,,Kolte - Patil Developers Limited,425.6000061035156,436.3974975585937,425.6000061035156,55.9150231187511,356.9435012585503,482.6526638996676,53.971098509420344
2026-09-30,2026-09-28,2026-10-02,2026-09-30,NSE,UTIAMC,,UTI Asset Management Company Limited,893.9000244140625,900.4050048828125,893.9000244140625,41.81227161631454,995.9014655543384,985.3641384601243,37.9920016541422
2026-09-30,2026-09-28,2026-10-02,2026-09-30,NSE,INDUSINDBK,,IndusInd Bank Limited,909.7000122070312,968.625,909.7000122070312,43.858808033786595,876.0522512711485,1057.5404771669087,38.65202418465674
2026-09-30,2026-09-28,2026-10-02,2026-09-30,NSE,PPAP,,PPAP Automotive Limited,235.8000030517578,246.42000045776368,235.8000030517578,46.5929217909858,207.358461694672,325.4369215716188,52.771958864492326
2026-09-30,2026-09-28,2026-10-02,2026-09-30,NSE,NBCC,,NBCC (India) Limited,80.20999908447266,83.48600006103516,80.20999908447266,33.15426348672254,94.48609250375192,112.50976592874702,40.637038028422204
2026-09-30,2026-09-28,2026-10-02,2026-09-30,NSE,NUCLEUS,,Nucleus Software Exports Limited,661.5,703.597509765625,661.5,34.28589106590576,788.6799872242184,806.4211193933742,33.38520109635914
2026-09-30,2026-09-28,2026-10-02,2026-09-30,NSE,VCL,,Vaxtex Cotfab Limited,1.3200000524520874,1.6180000066757203,1.3200000524520874,45.36746263542748,2.0887505770387724,1.9831092056494652,50.94570118282576
2026-09-30,2026-09-28,2026-10-02,2026-09-30,NSE,AMRUTANJAN,,Amrutanjan Health Care Limited,506.54998779296875,499.26750030517576,506.54998779296875,41.04468795134474,587.1615248911885,569.9732927957323,32.16551214252745
2026-09-30,2026-09-28,2026-10-02,2026-09-30,NSE,SREEL,,Sreeleathers Limited,296.0899963378906,295.9114990234375,296.0899963378906,65.94176001768173,213.78666806611926,314.24940472474464,61.00187987708974
2026-09-30,2026-09-28,2026-10-02,2026-09-30,NSE,MIDHANI,,Mishra Dhatu Nigam Limited,416.0,424.72749786376954,416.0,52.79728497981806,342.11911962463245,446.6927084441572,52.60809094258419
2026-09-30,2026-09-28,2026-10-02,2026-09-30,NSE,RVHL,,Ravinder Heights Limited,38.65999984741211,39.40100021362305,38.65999984741211,39.13836286388574,50.39802698003818,49.17374796118375,41.71128818902584
2026-09-30,2026-09-28,2026-10-02,2026-09-30,NSE,AARTISURF,,Aarti Surfactants Limited,499.25,522.0300018310547,499.25,54.01554037206068,385.6165374143943,629.7507070040018,42.1862893030565
2026-09-30,2026-09-28,2026-10-02,2026-09-30,NSE,ATAM,,Atam Valves Limited,55.810001373291016,56.49800052642822,55.810001373291016,36.62405874501563,52.344412779324166,77.46258061313841,31.28434489989482
2026-09-30,2026-09-28,2026-10-02,2026-09-30,NSE,FLUOROCHEM,,Gujarat Fluorochemicals Limited,4443.7001953125,4604.450024414063,4443.7001953125,57.368402892649385,3786.1520111734076,5049.914475722006,55.32008459769478
2026-09-30,2026-09-28,2026-10-02,2026-09-30,NSE,INDIGOPNTS,,Indigo Paints Limited,1110.0,1125.460009765625,1110.0,55.5893803632264,930.7382266222629,1201.4324548800375,45.95779837866908
2026-09-30,2026-09-28,2026-10-02,2026-09-30,NSE,AKUMS,,Akums Drugs and Pharmaceuticals Limited,799.9500122070312,780.4049987792969,799.9500122070312,72.55814783348472,664.1249640050694,862.5809353080064,57.11285216219419
2026-09-30,2026-09-28,2026-10-02,2026-09-30,NSE,SIGMA,,Sigma Solve Limited,44.7400016784668,45.99849987030029,44.7400016784668,49.76572375189823,30.6892336722199,52.29310391125769,15.647138714032508
2026-09-30,2026-09-28,2026-10-02,2026-09-30,NSE,DCI,,Dc Infotech And Communication Limited,326.6499938964844,300.5925003051758,326.6499938964844,53.44988104365558,440.3377206117444,392.4256010613309,51.06722018280819
2026-09-30,2026-09-28,2026-10-02,2026-09-30,NSE,VPRPL,,Vishnu Prakash R Punglia Limited,31.09000015258789,34.22299995422363,31.09000015258789,39.760420625557686,38.38712924244284,39.998573363038545,21.67570935892246
2026-09-30,2026-09-28,2026-10-02,2026-09-30,NSE,CEIGALL,,Ceigall India Limited,378.54998779296875,373.7049987792969,378.54998779296875,61.90374853544518,303.9932598874964,397.1504051929405,55.773130139623255
2026-09-30,2026-09-28,2026-10-02,2026-09-30,NSE,HEMIPROP,,Hemisphere Properties India Limited,115.94999694824219,121.63800048828125,115.94999694824219,33.515207734430334,113.75547302327804,149.7566295642241,34.45238320384655
2026-09-30,2026-09-28,2026-10-02,2026-09-30,NSE,ATALREAL,,Atal Realtech Limited,13.239999771118164,17.681999921798706,13.239999771118164,29.013799822590443,25.935882706019502,42.52426922079106,44.12968646984434
2026-09-30,2026-09-28,2026-10-02,2026-09-30,NSE,MGEL,,Mangalam Global Enterprise Limited,15.970000267028809,15.444500017166138,15.970000267028809,57.78683659607832,12.08967556603492,17.434443104314468,57.154545914565695
2026-09-30,2026-09-28,2026-10-02,2026-09-30,NSE,KRONOX,,Kronox Lab Sciences Limited,216.89999389648438,182.32749938964844,216.89999389648438,66.57090282476426,131.6466179822117,213.75810101639996,63.243939739327864
2026-09-30,2026-09-28,2026-10-02,2026-09-30,NSE,DJML,,DJ Mediaprint & Logistics Limited,71.3499984741211,75.65549964904785,71.3499984741211,35.36285434258804,107.71636724304366,135.5320178969651,39.39154095603991
2026-09-30,2026-09-28,2026-10-02,2026-09-30,NSE,BANSALWIRE,,Bansal Wire Industries Limited,317.6000061035156,314.22750091552734,317.6000061035156,51.634544303962116,258.2742554596048,344.9728583702806,42.961936646457474
2026-09-30,2026-09-28,2026-10-02,2026-09-30,NSE,GOCOLORS,,Go Fashion (India) Limited,304.79998779296875,317.1100021362305,304.79998779296875,41.547442819556714,229.92185384150568,395.69020051976906,22.026956352499212
2026-09-30,2026-09-28,2026-10-02,2026-09-30,NSE,PREMIERENE,,Premier Energies Limited,906.0,948.1200073242187,906.0,40.97505457385945,885.6054704714852,1139.9642131435487,45.41341959878571
2026-09-30,2026-09-28,2026-10-02,2026-09-30,NSE,KAMOPAINTS,,Kamdhenu Ventures Limited,4.119999885559082,4.35,4.119999885559082,29.9815296144632,5.500415824807286,5.455299512907705,15.883300487117694
2026-09-30,2026-09-28,2026-10-02,2026-09-30,NSE,SECMARK,,SecMark Consultancy Limited,141.27999877929688,143.54750061035156,141.27999877929688,57.533923143757406,153.79761758591326,148.25946908316246,58.03431086333501
2026-09-30,2026-09-28,2026-10-02,2026-09-30,NSE,MAPMYINDIA,,C.E. Info Systems Limited,866.0999755859375,926.734994506836,866.0999755859375,38.1832264204321,808.5111141217766,1170.6770896694104,33.00787913508756
2026-09-30,2026-09-28,2026-10-02,2026-09-30,NSE,AETHER,,Aether Industries Limited,1739.199951171875,1649.8299865722656,1739.199951171875,71.06229462889863,1395.4884099157816,1914.042540642315,79.10347084136731
2026-09-30,2026-09-28,2026-10-02,2026-09-30,NSE,JUBLINGREA,,Jubilant Ingrevia Limited,654.7999877929688,655.3574951171875,654.7999877929688,46.001190073500894,590.8935496252248,769.2624567233694,46.5400795025293
2026-09-30,2026-09-28,2026-10-02,2026-09-30,NSE,MUKKA,,Mukka Proteins Limited,26.90999984741211,29.072500038146973,26.90999984741211,54.18345469635954,20.734241928233153,30.616613580849958,40.7776454702816
2026-09-30,2026-09-28,2026-10-02,2026-09-30,NSE,MAXIND,,Max India Limited,155.35000610351562,148.32649993896484,155.35000610351562,47.370999792969904,183.53686435648333,177.00736731493305,38.470023676718334
2026-09-30,2026-09-28,2026-10-02,2026-09-30,NSE,ADL,,Archidply Decor Limited,72.16999816894531,72.00799980163575,72.16999816894531,50.621364305918604,84.81357695576528,75.82610884853824,41.63482071849241
2026-09-30,2026-09-28,2026-10-02,2026-09-30,NSE,KMEW,,Knowledge Marine & Engineering Works Limited,2876.89990234375,2913.7150146484373,2876.89990234375,71.07177894304536,2085.7601395230804,3237.527732067543,77.41575980822402
2026-09-30,2026-09-28,2026-10-02,2026-09-30,NSE,WCIL,,Western Carriers (India) Limited,92.75,89.52399940490723,92.75,47.08166679438057,100.68362932793352,103.45287366359608,40.05946775257605
2026-09-30,2026-09-28,2026-10-02,2026-09-30,NSE,RATEGAIN,,Rategain Travel Technologies Limited,828.7000122070312,858.327505493164,828.7000122070312,52.05268744614185,735.8290235871176,1022.7973247523133,54.868723773941056
2026-09-30,2026-09-28,2026-10-02,2026-09-30,NSE,MOL,,Meghmani Organics Limited,56.959999084472656,62.40500030517578,56.959999084472656,50.35605403142204,45.174732098883396,67.10302510226718,40.41271328109305
2026-09-30,2026-09-28,2026-10-02,2026-09-30,NSE,GMRP&UI,,GMR Power and Urban Infra Limited,101.9000015258789,94.82250061035157,101.9000015258789,51.25125908212855,111.21554470488707,109.45245782826387,39.49995545582419
2026-09-30,2026-09-28,2026-10-02,2026-09-30,NSE,SIGACHI,,Sigachi Industries Limited,28.770000457763672,32.625500202178955,28.770000457763672,52.62591766838699,25.627352768719582,35.99974334537043,42.1540792069471
2026-09-30,2026-09-28,2026-10-02,2026-09-30,NSE,AAATECH,,AAA Technologies Limited,99.52999877929688,92.75799942016602,99.52999877929688,55.175101808552746,76.39814175445032,101.03161859815437,43.56930149667446
2026-09-30,2026-09-28,2026-10-02,2026-09-30,NSE,IPL,,India Pesticides Limited,131.55999755859375,135.18949966430665,131.55999755859375,34.23860261952028,129.29177790630456,172.53664847969029,38.13886053062552
2026-09-30,2026-09-28,2026-10-02,2026-09-30,NSE,KSOLVES,,Ksolves India Limited,245.5,260.2200012207031,245.5,33.34638526845741,239.04180517122626,304.15054705783825,30.16062703580438
2026-09-30,2026-09-28,2026-10-02,2026-09-30,NSE,RVTH,,Revathi Equipment India Limited,633.25,703.8849975585938,633.25,39.812708471574716,569.0644778977241,784.1641879320894,23.88163982708579
2026-09-30,2026-09-28,2026-10-02,2026-09-30,NSE,RAILTEL,,Railtel Corporation Of India Limited,256.1499938964844,263.6899948120117,256.1499938964844,33.60171901618776,253.47614170347353,333.85840145034996,36.29319008989824
2026-09-30,2026-09-28,2026-10-02,2026-09-30,NSE,PPLPHARMA,,Piramal Pharma Limited,206.58999633789062,211.72050094604492,206.58999633789062,61.7075317627709,172.47487728107558,230.37085715761202,51.43856727371094
2026-09-30,2026-09-28,2026-10-02,2026-09-30,NSE,FAIRCHEMOR,,Fairchem Organics Limited,675.0,644.9424987792969,675.0,51.58307736608647,580.0164519351886,784.1403154111022,41.53992408212722
2026-09-30,2026-09-28,2026-10-02,2026-09-30,NSE,NURECA,,Nureca Limited,362.54998779296875,335.80250091552733,362.54998779296875,65.08104981717892,259.4314161304901,390.3695570926354,54.08273123971538
2026-09-30,2026-09-28,2026-10-02,2026-09-30,NSE,INNOVACAP,,Innova Captab Limited,1271.199951171875,1181.854998779297,1271.199951171875,76.7455499414933,976.8540295714578,1274.6659777220764,70.90493357347573
2026-09-30,2026-09-28,2026-10-02,2026-09-30,NSE,SYRMA,,Syrma SGS Technology Limited,1746.4000244140625,1609.1700134277344,1746.4000244140625,76.97228733773993,1332.7722932512625,1784.9598774079595,86.23385695710738
2026-09-30,2026-09-28,2026-10-02,2026-09-30,NSE,HMAAGRO,,HMA Agro Industries Limited,24.020000457763672,22.00950002670288,24.020000457763672,53.07079919898547,26.277214817804747,24.930855521729853,32.403956189082024
2026-09-30,2026-09-28,2026-10-02,2026-09-30,NSE,BTML,,Bodhi Tree Multimedia Limited,7.150000095367432,7.6485000371932985,7.150000095367432,48.57818111654303,5.08713085331008,8.84029580869472,38.82119558992059
2026-09-30,2026-09-28,2026-10-02,2026-09-30,NSE,TARC,,TARC Limited,126.52999877929688,128.21399955749513,126.52999877929688,46.45756635625546,151.19882497383608,136.48932804436006,36.03825302134723
2026-09-30,2026-09-28,2026-10-02,2026-09-30,NSE,NPST,,Network People Services Technologies Limited,1635.0,1745.2550048828125,1635.0,53.7507833041765,1289.2955788089184,1950.291698071898,42.88727155326245
2026-09-30,2026-09-28,2026-10-02,2026-09-30,NSE,DEEPINDS,,Deep Industries Limited,768.0,756.8825042724609,768.0,72.35029121717994,582.9817593579253,845.6509768670418,69.71336345204944
2026-09-30,2026-09-28,2026-10-02,2026-09-30,NSE,QMSMEDI,,QMS Medical Allied Services Limited,206.47000122070312,170.9165008544922,206.47000122070312,91.88189862799892,159.49754416877886,198.94491234635757,74.7237841483346
2026-09-30,2026-09-28,2026-10-02,2026-09-30,NSE,MOTISONS,,Motisons Jewellers Limited,18.040000915527344,16.90450015068054,18.040000915527344,64.26035835810143,12.050134951450202,19.01617289523357,42.984609006586844
2026-09-30,2026-09-28,2026-10-02,2026-09-30,NSE,MSUMI,,Motherson Sumi Wiring India Limited,34.79999923706055,35.91100006103515,34.79999923706055,34.21176773959451,40.10215439340584,42.84922136040019,37.987132767641675
2026-09-30,2026-09-28,2026-10-02,2026-09-30,NSE,LEMERITE,,Le Merite Exports Limited,20.010000228881836,20.207999992370606,20.010000228881836,23.811337299823904,30.05190156192841,41.124704902009654,34.20771718392105
2026-09-30,2026-09-28,2026-10-02,2026-09-30,NSE,EPACK,,EPACK Durable Limited,178.22999572753906,183.7029998779297,178.22999572753906,29.86024757178258,220.02078844932845,259.5609749474744,36.866675128386134
2026-09-30,2026-09-28,2026-10-02,2026-09-30,NSE,EXXARO,,Exxaro Tiles Limited,6.150000095367432,6.373500013351441,6.150000095367432,43.69412717504839,7.78223273126839,7.350218769847776,42.16691193894197
2026-09-30,2026-09-28,2026-10-02,2026-09-30,NSE,KRISHIVAL,,Krishival Foods Limited,413.6499938964844,415.38000030517577,413.6499938964844,61.67020795731065,362.4244847875257,424.9860191425146,59.97215294158905
2026-09-30,2026-09-28,2026-10-02,2026-09-30,NSE,UMAEXPORTS,,Uma Exports Limited,21.639999389648438,22.194000148773192,21.639999389648438,42.5408691644956,27.432977775946263,26.253225908346213,24.188395788323348
2026-09-30,2026-09-28,2026-10-02,2026-09-30,NSE,TATVA,,Tatva Chintan Pharma Chem Limited,1760.199951171875,1683.8499816894532,1760.199951171875,65.32654750466389,1338.991858708996,1992.5317207978776,62.546331021119514
2026-09-30,2026-09-28,2026-10-02,2026-09-30,NSE,SWARAJ,,Swaraj Suiting Limited,355.45001220703125,329.9424987792969,355.45001220703125,57.98311844666031,397.1862232555418,415.4697235288098,57.10508825552354
2026-09-30,2026-09-28,2026-10-02,2026-09-30,NSE,HPAL,,HP Adhesives Limited,34.77000045776367,35.65399990081787,34.77000045776367,45.938791927024475,27.74435230577638,37.43211391417076,26.177083928214145
2026-09-30,2026-09-28,2026-10-02,2026-09-30,NSE,WINDLAS,,Windlas Biotech Limited,1102.550048828125,1109.895001220703,1102.550048828125,73.40532280842856,895.8623658046108,1168.0277406446069,61.43952337759419
2026-09-30,2026-09-28,2026-10-02,2026-09-30,NSE,MOBIKWIK,,One Mobikwik Systems Limited,199.05999755859375,199.44699935913087,199.05999755859375,47.02885188498582,165.954249449594,217.34558226736186,25.243712279498865
2026-09-30,2026-09-28,2026-10-02,2026-09-30,NSE,TRACXN,,Tracxn Technologies Limited,32.33000183105469,30.93100004196167,32.33000183105469,50.62813249778756,34.65029230296289,33.0372460498015,22.342289753543085
2026-09-30,2026-09-28,2026-10-02,2026-09-30,NSE,DDEVPLSTIK,,Ddev Plastiks Industries Limited,252.60000610351562,262.0024978637695,252.60000610351562,43.075143346353315,224.46572675114163,296.55434262292937,47.18569678769899
2026-09-30,2026-09-28,2026-10-02,2026-09-30,NSE,IXIGO,,Le Travenues Technology Limited,155.0800018310547,161.72849960327147,155.0800018310547,40.0267030274167,145.16806691980125,213.80011298770202,46.09428330134914
2026-09-30,2026-09-28,2026-10-02,2026-09-30,NSE,DBOL,,Dhampur Bio Organics Limited,122.7699966430664,120.22649917602538,122.7699966430664,57.516412238980124,90.74371369182799,130.98098228633125,46.98832720328383
2026-09-30,2026-09-28,2026-10-02,2026-09-30,NSE,LATENTVIEW,,Latent View Analytics Limited,241.60000610351562,255.99749832153321,241.60000610351562,32.5146606117855,296.75353710147857,337.21577858524375,34.766653763367785
2026-09-30,2026-09-28,2026-10-02,2026-09-30,NSE,PLAZACABLE,,Plaza Wires Limited,57.04999923706055,60.92149982452393,57.04999923706055,58.62098194680903,43.16687972263306,63.99398036188561,46.09385908297919
2026-09-30,2026-09-28,2026-10-02,2026-09-30,NSE,VERANDA,,Veranda Learning Solutions Limited,238.02000427246094,231.3765007019043,238.02000427246094,53.856369302263985,184.36894861327903,260.7031824114504,46.86531241020727
2026-09-30,2026-09-28,2026-10-02,2026-09-30,NSE,DATAPATTNS,,Data Patterns (India) Limited,4276.7998046875,4558.059985351562,4276.7998046875,51.73585113104531,3472.772833250437,4925.008237769459,64.4544039810156
2026-09-30,2026-09-28,2026-10-02,2026-09-30,NSE,KOTYARK,,Kotyark Industries Limited,26.469999313354492,31.603499698638917,26.469999313354492,38.3688645810494,42.165307577818965,44.29250605159907,35.38984820275505
2026-09-30,2026-09-28,2026-10-02,2026-09-30,NSE,RPTECH,,Rashi Peripherals Limited,883.9500122070312,830.8725036621094,883.9500122070312,69.4026299562392,642.0384166822488,996.0167527955541,81.84975448345355
2026-09-30,2026-09-28,2026-10-02,2026-09-30,NSE,LICI,,Life Insurance Corporation Of India,400.6499938964844,405.93249969482423,400.6499938964844,44.868073791262795,370.5576684836175,443.19706855070467,41.59266072486319
2026-09-30,2026-09-28,2026-10-02,2026-09-30,NSE,HONASA,,Honasa Consumer Limited,466.04998779296875,471.9049957275391,466.04998779296875,63.359814974060626,385.0645696553316,513.4814818024255,56.39338349709762
2026-09-30,2026-09-28,2026-10-02,2026-09-30,NSE,KRISHNADEF,,Krishna Defence And Allied Industries Limited,995.7999877929688,1034.0950012207031,995.7999877929688,43.07483714396246,911.4390560632758,1382.7744673892032,54.452826701001385
2026-09-30,2026-09-28,2026-10-02,2026-09-30,NSE,JSLL,,Jeena Sikho Lifecare Limited,501.8999938964844,508.64000244140624,501.8999938964844,37.82417895080889,625.7085404001656,654.6150153955707,37.86219910394611
2026-09-30,2026-09-28,2026-10-02,2026-09-30,NSE,VENUSPIPES,,Venus Pipes & Tubes Limited,2132.60009765625,1979.9299926757812,2132.60009765625,70.24606222126027,1613.7086935496318,2211.6763782069843,58.36504499894312
2026-09-30,2026-09-28,2026-10-02,2026-09-30,NSE,DOLLEX,,Dollex Agrotech Limited,36.099998474121094,37.072499656677245,36.099998474121094,59.268418212230955,28.91081127491774,38.28778587058236,44.36321555684217
2026-09-30,2026-09-28,2026-10-02,2026-09-30,NSE,NRL,,Nupur Recyclers Limited,158.47000122070312,139.36350021362304,158.47000122070312,88.79152682825327,127.3329779933172,165.79099991341988,69.35134589526632
2026-09-30,2026-09-28,2026-10-02,2026-09-30,NSE,YATHARTH,,Yatharth Hospital & Trauma Care Services Limited,1100.4000244140625,1036.5149993896484,1100.4000244140625,70.44065694807483,868.9906948201991,1112.0776007197999,68.37908587450723
2026-09-30,2026-09-28,2026-10-02,2026-09-30,NSE,SANATHAN,,Sanathan Textiles Limited,517.5499877929688,473.925,517.5499877929688,67.23571979183968,401.3379148496207,522.5786438699029,62.42666964238586
2026-09-30,2026-09-28,2026-10-02,2026-09-30,NSE,YATRA,,Yatra Online Limited,101.66999816894531,109.728999710083,101.66999816894531,42.25563257344324,132.2371662284816,119.58553725778401,44.191306008037806
2026-09-30,2026-09-28,2026-10-02,2026-09-30,NSE,DREAMFOLKS,,Dreamfolks Services Limited,62.029998779296875,65.34600086212158,62.029998779296875,31.329489449435428,77.48960903990005,76.16262486324058,16.517726255820705
2026-09-30,2026-09-28,2026-10-02,2026-09-30,NSE,GSLSU,,Global Surfaces Limited,30.06999969482422,28.55600004196167,30.06999969482422,32.416226664655994,44.54526268296776,56.23491444108966,23.105031814066564
2026-09-30,2026-09-28,2026-10-02,2026-09-30,NSE,HARSHA,,Harsha Engineers International Limited,465.54998779296875,451.7175003051758,465.54998779296875,63.91288816724369,377.4061227752369,466.14243341826045,53.092163674237874
2026-09-30,2026-09-28,2026-10-02,2026-09-30,NSE,GARUDA,,Garuda Construction and Engineering Limited,178.80999755859375,178.39349975585938,178.80999755859375,51.35599939465928,204.9559663009241,185.40177969331583,59.88463442292283
2026-09-30,2026-09-28,2026-10-02,2026-09-30,NSE,VALIANTLAB,,Valiant Laboratories Limited,118.97000122070312,117.26450042724609,118.97000122070312,71.96631332202676,84.46549565679898,131.06241467808283,57.7482441422372
2026-09-30,2026-09-28,2026-10-02,2026-09-30,NSE,MWL,,Mangalam Worldwide Limited,43.459999084472656,40.61500015258789,43.459999084472656,71.93890784144563,31.48201554732129,43.8948685547027,80.73370284817976
2026-09-30,2026-09-28,2026-10-02,2026-09-30,NSE,BLUEJET,,Blue Jet Healthcare Limited,557.2999877929688,573.3499969482422,557.2999877929688,52.688891046517554,459.0343865747492,655.9499432272951,52.77221617932736
2026-09-30,2026-09-28,2026-10-02,2026-09-30,NSE,EUREKAFORB,,Eureka Forbes Limited,361.29998779296875,395.48999938964846,361.29998779296875,29.832966286354534,454.25643894337884,495.34069769728234,36.530605257235486
2026-09-30,2026-09-28,2026-10-02,2026-09-30,NSE,SIGNPOST,,Signpost India Limited,264.3999938964844,263.43249588012696,264.3999938964844,49.07102345969575,214.72039794674143,322.04490447652375,51.09016914854257
2026-09-30,2026-09-28,2026-10-02,2026-09-30,NSE,DCXINDIA,,DCX Systems Limited,159.24000549316406,166.32750091552734,159.24000549316406,37.0060713557314,155.19342933217501,210.90982784400862,33.366539336132135
2026-09-30,2026-09-28,2026-10-02,2026-09-30,NSE,MVGJL,,Manoj Vaibhav Gems N Jewellers Limited,215.94000244140625,202.8994987487793,215.94000244140625,67.03340224747384,151.7122622252173,216.80622452176178,50.51284948044013
2026-09-30,2026-09-28,2026-10-02,2026-09-30,NSE,KNAGRI,,KN Agri Resources Limited,205.0500030517578,202.53100128173827,205.0500030517578,50.86203216532023,226.2103285978496,223.552402101406,45.48184534792989
2026-09-30,2026-09-28,2026-10-02,2026-09-30,NSE,BAJEL,,Bajel Projects Limited,169.47000122070312,177.47799987792968,169.47000122070312,42.27208900900807,146.84353478753178,206.4086101322908,40.21173172609194
2026-09-30,2026-09-28,2026-10-02,2026-09-30,NSE,VITAL,,Vital Chemtech Limited,54.060001373291016,54.68150024414062,54.060001373291016,50.62252295204248,44.86025762705266,58.94635656366407,43.12550780393104
2026-09-30,2026-09-28,2026-10-02,2026-09-30,NSE,GOPAL,,Gopal Snacks Limited,254.8000030517578,260.975,254.8000030517578,39.89671033404124,230.05281496503977,296.59162483223,35.922249365661585
2026-09-30,2026-09-28,2026-10-02,2026-09-30,NSE,AVALON,,Avalon Technologies Limited,2310.199951171875,2307.255029296875,2310.199951171875,71.35113843632494,1662.5650703938873,2521.4927634100095,79.57398123055756
2026-09-30,2026-09-28,2026-10-02,2026-09-30,NSE,EIEL,,Enviro Infra Engineers Limited,193.0,199.88300094604492,193.0,45.63851516608771,163.61110112251598,237.98202764924906,48.929621084066355
2026-09-30,2026-09-28,2026-10-02,2026-09-30,NSE,CELLO,,Cello World Limited,332.6000061035156,334.275,332.6000061035156,34.879373468350906,396.96866604959047,398.6996207005189,21.24685979709227
2026-09-30,2026-09-28,2026-10-02,2026-09-30,NSE,IKIO,,IKIO Technologies Limited,199.6199951171875,211.0994972229004,199.6199951171875,54.034441834168945,145.9004263688795,241.52447398183435,44.45111723094669
2026-09-30,2026-09-28,2026-10-02,2026-09-30,NSE,TIPSFILMS,,Tips Films Limited,331.79998779296875,325.6300018310547,331.79998779296875,44.37823408280125,280.75711984000657,397.3767826080484,38.29929563647974
2026-09-30,2026-09-28,2026-10-02,2026-09-30,NSE,AARTIPHARM,,Aarti Pharmalabs Limited,914.0,860.3100036621094,914.0,65.36120039969887,691.6027386846258,940.1314556845638,61.88763752832675
2026-09-30,2026-09-28,2026-10-02,2026-09-30,NSE,QUADFUTURE,,Quadrant Future Tek Limited,531.5,477.8775009155273,531.5,68.81868215260243,372.2454941256493,555.8757746867961,53.11802650458942
2026-09-30,2026-09-28,2026-10-02,2026-09-30,NSE,OLAELEC,,Ola Electric Mobility Limited,37.86000061035156,38.41250019073486,37.86000061035156,48.67034517239512,30.64230711983999,45.387790592470196,33.40634646746976
2026-09-30,2026-09-28,2026-10-02,2026-09-30,NSE,REDTAPE,,Redtape Limited,119.97000122070312,118.54900016784669,119.97000122070312,43.771644238678334,107.13604865071882,144.8812352104928,24.162581766368774
2026-09-30,2026-09-28,2026-10-02,2026-09-30,NSE,SETL,,Standard Engineering Technology Limited,422.6499938964844,413.96749725341795,422.6499938964844,75.05750036334321,295.44843779249527,484.471282810604,76.06285979103501
2026-09-30,2026-09-28,2026-10-02,2026-09-30,NSE,JGCHEM,,J.G.Chemicals Limited,620.7999877929688,603.4649993896485,620.7999877929688,70.14392521965087,461.57526096561895,693.0063022978266,64.7037470101855
2026-09-30,2026-09-28,2026-10-02,2026-09-30,NSE,VIVIANA,,Viviana Power Tech Limited,710.6500244140625,740.282504272461,710.6500244140625,43.55269077803113,921.1300628919538,917.7702960839327,48.00772905627768
2026-09-30,2026-09-28,2026-10-02,2026-09-30,NSE,ANNAPURNA,,Annapurna Swadisht Limited,127.66000366210938,136.70549850463868,127.66000366210938,35.353016312945726,163.88332261701643,153.68989626043663,19.42045817930442
2026-09-30,2026-09-28,2026-10-02,2026-09-30,NSE,PYRAMID,,Pyramid Technoplast Limited,161.11000061035156,156.21749954223634,161.11000061035156,48.99118143182377,134.4796049672795,179.49778897052875,48.5825641853893
2026-09-30,2026-09-28,2026-10-02,2026-09-30,NSE,USK,,Udayshivakumar Infra Limited,19.309999465942383,20.40699987411499,19.309999465942383,34.14239949574649,24.26532515008535,25.045914074272865,23.274573961194392
2026-09-30,2026-09-28,2026-10-02,2026-09-30,NSE,RISHABH,,Rishabh Instruments Limited,713.5,762.6249969482421,713.5,61.595245246774766,576.1978191947092,808.7611507417246,70.71669306960689
2026-09-30,2026-09-28,2026-10-02,2026-09-30,NSE,BLAL,,BEML Land Assets Limited,160.69000244140625,162.3010009765625,160.69000244140625,34.314675307992175,185.17931845830918,195.80849144025711,31.729150165667505
2026-09-30,2026-09-28,2026-10-02,2026-09-30,NSE,BLSE,,BLS E-Services Limited,320.6499938964844,319.6449996948242,320.6499938964844,75.4134144488408,262.0205479396309,362.1804390421581,65.11111483413069
2026-09-30,2026-09-28,2026-10-02,2026-09-30,NSE,ATL,,Allcargo Terminals Limited,24.850000381469727,24.828500080108643,24.850000381469727,49.670606261391235,28.13726210636856,26.46125418352024,39.020018222603056
2026-09-30,2026-09-28,2026-10-02,2026-09-30,NSE,NSLNISP,,NMDC Steel Limited,41.779998779296875,43.60399971008301,41.779998779296875,47.26086329556999,38.48467723036684,49.16540513164466,43.325048529289376
2026-09-30,2026-09-28,2026-10-02,2026-09-30,NSE,RKSWAMY,,R K Swamy Limited,88.5,91.06550025939941,88.5,37.03354742370949,106.66031326834754,107.49321664902055,28.049508009118284
2026-09-30,2026-09-28,2026-10-02,2026-09-30,NSE,NETWEB,,Netweb Technologies India Limited,4566.5,4869.15,4566.5,51.64688600984985,3992.8324809859105,5543.341981092137,60.10944726775112
2026-09-30,2026-09-28,2026-10-02,2026-09-30,NSE,TREL,,Transindia Real Estate Limited,28.889999389648438,27.460499858856203,28.889999389648438,58.98422297155895,30.27961481843937,29.24846567439186,41.08748000256835
2026-09-30,2026-09-28,2026-10-02,2026-09-30,NSE,KROSS,,Kross Limited,260.2300109863281,235.89050064086913,260.2300109863281,69.01032842202802,197.48767514846924,257.16338602005106,61.534085657095055
2026-09-30,2026-09-28,2026-10-02,2026-09-30,NSE,BAJAJINDEF,,Indef Manufacturing Limited,210.30999755859375,220.33549957275392,210.30999755859375,37.03098644378511,270.7172001895692,271.16910176154386,48.61091408607789
2026-09-30,2026-09-28,2026-10-02,2026-09-30,NSE,JNKINDIA,,JNK India Limited,420.0,423.6075012207031,420.0,52.99041813197364,323.36770534151344,519.8857601726653,43.887846448098365
2026-09-30,2026-09-28,2026-10-02,2026-09-30,NSE,ROSSTECH,,Rossell Techsys Limited,1398.800048828125,1280.145001220703,1398.800048828125,76.89339703466004,991.2102779298928,1379.335108401364,75.74955048335566
2026-09-30,2026-09-28,2026-10-02,2026-09-30,NSE,NTPCGREEN,,NTPC Green Energy Limited,92.20999908447266,89.61650085449219,92.20999908447266,46.485675346211416,98.69816458233257,103.42273180802556,39.59909273029495
2026-09-30,2026-09-28,2026-10-02,2026-09-30,NSE,DBEIL,,Deepak Builders & Engineers India Limited,6.539999961853027,6.822499990463257,6.539999961853027,37.876230145085096,5.847210499181915,9.077912066327983,35.9124939414409
2026-09-30,2026-09-28,2026-10-02,2026-09-30,NSE,EMSLIMITED,,EMS Limited,342.54998779296875,372.8124969482422,342.54998779296875,43.32823129909478,290.5424565087253,460.38435872310316,32.671612310519734
2026-09-30,2026-09-28,2026-10-02,2026-09-30,NSE,GHCLTEXTIL,,GHCL Textiles Limited,134.8300018310547,132.2534999847412,134.8300018310547,66.59304922915345,104.1417986416146,145.44421169196545,67.06496080043226
2026-09-30,2026-09-28,2026-10-02,2026-09-30,NSE,SCILAL,,Shipping Corporation of India Land and Assets Limited,36.900001525878906,38.34000015258789,36.900001525878906,32.86120864904743,35.22231637534344,47.66239009448145,31.371637518198597
2026-09-30,2026-09-28,2026-10-02,2026-09-30,NSE,RBZJEWEL,,RBZ Jewellers Limited,189.91000366210938,176.81999969482422,189.91000366210938,63.34695004886498,129.88536098556807,193.49319923300158,59.56321247419111
2026-09-30,2026-09-28,2026-10-02,2026-09-30,NSE,OCCLLTD,,OCCL Limited,174.52000427246094,160.07699890136718,174.52000427246094,71.52890264061973,129.87902902949256,182.01426988701598,67.47066400975864
2026-09-30,2026-09-28,2026-10-02,2026-09-30,NSE,ORIENTTECH,,Orient Technologies Limited,233.80999755859375,237.3875,233.80999755859375,39.93537714479515,296.0801836404861,277.47043841732585,47.24426480903219
2026-09-30,2026-09-28,2026-10-02,2026-09-30,NSE,SSDL,,Saraswati Saree Depot Limited,81.5199966430664,62.23749961853027,81.5199966430664,69.12555118291709,54.96558810767678,73.3988284739687,40.6847940229499
2026-09-30,2026-09-28,2026-10-02,2026-09-30,NSE,PLATIND,,Platinum Industries Limited,205.91000366210938,220.67649993896484,205.91000366210938,39.41303747586098,180.07803105472405,235.7675495261097,34.22916682616727
2026-09-30,2026-09-28,2026-10-02,2026-09-30,NSE,KRN,,KRN Heat Exchanger and Refrigeration Limited,1387.4000244140625,1500.6400024414063,1387.4000244140625,57.117275546527054,1167.610728779151,1632.328215720303,65.00335788533563
2026-09-30,2026-09-28,2026-10-02,2026-09-30,NSE,SUNCLAY,,Sundaram Clayton Limited,1229.9000244140625,1271.240008544922,1229.9000244140625,39.97443229473813,1488.3170824707422,1401.4802078638636,38.71418367214506
2026-09-30,2026-09-28,2026-10-02,2026-09-30,NSE,IGIL,,International Gemological Institute Limited,323.1499938964844,321.925,323.1499938964844,43.063887116010335,282.62486054510373,380.49664957428143,28.33078457425691
2026-09-30,2026-09-28,2026-10-02,2026-09-30,NSE,KRYSTAL,,Krystal Integrated Services Limited,621.6500244140625,642.6975006103515,621.6500244140625,52.56193771682874,564.3975978308837,659.5741133546331,47.73997618677571
2026-09-30,2026-09-28,2026-10-02,2026-09-30,NSE,ARKADE,,Arkade Developers Limited,123.22000122070312,122.35750007629395,123.22000122070312,46.89778369729727,115.13666784871555,143.86529140562283,46.17302309777894
2026-09-30,2026-09-28,2026-10-02,2026-09-30,NSE,VSTL,,Vibhor Steel Tubes Limited,111.2300033569336,115.78650131225587,111.2300033569336,43.44147412635561,127.46732591912208,121.66286117078837,21.47371406747726
2026-09-30,2026-09-28,2026-10-02,2026-09-30,NSE,DENTA,,Denta Water and Infra Solutions Limited,267.70001220703125,277.35749969482424,267.70001220703125,42.96367117152734,236.83564540276097,367.3160291584821,44.49618872164291
2026-09-30,2026-09-28,2026-10-02,2026-09-30,NSE,SRM,,SRM Contractors Limited,407.3500061035156,436.68749847412107,407.3500061035156,35.39077209416524,510.9848784249822,549.1164991570358,52.57439176959469
2026-09-30,2026-09-28,2026-10-02,2026-09-30,NSE,SENORES,,Senores Pharmaceuticals Limited,1351.800048828125,1423.2250061035156,1351.800048828125,58.071835305903335,1138.3280739311008,1593.8605183537384,79.4986892859713
2026-09-30,2026-09-28,2026-10-02,2026-09-30,NSE,GALAPREC,,Gala Precision Engineering Limited,1140.199951171875,1050.6649932861328,1140.199951171875,63.2455842758373,856.0509198370235,1241.8467431641814,61.11551866441262
2026-09-30,2026-09-28,2026-10-02,2026-09-30,NSE,TOLINS,,Tolins Tyres Limited,86.91000366210938,90.07400054931641,86.91000366210938,31.423385134286733,103.43622047111828,112.59227786855223,36.45674024006353
2026-09-30,2026-09-28,2026-10-02,2026-09-30,NSE,STALLION,,Stallion India Fluorochemicals Limited,221.5399932861328,218.60999755859376,221.5399932861328,55.44912127215677,181.98164805228777,262.2868212751873,58.68372615315704
2026-09-30,2026-09-28,2026-10-02,2026-09-30,NSE,BALAJEE,,Shree Tirupati Balajee Agro Trading Company Limited,25.25,25.504999828338622,25.25,34.36951930526861,21.55693297527168,30.96157900783779,26.08411333361707
2026-09-30,2026-09-28,2026-10-02,2026-09-30,NSE,VRAJ,,Vraj Iron and Steel Limited,124.66000366210938,124.84199981689453,124.66000366210938,49.412183692660406,102.05561454101195,132.43634394847567,30.21359346910407
2026-09-30,2026-09-28,2026-10-02,2026-09-30,NSE,QPOWER,,Quality Power Electrical Equipments Limited,1592.699951171875,1481.889990234375,1592.699951171875,68.35539495526282,1129.4282067806748,1605.2710266557724,70.57808271582473
2026-09-30,2026-09-28,2026-10-02,2026-09-30,NSE,MAMATA,,Mamata Machinery Limited,401.20001220703125,406.5649978637695,401.20001220703125,49.03996380609246,430.7264045774414,436.9760867364135,41.947277908212925
2026-09-30,2026-09-28,2026-10-02,2026-09-30,NSE,UNIMECH,,Unimech Aerospace and Manufacturing Limited,1616.199951171875,1586.5799987792968,1616.199951171875,72.54199864327398,1231.5546929812394,1772.6673376599963,59.84254922142806
2026-09-30,2026-09-28,2026-10-02,2026-09-30,NSE,BLACKBUCK,,BLACKBUCK LIMITED,601.2000122070312,602.2000061035156,601.2000122070312,52.641939776691224,668.8928202852358,646.8417687134079,67.38605567844138
2026-09-30,2026-09-28,2026-10-02,2026-09-30,NSE,SANOFICONR,,Sanofi Consumer Healthcare India Limited,3976.199951171875,4058.45,3976.199951171875,33.87934136109331,4533.242130641163,4990.504830947447,38.292421876719686
2026-09-30,2026-09-28,2026-10-02,2026-09-30,NSE,GLOBALE,,Globale Tessile Limited,10.800000190734863,11.178999996185302,10.800000190734863,42.24535768696513,14.078950619901661,12.955537310827435,17.6182221004849
2026-09-30,2026-09-28,2026-10-02,2026-09-30,NSE,MFML,,Mahalaxmi Fabric Mills Limited,18.459999084472656,18.7085000038147,18.459999084472656,31.788933426701306,25.297242302571796,25.01623576799351,15.72759900770285
2026-09-30,2026-09-28,2026-10-02,2026-09-30,NSE,HYUNDAI,,Hyundai Motor India Limited,2050.699951171875,2154.334997558594,2050.699951171875,47.222723879526676,1902.302342972931,2317.5112163179037,53.40967576527827
2026-09-30,2026-09-28,2026-10-02,2026-09-30,NSE,CARRARO,,Carraro India Limited,523.7000122070312,535.1199996948242,523.7000122070312,47.83463086787948,420.40952560167807,584.4190438823417,44.30886260503973
2026-09-30,2026-09-28,2026-10-02,2026-09-30,NSE,SAGILITY,,SAGILITY LIMITED,43.45000076293945,45.49800033569336,43.45000076293945,49.65417541400389,48.09045569745103,46.9855598424545,53.96394721731515
2026-09-30,2026-09-28,2026-10-02,2026-09-30,NSE,LAXMIDENTL,,Laxmi Dental Limited,192.6999969482422,197.66449813842775,192.6999969482422,38.44286690751492,164.03236546589847,244.2659809681712,30.592804926508663
2026-09-30,2026-09-28,2026-10-02,2026-09-30,NSE,ATUL,,Atul Limited,5991.0,6226.25,5991.0,37.14354633246336,5809.938016775864,7028.420704987911,40.142802829212314
2026-09-30,2026-09-28,2026-10-02,2026-09-30,NSE,WSI,,W S Industries (I) Limited,55.70000076293945,58.87149982452392,55.70000076293945,32.24014025243497,70.73256011451225,71.3423668240991,26.03546714096018
2026-09-30,2026-09-28,2026-10-02,2026-09-30,NSE,M&M,,Mahindra & Mahindra Limited,2995.0,3097.6150024414064,2995.0,39.43127657452755,3395.087360773455,3475.1604746906114,45.83530128357455
2026-09-30,2026-09-28,2026-10-02,2026-09-30,NSE,GRANULES,,Granules India Limited,851.4000244140625,868.1499969482422,851.4000244140625,58.936390905281534,734.2218839987821,924.6023718561961,73.25316079250746
2026-09-30,2026-09-28,2026-10-02,2026-09-30,NSE,AFCONS,,Afcons Infrastructure Limited,251.64999389648438,267.92749938964846,251.64999389648438,35.610252310925134,332.9403844587464,341.31132133368794,33.517716996446836
2026-09-30,2026-09-28,2026-10-02,2026-09-30,NSE,HLVLTD,,HLV LIMITED,6.369999885559082,6.476500034332275,6.369999885559082,34.6078329636543,5.828018687405096,8.350801196323465,27.904554332227477
2026-09-30,2026-09-28,2026-10-02,2026-09-30,NSE,CHOICEIN,,Choice International Limited,756.9000244140625,756.8700073242187,756.9000244140625,49.829781789777165,699.1959568235727,871.6196954506448,60.52410015678544
2026-09-30,2026-09-28,2026-10-02,2026-09-30,NSE,GODREJCP,,Godrej Consumer Products Limited,868.0,873.7725006103516,868.0,29.633820854519385,994.6696030963458,1142.4771932320768,34.078624357871405
2026-09-30,2026-09-28,2026-10-02,2026-09-30,NSE,ADSL,,Allied Digital Services Limited,116.66000366210938,101.4150001525879,116.66000366210938,49.84443568127481,89.04568363330247,131.644811095163,32.321281145324264
2026-09-30,2026-09-28,2026-10-02,2026-09-30,NSE,MRPL,,Mangalore Refinery and Petrochemicals Limited,169.8000030517578,170.99300308227538,169.8000030517578,51.70224492166984,144.25727959527015,182.77233865575695,48.90921641146535
2026-09-30,2026-09-28,2026-10-02,2026-09-30,NSE,SMCGLOBAL,,SMC Global Securities Limited,97.2300033569336,83.84200019836426,97.2300033569336,68.7341744155456,67.0403302867787,94.22209266609437,58.56874750284268
2026-09-30,2026-09-28,2026-10-02,2026-09-30,NSE,TVSHLTD,,TVS Holdings Limited,12436.0,12941.1,12436.0,34.339855783575544,14667.899826250905,14911.589657636086,43.28554209593223
2026-09-30,2026-09-28,2026-10-02,2026-09-30,NSE,3PLAND,,3P Land Holdings Limited,30.829999923706055,31.53650007247925,30.829999923706055,39.86581095868159,38.29619465231643,32.96646668174138,45.66448052352205
2026-09-30,2026-09-28,2026-10-02,2026-09-30,NSE,RPGLIFE,,RPG Life Sciences Limited,2955.10009765625,2776.0099975585936,2955.10009765625,63.540311649141856,2248.727515935294,3159.4749971080937,61.71304576120719
2026-09-30,2026-09-28,2026-10-02,2026-09-30,NSE,HITECH,,Hi-Tech Pipes Limited,73.33999633789062,75.47649955749512,73.33999633789062,34.08126440824364,88.43752950372507,94.53127334488491,28.689076756395096
2026-09-30,2026-09-28,2026-10-02,2026-09-30,NSE,TNPL,,Tamil Nadu Newsprint & Papers Limited,147.63999938964844,150.9995002746582,147.63999938964844,50.710593775934925,128.52596622173832,156.41630258395003,40.80645065682605
2026-09-30,2026-09-28,2026-10-02,2026-09-30,NSE,WANBURY,,Wanbury Limited,222.25,234.9550003051758,222.25,39.246922755183284,298.5196935225838,333.0191656887894,44.91045175902208
2026-09-30,2026-09-28,2026-10-02,2026-09-30,NSE,SUNDARAM,,Sundaram Multi Pap Limited,1.1299999952316284,1.1894999980926513,1.1299999952316284,35.65870943040814,1.463601333082018,1.44881906215415,21.96295242235135
2026-09-30,2026-09-28,2026-10-02,2026-09-30,NSE,AWFIS,,Awfis Space Solutions Limited,250.1999969482422,264.9024993896484,250.1999969482422,36.00134594541742,238.07143483896792,336.635894162314,24.913647796059976
2026-09-30,2026-09-28,2026-10-02,2026-09-30,NSE,SCI,,Shipping Corporation Of India Limited,272.04998779296875,281.45,272.04998779296875,46.096823807431406,233.73181010017797,318.51636790564834,50.91231760553772
2026-09-30,2026-09-28,2026-10-02,2026-09-30,NSE,ARMANFIN,,Arman Financial Services Limited,1700.0999755859375,1961.510009765625,1700.0999755859375,43.988057213396324,1550.2342709585428,2150.959387113972,50.37680738639285
2026-09-30,2026-09-28,2026-10-02,2026-09-30,NSE,BPL,,BPL Limited,46.40999984741211,47.01700000762939,46.40999984741211,37.66611525320382,42.33445564771481,59.26733750787203,30.915605731953505
2026-09-30,2026-09-28,2026-10-02,2026-09-30,NSE,MINDTECK,,Mindteck (India) Limited,153.6199951171875,160.78399963378905,153.6199951171875,31.105575107944134,192.09908874694167,230.28274399396184,38.440465464166174
2026-09-30,2026-09-28,2026-10-02,2026-09-30,NSE,CONCOR,,Container Corporation of India Limited,450.0,491.054997253418,450.0,39.98732491752301,437.66898299001116,537.3849222010915,30.62338743168185
2026-09-30,2026-09-28,2026-10-02,2026-09-30,NSE,63MOONS,,63 moons technologies limited,818.5999755859375,860.7000030517578,818.5999755859375,54.57232461551543,620.8296344928362,957.9149777877974,57.20380254282395
2026-09-30,2026-09-28,2026-10-02,2026-09-30,NSE,PDSL,,PDS Limited,349.5,352.0550033569336,349.5,52.294385262884255,371.3476051831109,394.85607131051404,41.74768519068446
2026-09-30,2026-09-28,2026-10-02,2026-09-30,NSE,MHLXMIRU,,Mahalaxmi Rubtech Limited,173.5500030517578,163.7010009765625,173.5500030517578,51.97365270207827,195.12108881425394,199.13859831357678,50.83021462350643
2026-09-30,2026-09-28,2026-10-02,2026-09-30,NSE,LAMBODHARA,,Lambodhara Textiles Limited,135.19000244140625,131.66200103759766,135.19000244140625,57.81013185197451,96.96407135265619,143.36024761593873,48.462714665919954
2026-09-30,2026-09-28,2026-10-02,2026-09-30,NSE,METROPOLIS,,Metropolis Healthcare Limited,572.2999877929688,586.0000030517579,572.2999877929688,56.21644048636192,475.81380195414147,604.3354827162724,55.485748486363136
2026-09-30,2026-09-28,2026-10-02,2026-09-30,NSE,SIKKO,,Sikko Industries Limited,6.53000020980835,5.75699999332428,6.53000020980835,69.34121588087383,4.827725450781587,6.757324361290825,60.59507073923843
2026-09-30,2026-09-28,2026-10-02,2026-09-30,NSE,GNFC,,Gujarat Narmada Valley Fertilizers and Chemicals Limited,620.6500244140625,586.7975006103516,620.6500244140625,66.41597854041765,503.4846672811486,631.2100306114587,53.68583955785288
2026-09-30,2026-09-28,2026-10-02,2026-09-30,NSE,SAIL,,Steel Authority of India Limited,184.1999969482422,183.71449966430663,184.1999969482422,55.146517765966145,159.1354410888323,205.32724428733346,57.74007681840959
2026-09-30,2026-09-28,2026-10-02,2026-09-30,NSE,LICHSGFIN,,LIC Housing Finance Limited,564.1500244140625,555.9625061035156,564.1500244140625,56.899477083657764,478.885939741832,582.7674307044493,45.969647427808425
2026-09-30,2026-09-28,2026-10-02,2026-09-30,NSE,IKS,,Inventurus Knowledge Solutions Limited,1768.4000244140625,1784.4150085449219,1768.4000244140625,53.116415041763744,1514.0280968531138,1931.2009537704441,48.65811311307887
2026-09-30,2026-09-28,2026-10-02,2026-09-30,NSE,APCOTEXIND,,Apcotex Industries Limited,586.0,609.8650054931641,586.0,60.05680031463982,487.4334857070425,662.0916840981661,62.2654831940414
2026-09-30,2026-09-28,2026-10-02,2026-09-30,NSE,BAGFILMS,,B.A.G Films and Media Limited,4.199999809265137,4.403000044822693,4.199999809265137,35.68033510496555,5.450192912768571,5.1243851505109514,29.702454589459307
2026-09-30,2026-09-28,2026-10-02,2026-09-30,NSE,VARDHACRLC,,Vardhman Acrylics Limited,43.79999923706055,43.76050033569336,43.79999923706055,55.15606641071901,36.86064386038496,45.71620657604344,43.79165903006393
2026-09-30,2026-09-28,2026-10-02,2026-09-30,NSE,ABB,,ABB India Limited,6972.5,7241.825,6972.5,49.656099065856765,6187.737062329946,7750.841830272485,47.062350167878286
2026-09-30,2026-09-28,2026-10-02,2026-09-30,NSE,CURAA,,Cura Technologies Limited,72.5,73.70899963378906,72.5,39.10733063638466,103.85202762800677,88.31454024673337,51.70420273850774
2026-09-30,2026-09-28,2026-10-02,2026-09-30,NSE,NARMADA,,Narmada Agrobase Limited,13.050000190734863,13.786000108718872,13.050000190734863,40.33209629388332,19.172473854907903,21.40151563145956,51.27810154668939
2026-09-30,2026-09-28,2026-10-02,2026-09-30,NSE,BAJAJHLDNG,,Bajaj Holdings & Investment Limited,10800.0,11104.95,10800.0,48.14008609542848,9712.361021080254,11682.80770677665,50.93312657514646
2026-09-30,2026-09-28,2026-10-02,2026-09-30,NSE,NUVOCO,,Nuvoco Vistas Corporation Limited,325.8500061035156,332.02750091552736,325.8500061035156,48.01859731572161,364.1164846387764,358.860010020819,47.64889850801892
2026-09-30,2026-09-28,2026-10-02,2026-09-30,NSE,BSE,,BSE Limited,3097.5,3277.2400024414064,3097.5,39.346762230871946,3802.97645015006,4268.650814727376,59.80969847959158
2026-09-30,2026-09-28,2026-10-02,2026-09-30,NSE,BALRAMCHIN,,Balrampur Chini Mills Limited,680.7000122070312,683.9774993896484,680.7000122070312,63.86883205869077,517.9240242958231,741.0427773287627,59.45526105198508
2026-09-30,2026-09-28,2026-10-02,2026-09-30,NSE,CARBORUNIV,,Carborundum Universal Limited,1247.800048828125,1134.2049987792968,1247.800048828125,64.03237661691362,940.2676585734595,1258.1361322392622,51.1032487379777
2026-09-30,2026-09-28,2026-10-02,2026-09-30,NSE,HITECHCORP,,Hitech Corporation Limited,341.45001220703125,333.30249938964846,341.45001220703125,78.80116398142317,289.3767692997343,390.1162412371157,64.79649828766662
2026-09-30,2026-09-28,2026-10-02,2026-09-30,NSE,CHOLAFIN,,Cholamandalam Investment and Finance Company Limited,1634.199951171875,1788.884991455078,1634.199951171875,42.88679601296412,1570.9411308275216,1992.2320118141602,49.55662149368416
2026-09-30,2026-09-28,2026-10-02,2026-09-30,NSE,JSWENERGY,,JSW Energy Limited,495.0,521.3524993896484,495.0,38.43635794031532,475.39270421896134,596.1429044466527,36.693652234787805
2026-09-30,2026-09-28,2026-10-02,2026-09-30,NSE,INDUSTOWER,,Indus Towers Limited,360.0,377.39250030517576,360.0,35.62277625436158,422.653571816199,438.51603074893393,43.58626061753372
2026-09-30,2026-09-28,2026-10-02,2026-09-30,NSE,THEJO,,Thejo Engineering Limited,2146.5,2155.8,2146.5,62.0156923411331,1756.9898411169713,2397.5743904798837,49.26249198618074
2026-09-30,2026-09-28,2026-10-02,2026-09-30,NSE,ESSARSHPNG,,Essar Shipping Limited,15.630000114440918,16.23600001335144,15.630000114440918,26.100970593933965,21.27266918570329,26.35607078412211,33.717342258346136
2026-09-30,2026-09-28,2026-10-02,2026-09-30,NSE,NAGREEKEXP,,Nagreeka Exports Limited,22.309999465942383,22.27349987030029,22.309999465942383,44.77458585101108,18.506359455646916,28.524196301271054,38.08126876696775
2026-09-30,2026-09-28,2026-10-02,2026-09-30,NSE,TAINWALCHM,,Tainwala Chemical and Plastic (I) Limited,206.25999450683594,210.84449768066406,206.25999450683594,51.633682988727195,164.5447077260494,218.65355374834422,49.73121681738461
2026-09-30,2026-09-28,2026-10-02,2026-09-30,NSE,MMTC,,MMTC Limited,56.400001525878906,61.01949958801269,56.400001525878906,38.45330338136915,51.75614230167865,71.9888807962439,39.43110548049963
2026-09-30,2026-09-28,2026-10-02,2026-09-30,NSE,SBILIFE,,SBI Life Insurance Company Limited,1728.0999755859375,1723.9549987792968,1728.0999755859375,42.43529318954808,1956.69937520451,1903.7476949647062,44.50501228080911
2026-09-30,2026-09-28,2026-10-02,2026-09-30,NSE,STEELCAS,,Steelcast Limited,370.75,332.075,370.75,70.34180719628829,271.7965573652965,374.40888457995624,76.79759932481656
2026-09-30,2026-09-28,2026-10-02,2026-09-30,NSE,DELTACORP,,Delta Corp Limited,72.19999694824219,59.672999954223634,72.19999694824219,57.67522583268112,53.272645724042306,75.29073337959358,37.52588222511278
2026-09-30,2026-09-28,2026-10-02,2026-09-30,NSE,PASHUPATI,,Pashupati Cotspin Limited,77.2699966430664,80.71749992370606,77.2699966430664,32.945261747006825,97.20575285194472,94.29508209563096,55.73347204105729
2026-09-30,2026-09-28,2026-10-02,2026-09-30,NSE,EIDPARRY,,EID Parry India Limited,706.4500122070312,731.9100006103515,706.4500122070312,36.32128040511218,831.5027722716624,816.3511439715238,43.5037359115564
2026-09-30,2026-09-28,2026-10-02,2026-09-30,NSE,APOLLOPIPE,,Apollo Pipes Limited,521.2000122070312,555.3624954223633,521.2000122070312,53.41707075978809,483.2095809621411,607.0596561548962,50.90390652979259
2026-09-30,2026-09-28,2026-10-02,2026-09-30,NSE,IBULLSLTD,,Indiabulls Limited,28.899999618530273,27.3960000038147,28.899999618530273,61.465842307661504,21.21070810229032,32.84212189986584,68.3569169113504
2026-09-30,2026-09-28,2026-10-02,2026-09-30,NSE,HITECHGEAR,,The Hi-Tech Gears Limited,648.8499755859375,568.1399993896484,648.8499755859375,56.68089023136452,687.1949664690239,676.9351532241834,44.56262399285979
2026-09-30,2026-09-28,2026-10-02,2026-09-30,NSE,HDFCAMC,,HDFC Asset Management Company Limited,2302.300048828125,2428.7150024414063,2302.300048828125,39.186863652371244,2278.9759381640965,2832.992743543923,47.82944543377995
2026-09-30,2026-09-28,2026-10-02,2026-09-30,NSE,GOODLUCK,,Goodluck India Limited,522.0,508.31750030517577,522.0,59.47101326410959,394.9334697382702,547.5078533121998,60.540985852337755
2026-09-30,2026-09-28,2026-10-02,2026-09-30,NSE,KPEL,,K.P. Energy Limited,220.5399932861328,227.10550231933593,220.5399932861328,29.701549514659433,295.26129191875395,398.8606842963961,29.703610789264218
2026-09-30,2026-09-28,2026-10-02,2026-09-30,NSE,EVEREADY,,Eveready Industries India Limited,321.75,334.31750030517577,321.75,45.3279506525621,294.3022403584889,378.7103609459223,41.20444898180809
2026-09-30,2026-09-28,2026-10-02,2026-09-30,NSE,FIVESTAR,,Five-Star Business Finance Limited,518.3499755859375,533.0574981689454,518.3499755859375,50.827088045488644,428.5494858699356,596.2530142443951,42.76478862347363
2026-09-30,2026-09-28,2026-10-02,2026-09-30,NSE,ACI,,Archean Chemical Industries Limited,482.75,479.4875015258789,482.75,39.57264164708786,579.8408385194491,564.6522352924177,35.775536981740316
2026-09-30,2026-09-28,2026-10-02,2026-09-30,NSE,GAIL,,GAIL (India) Limited,172.4499969482422,173.26549835205077,172.4499969482422,52.70520429158146,154.57708627129017,180.05516860029638,39.17965494239814
2026-09-30,2026-09-28,2026-10-02,2026-09-30,NSE,SINTERCOM,,Sintercom India Limited,76.77999877929688,78.17150039672852,76.77999877929688,42.946687881548485,100.73282397488853,84.43202328641377,26.428474201730594
2026-09-30,2026-09-28,2026-10-02,2026-09-30,NSE,SURANAT&P,,Surana Telecom and Power Limited,15.720000267028809,16.113000106811523,15.720000267028809,35.499063330422445,19.523016932432558,20.033768863390527,38.39283061680277
2026-09-30,2026-09-28,2026-10-02,2026-09-30,NSE,GMDCLTD,,Gujarat Mineral Development Corporation Limited,522.25,558.2100006103516,522.25,38.43684581658834,496.65759570536653,661.8867038905742,53.02226784455418
2026-09-30,2026-09-28,2026-10-02,2026-09-30,NSE,RELAXO,,Relaxo Footwears Limited,290.75,318.32750091552737,290.75,37.4721729895034,381.72979531706494,452.6639629176967,26.466914951729564
2026-09-30,2026-09-28,2026-10-02,2026-09-30,NSE,AURIONPRO,,Aurionpro Solutions Limited,642.5,681.6400024414063,642.5,31.210892555220454,801.2169211401429,920.9653063093762,28.924332315267904
2026-09-30,2026-09-28,2026-10-02,2026-09-30,NSE,JSWDULUX,,JSW Dulux Limited,3169.800048828125,3155.84501953125,3169.800048828125,53.6592045090043,3381.1097380392043,3335.7441553518333,46.36760788039087
2026-09-30,2026-09-28,2026-10-02,2026-09-30,NSE,TI,,Tilaknagar Industries Limited,561.6500244140625,549.8649963378906,561.6500244140625,62.44748302995911,463.1279867476104,609.1776198753325,64.51764248294467
2026-09-30,2026-09-28,2026-10-02,2026-09-30,NSE,IFGLEXPOR,,IFGL Refractories Limited,192.7100067138672,201.9379997253418,192.7100067138672,46.8695668247535,152.710123391158,235.61274375412032,43.081264705222075
2026-09-30,2026-09-28,2026-10-02,2026-09-30,NSE,KECL,,Kirloskar Electric Company Limited,120.06999969482422,123.16399917602538,120.06999969482422,49.54155080367244,95.8091391800233,145.69507173634784,40.56953349163646
2026-09-30,2026-09-28,2026-10-02,2026-09-30,NSE,PFC,,Power Finance Corporation Limited,330.0,346.74499969482423,330.0,29.350959788423765,385.44137139312664,467.195229028571,36.50009986458813
2026-09-30,2026-09-28,2026-10-02,2026-09-30,NSE,CYIENT,,Cyient Limited,1082.300048828125,1083.9700134277343,1082.300048828125,62.59382940904884,886.6359950735574,1137.1530258947043,38.201373695861875
2026-09-30,2026-09-28,2026-10-02,2026-09-30,NSE,NEOGEN,,Neogen Chemicals Limited,2396.300048828125,2305.5449951171877,2396.300048828125,67.19136344874104,1782.6313629438132,2508.51697091454,61.454506605251304
2026-09-30,2026-09-28,2026-10-02,2026-09-30,NSE,ALPHAGEO,,Alphageo (India) Limited,269.54998779296875,302.20250091552737,269.54998779296875,54.80167604242237,224.42917597408908,342.1516607706342,44.66544798227791
2026-09-30,2026-09-28,2026-10-02,2026-09-30,NSE,GRPLTD,,GRP Limited,1950.4000244140625,1993.9699951171874,1950.4000244140625,50.36105654588462,2231.010343223506,2139.94981718229,32.20328517077216
2026-09-30,2026-09-28,2026-10-02,2026-09-30,NSE,PENINLAND,,Peninsula Land Limited,15.760000228881836,15.87649998664856,15.760000228881836,44.315351735994554,19.65550443333491,17.943105092649446,25.084569019179966
2026-09-30,2026-09-28,2026-10-02,2026-09-30,NSE,KANORICHEM,,Kanoria Chemicals & Industries Limited,202.5500030517578,174.04550018310547,202.5500030517578,81.22373744568469,140.37046463350205,207.64167289528598,70.9390874712569
2026-09-30,2026-09-28,2026-10-02,2026-09-30,NSE,KFINTECH,,Kfin Technologies Limited,884.0499877929688,907.7975006103516,884.0499877929688,45.15059836390515,1034.3785660747974,979.9028817805412,46.77732243316414
2026-09-30,2026-09-28,2026-10-02,2026-09-30,NSE,NATIONALUM,,National Aluminium Company Limited,349.0,362.3500015258789,349.0,45.67758082390968,420.4248539581343,418.13554810014745,57.575501751872416
2026-09-30,2026-09-28,2026-10-02,2026-09-30,NSE,UCAL,,UCAL LIMITED,141.44000244140625,144.17599868774414,141.44000244140625,60.30896890542423,107.93635129205441,161.15633241397836,47.59979997081014
2026-09-30,2026-09-28,2026-10-02,2026-09-30,NSE,BVCL,,Barak Valley Cements Limited,40.529998779296875,42.02499942779541,40.529998779296875,45.6660603907107,51.66853372583165,44.575398467019504,41.225331345380816
2026-09-30,2026-09-28,2026-10-02,2026-09-30,NSE,FUSION,,Fusion Finance Limited,171.92999267578125,188.87199783325195,171.92999267578125,40.796918279331635,161.90082420458148,233.93941061809318,42.67601431864489
2026-09-30,2026-09-28,2026-10-02,2026-09-30,NSE,TNTELE,,Tamilnadu Telecommunication Limited,11.890000343322754,9.161999988555909,11.890000343322754,74.1091290101503,7.205588049103994,10.558282785548876,54.960047533078864
2026-09-30,2026-09-28,2026-10-02,2026-09-30,NSE,TEXMOPIPES,,Texmo Pipes and Products Limited,55.47999954223633,55.80350036621094,55.47999954223633,61.54562619089833,41.790063525785534,58.91466360866501,47.20960808443295
2026-09-30,2026-09-28,2026-10-02,2026-09-30,NSE,OSWALAGRO,,Oswal Agro Mills Limited,33.66999816894531,35.1689998626709,33.66999816894531,29.02998345773885,42.69174997452043,46.22626277418592,30.388233200572188
2026-09-30,2026-09-28,2026-10-02,2026-09-30,NSE,TAKE,,TAKE Limited,14.739999771118164,15.794500017166138,14.739999771118164,35.37279565066075,23.471632269816684,33.409601019206605,38.449676993286616
2026-09-30,2026-09-28,2026-10-02,2026-09-30,NSE,AURUS,,AURUS GEM CORPORATION LIMITED,4.579999923706055,4.773999977111816,4.579999923706055,41.44280822011678,5.9218098348644554,5.062313746257011,36.02274086106809
2026-09-30,2026-09-28,2026-10-02,2026-09-30,NSE,TATATECH,,Tata Technologies Limited,707.0499877929688,759.0775024414063,707.0499877929688,47.309024363655624,652.1580241016508,866.7229132229892,40.23423673813276
2026-09-30,2026-09-28,2026-10-02,2026-09-30,NSE,SULA,,Sula Vineyards Limited,133.5,139.53550033569337,133.5,32.50693306184287,161.80979750456214,169.12425351908672,22.71492430880349
2026-09-30,2026-09-28,2026-10-02,2026-09-30,NSE,ORIENTELEC,,Orient Electric Limited,160.0,171.5519989013672,160.0,36.01545824463302,190.12116034523,192.69444053069333,35.315112600387906
2026-09-30,2026-09-28,2026-10-02,2026-09-30,NSE,OSWALGREEN,,Oswal Greentech Limited,19.56999969482422,19.92350015640259,19.56999969482422,32.21453657648965,24.079280151942545,24.987087326003422,28.200360188299598
2026-09-30,2026-09-28,2026-10-02,2026-09-30,NSE,CUBEXTUB,,Cubex Tubings Limited,167.4600067138672,93.2944995880127,167.4600067138672,81.86577962017604,108.74210555867135,137.44493793238672,64.70698576799745
2026-09-30,2026-09-28,2026-10-02,2026-09-30,NSE,20MICRONS,,20 Microns Limited,212.94000244140625,213.65400009155275,212.94000244140625,57.221954768207816,161.158300167332,225.92208455153474,44.579569961979836
2026-09-30,2026-09-28,2026-10-02,2026-09-30,NSE,TARSONS,,Tarsons Products Limited,338.0,325.5199996948242,338.0,63.27430980499825,229.69479248513971,386.81479838571136,49.90517249497369
2026-09-30,2026-09-28,2026-10-02,2026-09-30,NSE,KIRLOSENG,,Kirloskar Oil Engines Limited,2141.199951171875,2165.2500061035157,2141.199951171875,58.93613351986722,1738.1731381948466,2493.3602095217802,66.76621753043457
2026-09-30,2026-09-28,2026-10-02,2026-09-30,NSE,SPIC,,Southern Petrochemicals Industries Corporation  Limited,62.75,68.14399909973145,62.75,38.52903600915814,75.24535513312338,73.26652377133986,40.04140750535934
2026-09-30,2026-09-28,2026-10-02,2026-09-30,NSE,JPOLYINVST,,Jindal Poly Investment and Finance Company Limited,911.5,983.6550018310547,911.5,38.10700004334115,835.6163811373692,1141.2319613141694,49.27717204115125
2026-09-30,2026-09-28,2026-10-02,2026-09-30,NSE,TNPETRO,,Tamilnadu PetroProducts Limited,124.98999786376953,130.78849868774415,124.98999786376953,64.31771390373466,96.46410664508124,136.58114320671285,63.748884579622015
2026-09-30,2026-09-28,2026-10-02,2026-09-30,NSE,SAMMAANCAP,,Sammaan Capital Limited,138.82000732421875,146.74750137329102,138.82000732421875,40.05494526942868,136.46749972924397,186.27128245712763,44.64759016795874
2026-09-30,2026-09-28,2026-10-02,2026-09-30,NSE,DELHIVERY,,Delhivery Limited,407.5,438.84749908447264,407.5,38.80494492893129,488.36567743781836,512.5736796991944,46.460381517820146
2026-09-30,2026-09-28,2026-10-02,2026-09-30,NSE,CHOLAHLDNG,,Cholamandalam Financial Holdings Limited,1390.4000244140625,1490.9849914550782,1390.4000244140625,37.52739762838376,1343.505315158005,1700.9627950154809,38.04368132333599
2026-09-30,2026-09-28,2026-10-02,2026-09-30,NSE,SANDUMA,,Sandur Manganese & Iron Ores Limited,181.50999450683594,189.88399963378907,181.50999450683594,39.37906049463048,165.64413387724568,229.3781716722201,48.53653651987611
2026-09-30,2026-09-28,2026-10-02,2026-09-30,NSE,NIBE,,NIBE Limited,1237.4000244140625,1306.4900024414062,1237.4000244140625,43.28170784876027,1160.0898120523525,1764.253033957402,52.403593416607144
2026-09-30,2026-09-28,2026-10-02,2026-09-30,NSE,ALKYLAMINE,,Alkyl Amines Chemicals Limited,1799.800048828125,1899.8800048828125,1799.800048828125,49.63916310736556,1599.9454963511753,2057.6155788154265,46.335698728316686
2026-09-30,2026-09-28,2026-10-02,2026-09-30,NSE,LUXIND,,Lux Industries Limited,1124.5999755859375,1134.7799926757812,1124.5999755859375,44.140133140793466,1388.1812983514742,1369.912491969846,35.207402313004536
2026-09-30,2026-09-28,2026-10-02,2026-09-30,NSE,TATACOMM,,Tata Communications Limited,1655.300048828125,1734.2350036621094,1655.300048828125,42.76337082335412,1608.2109889239446,2055.4044704013127,42.949573758899426
2026-09-30,2026-09-28,2026-10-02,2026-09-30,NSE,SHAILY,,Shaily Engineering Plastics Limited,3033.5,3230.3400268554688,3033.5,55.45451690041478,2563.9941936275477,3437.9751813510165,67.77219699701345
2026-09-30,2026-09-28,2026-10-02,2026-09-30,NSE,THERMAX,,Thermax Limited,3386.0,3595.449987792969,3386.0,34.62141206789546,4238.949591012417,5276.483035237255,40.10957512832867
2026-09-30,2026-09-28,2026-10-02,2026-09-30,NSE,UYFINCORP,,U. Y. Fincorp Limited,19.790000915527344,19.49399995803833,19.790000915527344,66.02789214207164,15.094418085667371,22.584265426956346,44.41586238599301
2026-09-30,2026-09-28,2026-10-02,2026-09-30,NSE,TRITURBINE,,Triveni Turbine Limited,551.6500244140625,562.2625,551.6500244140625,42.412043369245154,519.8617979885597,729.3031811643407,44.96390376307305
2026-09-30,2026-09-28,2026-10-02,2026-09-30,NSE,MTNL,,Mahanagar Telephone Nigam Limited,22.940000534057617,24.721000003814698,22.940000534057617,31.31210940055317,22.887827638401205,32.81453375423683,30.158312751075655
2026-09-30,2026-09-28,2026-10-02,2026-09-30,NSE,BLS,,BLS International Services Limited,221.22000122070312,231.7324996948242,221.22000122070312,36.91399577571351,274.65700112368614,281.8598120073183,39.250109725920254
2026-09-30,2026-09-28,2026-10-02,2026-09-30,NSE,ITC,,ITC Limited,265.20001220703125,264.1299987792969,265.20001220703125,33.41598055866943,292.85287262569966,301.2499167432009,22.682446631892404
2026-09-30,2026-09-28,2026-10-02,2026-09-30,NSE,TMPV,,Tata Motors Passenger Vehicles Limited,281.75,302.88500061035154,281.75,30.292740967316902,337.3305697688143,401.31891436487695,23.638810039731837
2026-09-30,2026-09-28,2026-10-02,2026-09-30,NSE,ALBERTDAVD,,Albert David Limited,846.9500122070312,855.7774993896485,846.9500122070312,58.807942097468136,714.6431805643714,919.3011224142283,38.86256841132426
2026-09-30,2026-09-28,2026-10-02,2026-09-30,NSE,NDTV,,New Delhi Television Limited,69.11000061035156,71.50949974060059,69.11000061035156,33.193922726302276,83.86012016439066,86.16943924088085,31.77919227779678
2026-09-30,2026-09-28,2026-10-02,2026-09-30,NSE,MACPOWER,,Macpower CNC Machines Limited,2194.60009765625,1948.9700134277343,2194.60009765625,75.7804724091448,1457.7732591697177,2329.800280677858,67.77778723546515
2026-09-30,2026-09-28,2026-10-02,2026-09-30,NSE,INDORAMA,,Indo Rama Synthetics (India) Limited,100.80000305175781,86.3930004119873,100.80000305175781,86.42752930187054,67.99082984833069,98.53226328712319,73.72011070342307
2026-09-30,2026-09-28,2026-10-02,2026-09-30,NSE,PIONEEREMB,,Pioneer Embroideries Limited,21.149999618530273,21.435000038146974,21.149999618530273,39.5034417343779,27.699526009413667,26.300863000270727,33.84385462321923
2026-09-30,2026-09-28,2026-10-02,2026-09-30,NSE,KMSUGAR,,K.M.Sugar Mills Limited,32.66999816894531,30.147999858856203,32.66999816894531,60.83783147511714,24.4487538541147,33.46149333943977,47.279723606197386
2026-09-30,2026-09-28,2026-10-02,2026-09-30,NSE,HEROMOTOCO,,Hero MotoCorp Limited,5390.0,5312.575,5390.0,52.756423933078366,5019.32233847589,5829.231701456919,48.47673652336833
2026-09-30,2026-09-28,2026-10-02,2026-09-30,NSE,EIMCOELECO,,Eimco Elecon (India) Limited,2268.89990234375,2260.7399780273436,2268.89990234375,68.56614943763913,1862.1465297149266,2465.468137791391,50.32564250727689
2026-09-30,2026-09-28,2026-10-02,2026-09-30,NSE,GLAXO,,GlaxoSmithKline Pharmaceuticals Limited,2896.39990234375,2879.1999633789064,2896.39990234375,61.37977917897917,2439.2826848404998,3146.030841274581,54.702274828111264
2026-09-30,2026-09-28,2026-10-02,2026-09-30,NSE,VIJIFIN,,Viji Finance Limited,16.09000015258789,15.83100004196167,16.09000015258789,81.25120823641879,13.011477726667998,19.388028735704317,88.8708312161956
2026-09-30,2026-09-28,2026-10-02,2026-09-30,NSE,PNB,,Punjab National Bank,112.5999984741211,116.39799995422364,112.5999984741211,49.09356485036167,120.72103251657342,121.10522537250057,51.07264277561473
2026-09-30,2026-09-28,2026-10-02,2026-09-30,NSE,NIITLTD,,NIIT Limited,86.91999816894531,92.51749877929687,86.91999816894531,47.429986464509746,72.04862674684708,111.99772772874107,41.01006311212407
2026-09-30,2026-09-28,2026-10-02,2026-09-30,NSE,VIKASLIFE,,Vikas Lifecare Limited,1.2300000190734863,1.2445000052452087,1.2300000190734863,37.97973140319821,1.1459070761591497,1.5523340784212714,20.620826656338068
2026-09-30,2026-09-28,2026-10-02,2026-09-30,NSE,GIPCL,,Gujarat Industries Power Company Limited,182.22000122070312,194.59399948120117,182.22000122070312,56.18735296042146,159.3213936300202,204.94237652867474,47.544486631144984
2026-09-30,2026-09-28,2026-10-02,2026-09-30,NSE,LUMAXIND,,Lumax Industries Limited,5676.0,5956.475,5676.0,52.745905607594295,4905.1315346810825,6190.551337198249,62.38255064865045
2026-09-30,2026-09-28,2026-10-02,2026-09-30,NSE,PARASPETRO,,Paras Petrofils Limited,2.0299999713897705,2.124000036716461,2.0299999713897705,44.26744142718126,1.747028787734516,2.4576186232794326,38.77478392464361
2026-09-30,2026-09-28,2026-10-02,2026-09-30,NSE,NOCIL,,NOCIL Limited,175.1699981689453,185.0104995727539,175.1699981689453,51.94101191469297,148.42826301631158,192.71846836921097,36.79514152229573
2026-09-30,2026-09-28,2026-10-02,2026-09-30,NSE,BALMLAWRIE,,Balmer Lawrie & Company Limited,162.47999572753906,169.8279998779297,162.47999572753906,36.501543897191624,157.15374167658373,186.8652088024328,34.68147002078645
2026-09-30,2026-09-28,2026-10-02,2026-09-30,NSE,KELLTONTEC,,Kellton Tech Solutions Limited,13.09000015258789,13.668499898910522,13.09000015258789,36.29114013274475,16.480753157122123,16.482959130443447,34.582630474304224
2026-09-30,2026-09-28,2026-10-02,2026-09-30,NSE,RSSOFTWARE,,R. S. Software (India) Limited,30.850000381469727,30.058499908447267,30.850000381469727,43.10244999866911,24.883457720783873,36.291135049977306,16.092483687677344
2026-09-30,2026-09-28,2026-10-02,2026-09-30,NSE,J&KBANK,,The Jammu & Kashmir Bank Limited,142.25,146.57800216674804,142.25,47.65545053678973,136.95074412737551,183.1220629537953,60.84344505602959
2026-09-30,2026-09-28,2026-10-02,2026-09-30,NSE,EMCURE,,Emcure Pharmaceuticals Limited,1927.800048828125,1940.4600158691405,1927.800048828125,59.898712750592566,1624.437586760198,2048.8627322578923,62.98074514379226
2026-09-30,2026-09-28,2026-10-02,2026-09-30,NSE,COROMANDEL,,Coromandel International Limited,1899.0999755859375,1943.4650085449218,1899.0999755859375,42.83032817718908,2204.451910891888,2150.0691278642644,50.703181417646036
2026-09-30,2026-09-28,2026-10-02,2026-09-30,NSE,SATIA,,Satia Industries Limited,68.0999984741211,65.48550033569336,68.0999984741211,58.34770743739537,53.27656939230853,69.99649414058129,40.521804872406115
2026-09-30,2026-09-28,2026-10-02,2026-09-30,NSE,HGS,,Hinduja Global Solutions Limited,372.3500061035156,384.3450012207031,372.3500061035156,35.540930240107755,347.5372927083237,443.1571697069887,25.62601732924972
2026-09-30,2026-09-28,2026-10-02,2026-09-30,NSE,SALASAR,,Salasar Techno Engineering Limited,4.510000228881836,5.03050000667572,4.510000228881836,22.32489989137342,5.965335221692895,7.513774653060163,22.02601568881299
2026-09-30,2026-09-28,2026-10-02,2026-09-30,NSE,FEDERALBNK,,The Federal Bank  Limited,325.0,338.67249908447263,325.0,52.10962028022655,314.798053273215,374.45839543978866,64.66922774236161
2026-09-30,2026-09-28,2026-10-02,2026-09-30,NSE,BDL,,Bharat Dynamics Limited,1115.0,1191.3599914550782,1115.0,37.4879883004114,1376.1141437997153,1434.5804681206182,47.07608272193234
2026-09-30,2026-09-28,2026-10-02,2026-09-30,NSE,CASTROLIND,,Castrol India Limited,201.0399932861328,191.29550018310547,201.0399932861328,66.24872073173464,182.33174089374162,199.16641319083587,44.96054588792202
2026-09-30,2026-09-28,2026-10-02,2026-09-30,NSE,IMAGICAA,,Imagicaaworld Entertainment Limited,51.290000915527344,53.10400047302246,51.290000915527344,53.14432350731439,38.78911298502816,56.94216436543628,39.784655187857794
2026-09-30,2026-09-28,2026-10-02,2026-09-30,NSE,SIL,,Standard Industries Limited,16.6299991607666,17.73849997520447,16.6299991607666,48.69744961626136,14.488634641577985,20.061409254929934,38.357509752577855
2026-09-30,2026-09-28,2026-10-02,2026-09-30,NSE,JISLJALEQS,,Jain Irrigation Systems Limited,28.8799991607666,29.641999816894533,28.8799991607666,42.329246557542106,36.14536974818418,34.9803120465069,32.76575509558205
2026-09-30,2026-09-28,2026-10-02,2026-09-30,NSE,BATAINDIA,,Bata India Limited,624.7000122070312,648.7125061035156,624.7000122070312,33.35009295371806,731.19678601862,752.5181995866776,22.435941008815234
2026-09-30,2026-09-28,2026-10-02,2026-09-30,NSE,HAVELLS,,Havells India Limited,1085.0,1123.9750061035156,1085.0,32.662523176689646,1259.035299100407,1304.136248345012,27.750834194934768
2026-09-30,2026-09-28,2026-10-02,2026-09-30,NSE,INGERRAND,,Ingersoll Rand (India) Limited,4226.7998046875,4477.414990234375,4226.7998046875,47.84273028553686,3892.643988037905,4880.138577273761,50.9450228769459
2026-09-30,2026-09-28,2026-10-02,2026-09-30,NSE,GPIL,,Godawari Power And Ispat limited,225.4600067138672,239.09199981689454,225.4600067138672,34.30089850883472,268.2208545969613,290.53819480048963,46.61028062733439
2026-09-30,2026-09-28,2026-10-02,2026-09-30,NSE,CHENNPETRO,,Chennai Petroleum Corporation Limited,1408.0999755859375,1451.479998779297,1408.0999755859375,61.648332962857566,1072.080177983406,1548.3716075208013,67.31326625588937
2026-09-30,2026-09-28,2026-10-02,2026-09-30,NSE,SMARTLINK,,Smartlink Holdings Limited,208.52999877929688,217.33600158691405,208.52999877929688,59.12424575535677,166.66267249215917,247.23149667859164,47.24473645531282
2026-09-30,2026-09-28,2026-10-02,2026-09-30,NSE,PGHH,,Procter & Gamble Hygiene and Health Care Limited,6888.5,7488.85,6888.5,16.339983233643977,8068.723825619164,10089.943873749708,17.44851619742306
2026-09-30,2026-09-28,2026-10-02,2026-09-30,NSE,DAVANGERE,,Davangere Sugar Company Limited,2.4800000190734863,2.1044999957084656,2.4800000190734863,36.80707469233708,3.1518491504926756,4.488432854400337,28.620503442329735
2026-09-30,2026-09-28,2026-10-02,2026-09-30,NSE,MFSL,,Max Financial Services Limited,1444.0,1503.5399963378907,1444.0,40.8737562678463,1751.2715157926839,1699.8343788089528,51.076635220475616
2026-09-30,2026-09-28,2026-10-02,2026-09-30,NSE,CGCL,,Capri Global Capital Limited,248.89999389648438,264.6724998474121,248.89999389648438,57.82724943418434,209.34133728667456,284.18304493960574,62.57018679189184
2026-09-30,2026-09-28,2026-10-02,2026-09-30,NSE,PFIZER,,Pfizer Limited,3968.0,4199.460009765625,3968.0,32.05760552210745,4627.516468903214,5122.365407844851,36.15882388835962
2026-09-30,2026-09-28,2026-10-02,2026-09-30,NSE,MARATHON,,Marathon Nextgen Realty Limited,392.79998779296875,425.7824981689453,392.79998779296875,43.52093277976691,452.3541136382126,467.77922363576494,37.46060214325039
2026-09-30,2026-09-28,2026-10-02,2026-09-30,NSE,FINPIPE,,Finolex Industries Limited,151.61000061035156,154.84650039672852,151.61000061035156,34.809769927730656,174.16741100926487,183.6455938118291,33.54339360355236
2026-09-30,2026-09-28,2026-10-02,2026-09-30,NSE,EKC,,Everest Kanto Cylinder Limited,107.02999877929688,104.27800025939942,107.02999877929688,45.86207730574256,121.40841552498786,120.75349988041648,35.3061306462767
2026-09-30,2026-09-28,2026-10-02,2026-09-30,NSE,DIFFNKG,,Diffusion Engineers Limited,444.1499938964844,449.6599975585938,444.1499938964844,61.070758280356,308.59135162435985,481.7832904427549,57.55420436294263
2026-09-30,2026-09-28,2026-10-02,2026-09-30,NSE,FILATFASH,,Filatex Fashions Limited,0.18000000715255737,0.17850000634789467,0.18000000715255737,37.4001240007479,0.1510442161648735,0.21991925162873788,24.610457496060775
2026-09-30,2026-09-28,2026-10-02,2026-09-30,NSE,CELEBRITY,,Celebrity Fashions Limited,6.679999828338623,6.719499921798706,6.679999828338623,37.3196169507572,8.4283223183184,8.146561712457872,31.983884657137978
2026-09-30,2026-09-28,2026-10-02,2026-09-30,NSE,GUJALKALI,,Gujarat Alkalies and Chemicals Limited,606.2000122070312,679.4524963378906,606.2000122070312,44.10291304458909,548.4204051251132,734.4284626577612,43.5434201669377
2026-09-30,2026-09-28,2026-10-02,2026-09-30,NSE,BASML,,Bannari Amman Spinning Mills Limited,23.950000762939453,24.573500061035155,23.950000762939453,45.06839055546925,19.692113811079814,27.84635034378556,29.268894369160662
2026-09-30,2026-09-28,2026-10-02,2026-09-30,NSE,TALBROAUTO,,Talbros Automotive Components Limited,437.8500061035156,435.2374984741211,437.8500061035156,62.26290447618176,354.7429453053509,472.987457450907,64.80390209749069
2026-09-30,2026-09-28,2026-10-02,2026-09-30,NSE,FACT,,Fertilizers and Chemicals Travancore Limited,767.5,784.4425018310546,767.5,40.69050087513421,712.3328424000379,920.8523865505872,42.27116877101942
2026-09-30,2026-09-28,2026-10-02,2026-09-30,NSE,IGARASHI,,Igarashi Motors India Limited,416.20001220703125,420.8499954223633,416.20001220703125,47.99797320103395,352.5632714450886,501.3072603832579,42.45467939586005
2026-09-30,2026-09-28,2026-10-02,2026-09-30,NSE,VERTOZ,,Vertoz Limited,36.16999816894531,37.56599998474121,36.16999816894531,38.70246998489435,29.501786526602277,46.41818770847096,14.174247091481277
2026-09-30,2026-09-28,2026-10-02,2026-09-30,NSE,STYRENIX,,Styrenix Performance Materials Limited,2036.4000244140625,2073.534991455078,2036.4000244140625,42.91266206580429,2002.8762746559996,2466.9058634206403,45.29956022333534
2026-09-30,2026-09-28,2026-10-02,2026-09-30,NSE,NELCAST,,Nelcast Limited,116.6500015258789,112.09250030517578,116.6500015258789,45.372459827637506,106.1937548958354,149.29891212026868,46.13401563057106
2026-09-30,2026-09-28,2026-10-02,2026-09-30,NSE,SAKUMA,,Sakuma Exports Limited,1.6100000143051147,1.5959999918937684,1.6100000143051147,43.615167916177626,1.360513203282781,2.020772580207403,31.824908871022657
2026-09-30,2026-09-28,2026-10-02,2026-09-30,NSE,ORCHPHARMA,,Orchid Pharma Limited,1023.4000244140625,1005.2075042724609,1023.4000244140625,61.77929737917284,762.0196543026145,1134.2710418487554,48.6056224269688
2026-09-30,2026-09-28,2026-10-02,2026-09-30,NSE,WELCORP,,Welspun Corp Limited,2739.699951171875,2637.9400146484377,2739.699951171875,87.49415905202268,2078.4369406496,2979.9402863435694,87.51272222045422
2026-09-30,2026-09-28,2026-10-02,2026-09-30,NSE,PVRINOX,,PVR INOX Limited,1225.0,1248.814990234375,1225.0,62.395916689383355,1047.8807229853066,1347.6353856171288,45.26041900916715
2026-09-30,2026-09-28,2026-10-02,2026-09-30,NSE,TATACONSUM,,TATA CONSUMER PRODUCTS LIMITED,960.0,999.3899932861328,960.0,27.133056557043446,1086.2058878375362,1200.4967653472843,38.89674854044774
2026-09-30,2026-09-28,2026-10-02,2026-09-30,NSE,WELSPUNLIV,,Welspun Living Limited,227.9499969482422,211.54799880981446,227.9499969482422,82.53177775773635,180.25127194264434,230.94742444127954,66.43804492405998
2026-09-30,2026-09-28,2026-10-02,2026-09-30,NSE,GRMOVER,,GRM Overseas Limited,80.01000213623047,83.73549919128418,80.01000213623047,22.946148112915722,102.55541962548193,149.84735015214738,40.358154836710334
2026-09-30,2026-09-28,2026-10-02,2026-09-30,NSE,DMART,,Avenue Supermarts Limited,3803.5,3755.00498046875,3803.5,43.80185033544397,4266.544075485815,4296.859096169174,41.117154424693325
2026-09-30,2026-09-28,2026-10-02,2026-09-30,NSE,AYMSYNTEX,,AYM Syntex Limited,291.1499938964844,294.4250015258789,291.1499938964844,62.1015881944049,195.41358430502723,309.65622102548633,63.63335925127469
2026-09-30,2026-09-28,2026-10-02,2026-09-30,NSE,BAJAJELEC,,Bajaj Electricals Limited,314.6499938964844,328.90999908447264,314.6499938964844,36.0973977667005,381.3960624320742,361.4835223649519,21.174256626492863
2026-09-30,2026-09-28,2026-10-02,2026-09-30,NSE,SUPREMEIND,,Supreme Industries Limited,3499.800048828125,3474.575,3499.800048828125,47.704495763408566,3871.053078772464,3693.683221442614,38.588257866122845
2026-09-30,2026-09-28,2026-10-02,2026-09-30,NSE,PNCINFRA,,PNC Infratech Limited,131.25999450683594,158.87949981689454,131.25999450683594,23.98738705624835,192.12959230569112,275.7411353115177,27.61882869363562
2026-09-30,2026-09-28,2026-10-02,2026-09-30,NSE,PROZONER,,Prozone Realty Limited,56.2599983215332,51.0544994354248,56.2599983215332,61.66316463466108,42.21815908186453,57.47050399756472,60.08178350027682
2026-09-30,2026-09-28,2026-10-02,2026-09-30,NSE,MARICO,,Marico Limited,813.25,816.3400024414062,813.25,49.418047246468,771.546423864752,873.2058468296701,57.71457633985646
2026-09-30,2026-09-28,2026-10-02,2026-09-30,NSE,WORTHPERI,,Worth Peripherals Limited,146.86000061035156,150.21400299072266,146.86000061035156,52.31035656523054,117.68573093002962,165.28219595815534,50.78054778180571
2026-09-30,2026-09-28,2026-10-02,2026-09-30,NSE,JYOTISTRUC,,Jyoti Structures Limited,8.75,9.527999925613404,8.75,32.007735169655845,8.59975712362608,13.508156026187521,34.781905977087575
2026-09-30,2026-09-28,2026-10-02,2026-09-30,NSE,JINDALPOLY,,Jindal Poly Films Limited,679.6500244140625,699.6075012207032,679.6500244140625,52.02408410527314,819.4979877614533,738.8457009872831,50.651188638177004
2026-09-30,2026-09-28,2026-10-02,2026-09-30,NSE,LPDC,,Landmark Property Development Company Limited,6.409999847412109,6.461499977111816,6.409999847412109,46.8878503436775,4.642411020414276,7.568629806233113,37.35148756894097
2026-09-30,2026-09-28,2026-10-02,2026-09-30,NSE,AAREYDRUGS,,Aarey Drugs & Pharmaceuticals Limited,99.52999877929688,98.20299987792968,99.52999877929688,62.91783967355816,77.18418405092945,103.72228392841035,57.281947999130814
2026-09-30,2026-09-28,2026-10-02,2026-09-30,NSE,PGHL,,Procter & Gamble Health Limited,5399.5,5514.95,5399.5,39.247472487163066,6252.325382415983,6972.272445055861,48.07513276192733
2026-09-30,2026-09-28,2026-10-02,2026-09-30,NSE,ADVANIHOTR,,Advani Hotels & Resorts (India) Limited,48.130001068115234,48.456999969482425,48.130001068115234,36.58631281519762,55.15330523911195,54.982094596240856,28.6453615918915
2026-09-30,2026-09-28,2026-10-02,2026-09-30,NSE,JAGRAN,,Jagran Prakashan Limited,62.04999923706055,62.02649974822998,62.04999923706055,43.10866504882842,68.20387146074171,70.39803362312564,33.16016187216
2026-09-30,2026-09-28,2026-10-02,2026-09-30,NSE,GVT&D,,GE Vernova T&D India Limited,4203.0,4390.2,4203.0,48.528791034384874,3669.787340623958,5336.439567903366,64.50637700314584
2026-09-30,2026-09-28,2026-10-02,2026-09-30,NSE,VBL,,Varun Beverages Limited,430.0,417.1175018310547,430.0,41.84439153374233,480.38619985958996,556.7208418805931,41.55814258990667
2026-09-30,2026-09-28,2026-10-02,2026-09-30,NSE,MANALIPETC,,Manali Petrochemicals Limited,82.0199966430664,84.99050102233886,82.0199966430664,66.24034852419368,61.001380306420245,87.80192132875642,56.22370832535126
2026-09-30,2026-09-28,2026-10-02,2026-09-30,NSE,EXPLEOSOL,,Expleo Solutions Limited,870.3499755859375,882.5649963378906,870.3499755859375,52.19748537914065,693.0207864112124,925.0498465702401,43.36560196029562
2026-09-30,2026-09-28,2026-10-02,2026-09-30,NSE,CLEDUCATE,,CL Educate Limited,54.279998779296875,57.88750019073486,54.279998779296875,45.99856559175789,44.865786450299076,65.36023021267249,38.043527252496425
2026-09-30,2026-09-28,2026-10-02,2026-09-30,NSE,GRINFRA,,G R Infraprojects Limited,799.2999877929688,841.4474975585938,799.2999877929688,34.00391003225346,959.1081718248405,949.8721345061565,26.930050191429515
2026-09-30,2026-09-28,2026-10-02,2026-09-30,NSE,IREDA,,Indian Renewable Energy Development Agency Limited,114.81999969482422,111.91899948120117,114.81999969482422,40.420191205468434,127.84720581671192,132.96666365384547,26.988220878938904
2026-09-30,2026-09-28,2026-10-02,2026-09-30,NSE,KERNEX,,Kernex Microsystems (India) Limited,1713.800048828125,1720.5850036621093,1713.800048828125,48.61754832836809,1653.8233138779265,2469.392379167648,59.00818751087415
2026-09-30,2026-09-28,2026-10-02,2026-09-30,NSE,TSFINV,,TSF INVESTMENTS LIMITED,434.70001220703125,434.8350006103516,434.70001220703125,51.153348615377745,370.38597480693124,479.61466930603166,53.49227517692209
2026-09-30,2026-09-28,2026-10-02,2026-09-30,NSE,ASTRAZEN,,AstraZeneca Pharma India Limited,6280.0,6746.225,6280.0,19.711129652811323,7432.573277904277,9247.227689196268,38.88967469218295
2026-09-30,2026-09-28,2026-10-02,2026-09-30,NSE,IGL,,Indraprastha Gas Limited,143.44000244140625,149.8595001220703,143.44000244140625,37.06592464108555,163.69658094471302,168.99012306089497,30.676708441612533
2026-09-30,2026-09-28,2026-10-02,2026-09-30,NSE,CRESTO,,CRESTO TECHNO LIMITED,23.829999923706055,17.628499889373778,23.829999923706055,74.67890227759943,14.883643142337004,21.17533062134389,56.313107118511155
2026-09-30,2026-09-28,2026-10-02,2026-09-30,NSE,IGPL,,IG Petrochemicals Limited,581.5499877929688,560.6300018310546,581.5499877929688,68.53702885823651,456.299355647493,593.4605040081083,57.8270993519736
2026-09-30,2026-09-28,2026-10-02,2026-09-30,NSE,AGARIND,,Agarwal Industrial Corporation Limited,397.1499938964844,423.97249603271484,397.1499938964844,34.77473923011215,351.31108271220387,573.7925593801682,31.99212335677413
2026-09-30,2026-09-28,2026-10-02,2026-09-30,NSE,VEDL,,Vedanta Limited,259.0,266.082502746582,259.0,33.631874863836686,322.142738282066,333.56688842003155,36.30224111494533
2026-09-30,2026-09-28,2026-10-02,2026-09-30,NSE,ELECON,,Elecon Engineering Company Limited,480.75,429.2925033569336,480.75,53.456408998506944,391.34087347677837,565.4271841719072,44.34927707501675
2026-09-30,2026-09-28,2026-10-02,2026-09-30,NSE,POLYMED,,Poly Medicure Limited,1636.699951171875,1722.4049865722657,1636.699951171875,49.04830896662389,1384.936037069302,1861.0957083134028,44.537860747558106
2026-09-30,2026-09-28,2026-10-02,2026-09-30,NSE,ZODIACLOTH,,Zodiac Clothing Company Limited,69.0,70.6754997253418,69.0,37.3047033268909,83.36036327940451,82.63619426620383,35.11632860774971
2026-09-30,2026-09-28,2026-10-02,2026-09-30,NSE,AIIL,,Authum Investment & Infrastructure Limited,548.25,535.7,548.25,52.57985708908145,597.0816713853262,595.770674722434,59.62833259593181
2026-09-30,2026-09-28,2026-10-02,2026-09-30,NSE,RELTD,,Ravindra Energy Limited,148.07000732421875,152.06500015258788,148.07000732421875,46.0435160372891,124.3080134262331,187.91946924288084,50.97660263087555
2026-09-30,2026-09-28,2026-10-02,2026-09-30,NSE,RAMRAT,,Ram Ratna Wires Limited,568.2000122070312,547.875,568.2000122070312,69.96339738036076,421.16293024660723,603.778294636085,70.90481683012231
2026-09-30,2026-09-28,2026-10-02,2026-09-30,NSE,ASHOKLEY,,Ashok Leyland Limited,155.22000122070312,163.40799942016602,155.22000122070312,44.10615252332545,186.415277426805,178.36730148042759,52.980733681010825
2026-09-30,2026-09-28,2026-10-02,2026-09-30,NSE,AEGISLOG,,Aegis Logistics Limited,1308.0999755859375,1336.5299926757812,1308.0999755859375,59.78951287340636,977.1454562465716,1642.6387177292604,72.0487881630071
2026-09-30,2026-09-28,2026-10-02,2026-09-30,NSE,SUNDROP,,Sundrop Brands Limited,740.2000122070312,683.5225036621093,740.2000122070312,62.99498297724764,621.1223514872981,726.9555086404496,49.06613246317213
2026-09-30,2026-09-28,2026-10-02,2026-09-30,NSE,RICOAUTO,,Rico Auto Industries Limited,127.36000061035156,129.80399894714355,127.36000061035156,49.2493573781933,105.76142213433255,148.13068429569955,52.53150951421691
2026-09-30,2026-09-28,2026-10-02,2026-09-30,NSE,JWL,,Jupiter Wagons Limited,222.22999572753906,235.16350021362305,222.22999572753906,32.05442848520133,263.8078241199555,291.5164102134311,31.029330836899277
2026-09-30,2026-09-28,2026-10-02,2026-09-30,NSE,WILLAMAGOR,,Williamson Magor & Company Limited,22.110000610351562,23.89300012588501,22.110000610351562,36.18920202490814,30.899092464590403,28.89581830945122,34.22750188394053
2026-09-30,2026-09-28,2026-10-02,2026-09-30,NSE,AROGRANITE,,Aro Granite Industries Limited,23.1200008392334,23.84449996948242,23.1200008392334,38.56618968410963,29.859158792474247,26.696468912325074,26.435157507778143
2026-09-30,2026-09-28,2026-10-02,2026-09-30,NSE,PHOENIXLTD,,The Phoenix Mills Limited,1952.199951171875,1912.9949951171875,1952.199951171875,56.08367136829932,1750.052866717922,2115.6035820022294,55.482801534126146
2026-09-30,2026-09-28,2026-10-02,2026-09-30,NSE,POWERMECH,,Power Mech Projects Limited,2364.300048828125,2396.9550170898438,2364.300048828125,45.58894095327589,2183.4848206582783,2830.5752139291885,43.26447356055384
2026-09-30,2026-09-28,2026-10-02,2026-09-30,NSE,AIAENG,,AIA Engineering Limited,3841.39990234375,4062.120007324219,3841.39990234375,38.86050091528025,4624.407505721338,5017.124562981995,44.894876204694036
2026-09-30,2026-09-28,2026-10-02,2026-09-30,NSE,SPAL,,S. P. Apparels Limited,948.5,1010.6049987792969,948.5,51.52489671496359,788.9813428961027,1189.8155584932945,51.520449348932225
2026-09-30,2026-09-28,2026-10-02,2026-09-30,NSE,ONGC,,Oil & Natural Gas Corporation Limited,230.0,235.10449981689453,230.0,37.65392293044672,259.2619160610831,272.4566490176072,38.250458441458186
2026-09-30,2026-09-28,2026-10-02,2026-09-30,NSE,BANCOINDIA,,Banco Products (I) Limited,594.2000122070312,610.6500030517578,594.2000122070312,43.76127011911102,690.0469141222502,702.0433484288961,55.39963785430808
2026-09-30,2026-09-28,2026-10-02,2026-09-30,NSE,CYBERTECH,,Cybertech Systems And Software Limited,135.44000244140625,138.04400100708008,135.44000244140625,48.079599664222954,116.34172555485739,150.44043604052513,38.37303193692795
2026-09-30,2026-09-28,2026-10-02,2026-09-30,NSE,LTM,,LTM Limited,4091.39990234375,4319.834985351563,4091.39990234375,42.13217597356748,3868.13056643168,4776.116068972833,38.9993629309144
2026-09-30,2026-09-28,2026-10-02,2026-09-30,NSE,ORCHASP,,Orchasp Limited,1.340000033378601,1.4059999942779542,1.340000033378601,27.48142375490164,2.0148013172380947,2.1289399502416484,33.159261213455
2026-09-30,2026-09-28,2026-10-02,2026-09-30,NSE,MAHEPC,,Mahindra EPC Irrigation Limited,97.05999755859375,101.30499954223633,97.05999755859375,34.50148288246402,116.14836202793407,123.528385535222,41.27316785148442
2026-09-30,2026-09-28,2026-10-02,2026-09-30,NSE,WIPL,,The Western India Plywoods Limited,166.74000549316406,165.77300262451172,166.74000549316406,53.63446476990445,189.63897346485746,180.70175673292758,46.225626596089725
2026-09-30,2026-09-28,2026-10-02,2026-09-30,NSE,MAANALU,,Maan Aluminium Limited,100.86000061035156,109.17199974060058,100.86000061035156,31.305599511535405,128.89019033598558,141.75989012136793,40.27194797699865
2026-09-30,2026-09-28,2026-10-02,2026-09-30,NSE,BRITANNIA,,Britannia Industries Limited,4915.0,5012.325,4915.0,31.461251815805724,5419.355831144597,5614.073276757105,37.50139709096569
2026-09-30,2026-09-28,2026-10-02,2026-09-30,NSE,AAVAS,,Aavas Financiers Limited,1282.4000244140625,1284.5599975585938,1282.4000244140625,42.47706410377216,1190.673769459811,1538.8058548374645,41.86786858678078
2026-09-30,2026-09-28,2026-10-02,2026-09-30,NSE,ZUARIIND,,ZUARI INDUSTRIES LIMITED,276.8500061035156,272.9325012207031,276.8500061035156,53.13033182000475,220.06524436451724,286.45270795631245,44.0993204341066
2026-09-30,2026-09-28,2026-10-02,2026-09-30,NSE,KAJARIACER,,Kajaria Ceramics Limited,1189.5,1224.7299926757812,1189.5,53.150452908312005,1033.6159404219427,1299.1684548332423,46.76943378373336
2026-09-30,2026-09-28,2026-10-02,2026-09-30,NSE,EQUIPPP,,Equippp Social Impact Technologies Limited,21.850000381469727,23.167499923706053,21.850000381469727,51.82882896452961,17.127089052432883,26.939486639840382,52.50681014877031
2026-09-30,2026-09-28,2026-10-02,2026-09-30,NSE,SHRIRAMPPS,,Shriram Properties Limited,70.08999633789062,72.8020004272461,70.08999633789062,35.01367707499051,68.17301015825522,96.10943081831519,35.6980848531458
2026-09-30,2026-09-28,2026-10-02,2026-09-30,NSE,AUSOMENT,,Ausom Enterprise Limited,143.88999938964844,151.49549865722656,143.88999938964844,56.064281905077124,113.54151160495519,163.9248560201175,57.69727477845737
2026-09-30,2026-09-28,2026-10-02,2026-09-30,NSE,PALREDTEC,,Palred Technologies Limited,46.04999923706055,50.06849994659424,46.04999923706055,47.40704948793522,41.16006830161551,60.24316156893327,35.3621830802216
2026-09-30,2026-09-28,2026-10-02,2026-09-30,NSE,RMDRIP,,R M Drip and Sprinklers Systems Limited,23.290000915527344,22.72799997329712,23.290000915527344,49.26829503318093,24.367749715572515,23.7308819356413,50.888887211390305
2026-09-30,2026-09-28,2026-10-02,2026-09-30,NSE,KPIL,,Kalpataru Projects International Limited,1375.5999755859375,1410.514990234375,1375.5999755859375,56.491927115444845,1184.5459929823144,1458.9096108996573,52.459963144894104
2026-09-30,2026-09-28,2026-10-02,2026-09-30,NSE,JSL,,Jindal Stainless Limited,745.7000122070312,744.725,745.7000122070312,52.90865411967557,679.5163005667853,766.363893573168,48.309330613486544
2026-09-30,2026-09-28,2026-10-02,2026-09-30,NSE,MUFTI,,Credo Brands Marketing Limited,69.48999786376953,73.02649955749511,69.48999786376953,33.83524878326678,86.50046231111543,94.87417138583916,26.98611937966166
2026-09-30,2026-09-28,2026-10-02,2026-09-30,NSE,DYNAMATECH,,Dynamatic Technologies Limited,13139.0,12046.05,13139.0,67.62940747317342,10348.756124555679,12945.176380660554,67.70461172524884
2026-09-30,2026-09-28,2026-10-02,2026-09-30,NSE,GTLINFRA,,GTL Infrastructure Limited,1.090000033378601,1.1444999873638153,1.090000033378601,37.26166596154188,1.055660058602923,1.5628145632045523,31.72820440498181
2026-09-30,2026-09-28,2026-10-02,2026-09-30,NSE,SHARDACROP,,Sharda Cropchem Limited,729.0999755859375,761.0724945068359,729.0999755859375,34.65361468288587,870.0555595658354,969.9845170104686,49.365216099297896
2026-09-30,2026-09-28,2026-10-02,2026-09-30,NSE,GREAVESCOT,,Greaves Cotton Limited,230.39999389648438,199.6720001220703,230.39999389648438,60.4006569164266,187.6286836786068,260.71776963761926,57.18247169341801
2026-09-30,2026-09-28,2026-10-02,2026-09-30,NSE,GATECH,,GACM Technologies Limited,0.7300000190734863,0.7945000022649765,0.7300000190734863,55.11450814547012,0.6790281528514632,0.9775357042354544,50.352457980798654
2026-09-30,2026-09-28,2026-10-02,2026-09-30,NSE,GATECHDVR,,GACM Technologies Limited,0.46000000834465027,0.4904999971389771,0.46000000834465027,45.71312047919463,0.37166869690591076,0.5376173992916946,32.64506705972394
2026-09-30,2026-09-28,2026-10-02,2026-09-30,NSE,SYMPHONY,,Symphony Limited,585.9500122070312,587.6175018310547,585.9500122070312,32.03067610218224,691.6100923216459,749.0791767400233,24.099937087892542
2026-09-30,2026-09-28,2026-10-02,2026-09-30,NSE,VOLTAS,,Voltas Limited,1135.5,1145.1650024414062,1135.5,36.911633198626866,1336.7764843355214,1401.2096999500754,35.918999900651585
2026-09-30,2026-09-28,2026-10-02,2026-09-30,NSE,SADBHAV,,Sadbhav Engineering Limited,7.190000057220459,7.79949996471405,7.190000057220459,39.477652113992846,9.903163451070844,9.829118182652593,27.716399435867743
2026-09-30,2026-09-28,2026-10-02,2026-09-30,NSE,MMFL,,MM Forgings Limited,604.5,623.3199951171875,604.5,62.40909996204255,465.6339908276128,699.4391543641763,55.342709947981724
2026-09-30,2026-09-28,2026-10-02,2026-09-30,NSE,INDOWIND,,Indowind Energy Limited,8.640000343322754,8.95900001525879,8.640000343322754,37.73254896895397,10.586107297883363,9.699270197729724,32.94153269178652
2026-09-30,2026-09-28,2026-10-02,2026-09-30,NSE,CLEAN,,Clean Science and Technology Limited,781.7000122070312,832.0850067138672,781.7000122070312,45.37246427390083,695.9321000055227,862.7992162961551,35.03633096336819
2026-09-30,2026-09-28,2026-10-02,2026-09-30,NSE,USHAMART,,Usha Martin Limited,508.0,506.33750305175784,508.0,56.89647079431461,420.2640509656527,527.8071109357035,61.99208403662379
2026-09-30,2026-09-28,2026-10-02,2026-09-30,NSE,ASAHISONG,,Asahi Songwon Colors Limited,387.20001220703125,375.4049987792969,387.20001220703125,67.69539831597852,288.2425274059976,438.95711962595857,52.951333527500594
2026-09-30,2026-09-28,2026-10-02,2026-09-30,NSE,ONWARDTEC,,Onward Technologies Limited,285.0,286.18499755859375,285.0,53.17243519781802,316.012019031165,305.2664288445259,42.154237580411596
2026-09-30,2026-09-28,2026-10-02,2026-09-30,NSE,SAGCEM,,Sagar Cements Limited,149.63999938964844,151.9620002746582,149.63999938964844,32.07951245226961,179.26354302988227,192.2588451981097,33.99599585589614
2026-09-30,2026-09-28,2026-10-02,2026-09-30,NSE,NITINSPIN,,Nitin Spinners Limited,596.4500122070312,628.8924957275391,596.4500122070312,61.745444964925724,495.2399477636221,655.3311543357447,65.66465254940373
2026-09-30,2026-09-28,2026-10-02,2026-09-30,NSE,EIHOTEL,,EIH Limited,295.1000061035156,294.7199996948242,295.1000061035156,43.423700647158746,343.7009876155304,341.6293278686328,42.77015272023172
2026-09-30,2026-09-28,2026-10-02,2026-09-30,NSE,CREATIVEYE,,Creative Eye Limited,5.71999979019165,5.962500023841858,5.71999979019165,40.13714621761355,8.421705052808031,6.997638044590764,47.910330442417965
2026-09-30,2026-09-28,2026-10-02,2026-09-30,NSE,RAMASTEEL,,Rama Steel Tubes Limited,4.400000095367432,4.192000067234039,4.400000095367432,41.449626064798,5.278625707462751,5.474228387541215,26.911360149633637
2026-09-30,2026-09-28,2026-10-02,2026-09-30,NSE,SHREYANIND,,Shreyans Industries Limited,129.0,129.7344997406006,129.0,36.5131949212983,161.24499384560818,149.67843683147478,33.207572212951334
2026-09-30,2026-09-28,2026-10-02,2026-09-30,NSE,SASKEN,,Sasken Technologies Limited,1658.199951171875,1783.6999938964843,1658.199951171875,45.32029035449226,1529.4546438411364,2414.474234469716,51.956418641087915
2026-09-30,2026-09-28,2026-10-02,2026-09-30,NSE,ORBTEXP,,Orbit Exports Limited,227.14999389648438,233.0379997253418,227.14999389648438,55.491988998645226,174.20828013503694,270.2409331176929,56.7981881010659
2026-09-30,2026-09-28,2026-10-02,2026-09-30,NSE,SHREDIGCEM,,Shree Digvijay Cement Co.Ltd,66.61000061035156,69.39649963378906,66.61000061035156,39.579336087045256,60.248624440782784,78.86215695694102,39.36060550016637
2026-09-30,2026-09-28,2026-10-02,2026-09-30,NSE,SPARC,,Sun Pharma Advanced Research Company Limited,202.85000610351562,198.67399978637695,202.85000610351562,53.02829523873787,174.20484188408412,250.21134015467098,52.12868910892387
2026-09-30,2026-09-28,2026-10-02,2026-09-30,NSE,GODREJIND,,Godrej Industries Limited,1076.0999755859375,1124.2750183105468,1076.0999755859375,43.91233539976968,1005.5402144127811,1398.9217795795455,47.7433682029036
2026-09-30,2026-09-28,2026-10-02,2026-09-30,NSE,BLUEDART,,Blue Dart Express Limited,4749.60009765625,4884.6300048828125,4749.60009765625,38.954075855896185,5372.899100653462,5182.3542719524075,32.387425584727566
2026-09-30,2026-09-28,2026-10-02,2026-09-30,NSE,KAUSHALYA,,Kaushalya Infrastructure Development Corporation Limited,845.4500122070312,852.9350036621094,845.4500122070312,45.56925757539794,1022.8430944602834,995.375321003921,46.20271226244376
2026-09-30,2026-09-28,2026-10-02,2026-09-30,NSE,FINCABLES,,Finolex Cables Limited,1408.0999755859375,1363.9099975585937,1408.0999755859375,66.26091091988683,1063.5113564580138,1481.2638397301494,56.939886885559204
2026-09-30,2026-09-28,2026-10-02,2026-09-30,NSE,SUMEETINDS,,Sumeet Industries Limited,11.59000015258789,10.913000059127807,11.59000015258789,32.0218776804891,18.10672685557138,37.082680368163,37.49267984653685
2026-09-30,2026-09-28,2026-10-02,2026-09-30,NSE,HCL-INSYS,,HCL Infosystems Limited,10.050000190734863,10.275,10.050000190734863,33.37357295775716,12.663063642016628,13.10601537553643,30.148368398078347
2026-09-30,2026-09-28,2026-10-02,2026-09-30,NSE,TVSELECT,,TVS Electronics Limited,378.8500061035156,405.7174987792969,378.8500061035156,35.76618964113061,370.7717087582157,544.6877423857122,46.413468586088165
2026-09-30,2026-09-28,2026-10-02,2026-09-30,NSE,NGIL,,Nakoda Group of Industries Limited,41.20000076293945,37.47350006103515,41.20000076293945,56.29013458574241,28.6965019110973,43.62465058315304,52.4186844398977
2026-09-30,2026-09-28,2026-10-02,2026-09-30,NSE,KOTAKBANK,,Kotak Mahindra Bank Limited,401.54998779296875,415.45499725341796,401.54998779296875,50.52802820075382,373.70562999166367,426.1011900843385,53.06272724422029
2026-09-30,2026-09-28,2026-10-02,2026-09-30,NSE,AXISBANK,,Axis Bank Limited,1209.9000244140625,1242.7450012207032,1209.9000244140625,41.79550409616964,1357.934112854977,1379.9316881172076,47.440480385190895
2026-09-30,2026-09-28,2026-10-02,2026-09-30,NSE,NESTLEIND,,Nestle India Limited,1346.0,1385.9599975585938,1346.0,43.01440205991124,1306.061346493044,1529.3656575616512,49.101922338112395
2026-09-30,2026-09-28,2026-10-02,2026-09-30,NSE,STYLAMIND,,Stylam Industries Limited,3281.300048828125,3307.20498046875,3281.300048828125,59.53013580152841,2759.527769105179,3732.9937646244143,68.35930089806455
2026-09-30,2026-09-28,2026-10-02,2026-09-30,NSE,OMINFRAL,,OM INFRA LIMITED,78.75,80.46449928283691,78.75,38.624371575313674,98.98104391696832,92.90776241222304,32.79719626753591
2026-09-30,2026-09-28,2026-10-02,2026-09-30,NSE,UMESLTD,,Usha Martin Education & Solutions Limited,4.590000152587891,4.735500025749206,4.590000152587891,38.46827814001666,4.207827213396007,6.298798693206153,41.13403506150647
2026-09-30,2026-09-28,2026-10-02,2026-09-30,NSE,IOC,,Indian Oil Corporation Limited,133.32000732421875,135.7505012512207,133.32000732421875,40.02353850995012,149.34547968480075,144.76685878599642,38.64902272372157
2026-09-30,2026-09-28,2026-10-02,2026-09-30,NSE,ANANTRAJ,,Anant Raj Limited,607.9500122070312,608.6324951171875,607.9500122070312,55.65758675137357,508.20450379294016,664.1299511881002,49.551123254684796
2026-09-30,2026-09-28,2026-10-02,2026-09-30,NSE,BFUTILITIE,,BF Utilities Limited,515.9000244140625,528.9775039672852,515.9000244140625,42.7652132980763,450.96229180727676,653.1173799876651,39.07290054364477
2026-09-30,2026-09-28,2026-10-02,2026-09-30,NSE,DENORA,,De Nora India Limited,738.0,799.2150024414062,738.0,41.923396483716125,659.8301149666647,946.8409352041208,34.25681491708343
2026-09-30,2026-09-28,2026-10-02,2026-09-30,NSE,PATELENG,,Patel Engineering Limited,26.899999618530273,26.778500366210938,26.899999618530273,44.8163519035068,32.892044793580496,33.160300188211984,32.32931122463535
2026-09-30,2026-09-28,2026-10-02,2026-09-30,NSE,UNIPARTS,,Uniparts India Limited,837.0999755859375,873.6574981689453,837.0999755859375,68.3574852893544,705.3116322640353,943.3905934083095,70.93264466918026
2026-09-30,2026-09-28,2026-10-02,2026-09-30,NSE,TATAPOWER,,Tata Power Company Limited,361.8999938964844,365.4499984741211,361.8999938964844,41.78704198697667,409.6148037602993,416.03359445667894,38.20757285940201
2026-09-30,2026-09-28,2026-10-02,2026-09-30,NSE,NAGREEKCAP,,Nagreeka Capital & Infrastructure Limited,26.31999969482422,25.896499919891358,26.31999969482422,51.83888509294242,21.11683500434914,29.755944099281436,49.39507795587688
2026-09-30,2026-09-28,2026-10-02,2026-09-30,NSE,RAMCOSYS,,Ramco Systems Limited,563.7999877929688,585.8049987792969,563.7999877929688,49.0096621063888,766.3402505735643,808.4091342291391,54.484075418454665
2026-09-30,2026-09-28,2026-10-02,2026-09-30,NSE,JINDWORLD,,Jindal Worldwide Limited,48.689998626708984,50.74849987030029,48.689998626708984,63.753002647893545,36.547186816681474,54.96712163930795,50.07693094483465
2026-09-30,2026-09-28,2026-10-02,2026-09-30,NSE,SPECIALITY,,Speciality Restaurants Limited,150.88999938964844,141.97899780273437,150.88999938964844,66.3438639231529,112.79156837788896,160.19098854691407,53.84719435146213
2026-09-30,2026-09-28,2026-10-02,2026-09-30,NSE,ITI,,ITI Limited,245.8000030517578,260.63000259399416,245.8000030517578,31.75979033664119,294.29946767900697,316.7110739230809,46.80140295075666
2026-09-30,2026-09-28,2026-10-02,2026-09-30,NSE,MAZDOCK,,Mazagon Dock Shipbuilders Limited,2138.0,2321.4299926757812,2138.0,35.991773513077575,2553.129588336193,2655.9575636256927,47.700305861276306
2026-09-30,2026-09-28,2026-10-02,2026-09-30,NSE,KIRLOSIND,,Kirloskar Industries Limited,3520.5,3703.1900146484377,3520.5,48.01851393409847,2929.061761773271,4261.795388528534,41.08440231719292
2026-09-30,2026-09-28,2026-10-02,2026-09-30,NSE,VINYLINDIA,,Vinyl Chemicals (India) Limited,218.58999633789062,222.67199935913087,218.58999633789062,38.884167651801135,196.0880189167607,273.48848009681444,35.651139040134964
2026-09-30,2026-09-28,2026-10-02,2026-09-30,NSE,DLINKINDIA,,D-Link (India) Limited,418.45001220703125,431.88999938964844,418.45001220703125,41.303800124870094,495.6608947198664,530.0702896444341,39.446606929188235
2026-09-30,2026-09-28,2026-10-02,2026-09-30,NSE,INDOUS,,Indo Us Biotech Limited,77.9000015258789,78.52849960327148,77.9000015258789,32.414307966272105,100.01460148750499,100.19039605630059,26.69846334407005
2026-09-30,2026-09-28,2026-10-02,2026-09-30,NSE,ZENTEC,,Zen Technologies Limited,1642.800048828125,1723.6750061035157,1642.800048828125,47.27627429421907,1459.2740572025725,1964.6628451540776,50.09867354197307
2026-09-30,2026-09-28,2026-10-02,2026-09-30,NSE,ABMINTLLTD,,ABM International Limited,45.20000076293945,51.65750026702881,45.20000076293945,47.583033401735904,33.4020713161376,59.48519086304991,48.06833890348323
2026-09-30,2026-09-28,2026-10-02,2026-09-30,NSE,GVKPIL,,GVK Power & Infrastructure Limited,2.6600000858306885,2.296999990940094,2.6600000858306885,51.551139155095655,2.153438373350904,3.1474066575826423,34.1073303448067
2026-09-30,2026-09-28,2026-10-02,2026-09-30,NSE,21STCENMGM,,21st Century Management Services Limited,39.63999938964844,38.96799945831299,39.63999938964844,53.203007521212655,35.69487596104079,45.3692296440161,29.976464091563216
2026-09-30,2026-09-28,2026-10-02,2026-09-30,NSE,HNDFDS,,Hindustan Foods Limited,602.1500244140625,620.8875030517578,602.1500244140625,58.341470696820174,518.1071304826409,654.6250711876912,50.072546953157925
2026-09-30,2026-09-28,2026-10-02,2026-09-30,NSE,EPL,,EPL Limited,235.0,240.25000076293946,235.0,51.493170026804904,198.07452106533603,259.18124158611386,49.10202364210189
2026-09-30,2026-09-28,2026-10-02,2026-09-30,NSE,GULPOLY,,Gulshan Polyols Limited,166.0500030517578,176.0974998474121,166.0500030517578,42.36495587946697,153.74995146959756,213.02311429658147,42.223102418021014
2026-09-30,2026-09-28,2026-10-02,2026-09-30,NSE,MSTCLTD,,Mstc Limited,710.4000244140625,736.2524963378906,710.4000244140625,61.47359536121996,555.2873297994338,826.6024842317333,55.64047093290621
2026-09-30,2026-09-28,2026-10-02,2026-09-30,NSE,E2E,,E2E Networks Limited,625.9000244140625,612.5925048828125,625.9000244140625,68.20315342754303,438.3031096294022,724.034813444487,68.11854889335443
2026-09-30,2026-09-28,2026-10-02,2026-09-30,NSE,ZEEL,,Zee Entertainment Enterprises Limited,76.5,82.1779998779297,76.5,38.88787776560505,103.70811722370877,124.18298283625721,38.40607547352872
2026-09-30,2026-09-28,2026-10-02,2026-09-30,NSE,TRIVENI,,Triveni Engineering & Industries Limited,242.39999389648438,257.86450119018554,242.39999389648438,36.63850579869948,345.00966381849355,494.03617747425903,36.92444853146746
2026-09-30,2026-09-28,2026-10-02,2026-09-30,NSE,DYNPRO,,Dynemic Products Limited,224.6999969482422,231.73299865722657,224.6999969482422,44.26456135765134,280.48267540361803,258.59838187796987,39.504857896468444
2026-09-30,2026-09-28,2026-10-02,2026-09-30,NSE,AKSHAR,,Akshar Spintex Limited,0.4099999964237213,0.4134999930858612,0.4099999964237213,39.8003778935922,0.5027944282066406,0.4747332851140421,18.984755234151336
2026-09-30,2026-09-28,2026-10-02,2026-09-30,NSE,BHEL,,Bharat Heavy Electricals Limited,411.8999938964844,425.34000091552736,411.8999938964844,57.37931185211096,345.40495802444093,443.92871440753123,62.07967366714929
2026-09-30,2026-09-28,2026-10-02,2026-09-30,NSE,BEML,,BEML Limited,1995.0999755859375,2048.0900024414063,1995.0999755859375,56.70663507045254,1646.4187552926137,2121.7985160370567,53.997882153382825
2026-09-30,2026-09-28,2026-10-02,2026-09-30,NSE,FDC,,FDC Limited,343.6000061035156,346.6475036621094,343.6000061035156,39.55331141259062,339.88176696078006,443.4796305373264,36.16637176632735
2026-09-30,2026-09-28,2026-10-02,2026-09-30,NSE,SUMICHEM,,Sumitomo Chemical India Limited,433.75,471.4750015258789,433.75,41.2869657529669,420.9517309554816,565.0905750703234,44.980516414058016
2026-09-30,2026-09-28,2026-10-02,2026-09-30,NSE,LGHL,,Laxmi Goldorna House Limited,181.27999877929688,180.107999420166,181.27999877929688,32.78927761545624,234.97437518399641,248.2786324989501,49.0661375151842
2026-09-30,2026-09-28,2026-10-02,2026-09-30,NSE,COLPAL,,Colgate Palmolive (India) Limited,1845.9000244140625,1843.9900146484374,1845.9000244140625,39.60190779376385,2092.6993083328557,2183.0822229017317,26.774601001333025
2026-09-30,2026-09-28,2026-10-02,2026-09-30,NSE,GODFRYPHLP,,Godfrey Phillips India Limited,1931.5,1984.1050048828124,1931.5,38.74137628428997,2316.937399149234,2378.8711176043334,44.409621722560225
2026-09-30,2026-09-28,2026-10-02,2026-09-30,NSE,OLECTRA,,Olectra Greentech Limited,1173.800048828125,1213.475,1173.800048828125,42.00759938317029,1102.3862531317354,1521.3460597004255,42.515218179050464
2026-09-30,2026-09-28,2026-10-02,2026-09-30,NSE,PERSISTENT,,Persistent Systems Limited,5328.5,5484.475,5328.5,49.58882797714192,4664.324762443199,5911.7766934856245,49.62030695322581
2026-09-30,2026-09-28,2026-10-02,2026-09-30,NSE,LATTEYS,,Latteys Industries Limited,20.75,20.850999927520753,20.75,47.563379918612306,25.650437312377164,23.391352312470406,40.13789362301075
2026-09-30,2026-09-28,2026-10-02,2026-09-30,NSE,BEL,,Bharat Electronics Limited,385.5,399.30249938964846,385.5,39.816171002941154,384.26396150339224,426.6695917841478,54.52420793901323
2026-09-30,2026-09-28,2026-10-02,2026-09-30,NSE,RUSTOMJEE,,Keystone Realtors Limited,359.8999938964844,358.7375015258789,359.8999938964844,38.69405972565964,425.02181114448626,429.9726591167558,23.222693576356946
2026-09-30,2026-09-28,2026-10-02,2026-09-30,NSE,MAHESHWARI,,Maheshwari Logistics Limited,71.61000061035156,71.553999710083,71.61000061035156,62.89014526677348,59.487972076898906,80.77749179283514,59.7366331256606
2026-09-30,2026-09-28,2026-10-02,2026-09-30,NSE,CAPACITE,,Capacit'e Infraprojects Limited,184.41000366210938,197.25450134277344,184.41000366210938,34.74054263649742,235.3096491538094,255.7611634688902,33.352599961440276
2026-09-30,2026-09-28,2026-10-02,2026-09-30,NSE,ENIL,,Entertainment Network (India) Limited,96.01000213623047,100.40299949645996,96.01000213623047,33.68962621598553,117.47381070367739,113.68992907662197,24.68201247055076
2026-09-30,2026-09-28,2026-10-02,2026-09-30,NSE,APTECHT,,Aptech Limited,90.2699966430664,89.98149948120117,90.2699966430664,43.94905483481651,80.05123172496457,112.04191317873831,32.00363808193467
2026-09-30,2026-09-28,2026-10-02,2026-09-30,NSE,DPABHUSHAN,,D. P. Abhushan Limited,1388.199951171875,1392.414990234375,1388.199951171875,57.200468364279786,1069.516036537123,1676.591496572544,49.38695177436033
2026-09-30,2026-09-28,2026-10-02,2026-09-30,NSE,HINDZINC,,Hindustan Zinc Limited,573.0,586.7225067138672,573.0,49.83613496248278,633.9937853974038,642.4659966982659,51.947914045711975
2026-09-30,2026-09-28,2026-10-02,2026-09-30,NSE,KREBSBIO,,Krebs Biochemicals and Industries Limited,57.58000183105469,56.95650062561035,57.58000183105469,48.73814065926313,44.735221516801836,67.4041781186177,44.69180657998027
2026-09-30,2026-09-28,2026-10-02,2026-09-30,NSE,NAVKARURB,,Navkar Urbanstructure Limited,0.8799999952316284,0.8854999989271164,0.8799999952316284,41.69398958444974,1.1742702908496487,1.156654767324084,20.134048725187768
2026-09-30,2026-09-28,2026-10-02,2026-09-30,NSE,SHEKHAWATI,,Shekhawati Industries Limited,28.75,20.2010000705719,28.75,73.95945830137705,19.363156055963024,25.703291476493096,45.16926854494718
2026-09-30,2026-09-28,2026-10-02,2026-09-30,NSE,SONATSOFTW,,Sonata Software Limited,274.04998779296875,277.6449996948242,274.04998779296875,45.654798877934795,233.5714003757854,327.790863030369,30.927958373539724
2026-09-30,2026-09-28,2026-10-02,2026-09-30,NSE,LMW,,LMW Limited,16966.0,17923.15,16966.0,52.54986956515169,15575.748732372751,19607.978039024765,50.21957936309014
2026-09-30,2026-09-28,2026-10-02,2026-09-30,NSE,ALOKINDS,,Alok Industries Limited,7.21999979019165,7.432000041007996,7.21999979019165,22.91112088636183,9.958891515937086,15.381663737742308,21.009274152661263
2026-09-30,2026-09-28,2026-10-02,2026-09-30,NSE,VISHNU,,Vishnu Chemicals Limited,691.9500122070312,704.6350036621094,691.9500122070312,64.24321793091761,576.8753296742726,723.3516320129305,67.48702012385866
2026-09-30,2026-09-28,2026-10-02,2026-09-30,NSE,MAHSEAMLES,,Maharashtra Seamless Limited,714.3499755859375,697.8100006103516,714.3499755859375,69.58943623084278,588.0809695816725,736.186919925524,58.05188566777401
2026-09-30,2026-09-28,2026-10-02,2026-09-30,NSE,DLF,,DLF Limited,663.5499877929688,660.4849975585937,663.5499877929688,53.252842802050495,575.5290810549843,715.1028169191252,42.66794848995702
2026-09-30,2026-09-28,2026-10-02,2026-09-30,NSE,SURANASOL,,Surana Solar Limited,25.1299991607666,25.638000202178954,25.1299991607666,43.00940338929868,28.390103622716524,27.682322730800536,28.000946580348767
2026-09-30,2026-09-28,2026-10-02,2026-09-30,NSE,VGL,,VARVEE GLOBAL LIMITED,64.26000213623047,62.378499031066895,64.26000213623047,51.21976599381038,76.41050239791997,72.81364120259175,60.04221011600745
2026-09-30,2026-09-28,2026-10-02,2026-09-30,NSE,WENDT,,Wendt (India) Limited,8459.0,8510.0,8459.0,57.56513580485528,6942.259348256354,9065.240318393862,39.21920906263439
2026-09-30,2026-09-28,2026-10-02,2026-09-30,NSE,WESTLIFE,,WESTLIFE FOODWORLD LIMITED,579.8499755859375,559.5274932861328,579.8499755859375,59.38832816683884,432.326699181002,624.4362312272225,36.10941086968799
2026-09-30,2026-09-28,2026-10-02,2026-09-30,NSE,OIL,,Oil India Limited,468.0,484.5749984741211,468.0,51.58576957650046,415.00217255742257,513.4180015616988,44.22013887710717
2026-09-30,2026-09-28,2026-10-02,2026-09-30,NSE,SHANKARA,,Shankara Building Products Limited,127.33999633789062,145.3214973449707,127.33999633789062,38.74009706905226,153.3098377902582,156.7785238477945,40.84816256826095
2026-09-30,2026-09-28,2026-10-02,2026-09-30,NSE,AJAXENGG,,Ajax Engineering Limited,589.9000244140625,579.4774963378907,589.9000244140625,54.57346351195752,474.835234925921,612.9154021997972,50.408075542304125
2026-09-30,2026-09-28,2026-10-02,2026-09-30,NSE,HUHTAMAKI,,Huhtamaki India Limited,234.1999969482422,250.34750061035157,234.1999969482422,51.14615527124827,195.7533847176963,322.22756122864314,42.62733252533868
2026-09-30,2026-09-28,2026-10-02,2026-09-30,NSE,AMNPLST,,Amines & Plasticizers Limited,166.82000732421875,168.82999954223632,166.82000732421875,41.568218832440124,147.55480745983238,212.318644371348,34.991302287441854
2026-09-30,2026-09-28,2026-10-02,2026-09-30,NSE,GARFIBRES,,Garware Technical Fibres Limited,772.8499755859375,800.4050018310547,772.8499755859375,54.57329905663698,627.8135982901008,857.6024650194058,51.51042317613939
2026-09-30,2026-09-28,2026-10-02,2026-09-30,NSE,EIHAHOTELS,,EIH Associated Hotels Limited,290.0,294.43500061035155,290.0,40.410954836997014,344.71773130789813,331.2847829867671,38.24993433199952
2026-09-30,2026-09-28,2026-10-02,2026-09-30,NSE,ASIANENE,,Asian Energy Services Limited,474.1499938964844,504.7549987792969,474.1499938964844,62.32532781347476,358.01349182710294,539.7920485967372,63.39418812787171
2026-09-30,2026-09-28,2026-10-02,2026-09-30,NSE,SWARAJENG,,Swaraj Engines Limited,3552.5,3568.775,3552.5,43.730546171416165,3955.951572942792,3949.88007638885,51.42593668214787
2026-09-30,2026-09-28,2026-10-02,2026-09-30,NSE,PUNJABCHEM,,Punjab Chemicals & Crop Protection Limited,1054.5999755859375,1077.2400024414062,1054.5999755859375,46.39957783477057,1269.908148717998,1184.2867941283018,45.6696675085155
2026-09-30,2026-09-28,2026-10-02,2026-09-30,NSE,REGENCERAM,,Regency Ceramics Limited,32.63999938964844,34.235499954223634,32.63999938964844,37.584200978072026,48.675909809626944,43.36867241901908,26.118278557998536
2026-09-30,2026-09-28,2026-10-02,2026-09-30,NSE,RAMANEWS,,Shree Rama Newsprint Limited,31.110000610351562,31.65650005340576,31.110000610351562,51.02237289079609,35.938428091826395,32.929933841484385,57.26246677799111
2026-09-30,2026-09-28,2026-10-02,2026-09-30,NSE,CYBERMEDIA,,Cyber Media (India) Limited,19.18000030517578,21.763500118255614,19.18000030517578,53.44913464131754,14.24267657373524,23.4137058369646,46.32544935090353
2026-09-30,2026-09-28,2026-10-02,2026-09-30,NSE,SANDHAR,,Sandhar Technologies Limited,576.5499877929688,607.6874969482421,576.5499877929688,45.67304493850564,502.9230566627265,731.5792456797975,50.41938221770027
2026-09-30,2026-09-28,2026-10-02,2026-09-30,NSE,NAVKARCORP,,Navkar Corporation Limited,86.86000061035156,91.66400032043457,86.86000061035156,34.90572326317039,81.8364542800528,112.6870797552704,41.975284452087365
2026-09-30,2026-09-28,2026-10-02,2026-09-30,NSE,CAMPUS,,Campus Activewear Limited,211.0399932861328,214.94249954223633,211.0399932861328,36.491533169985914,243.36569947621163,251.01762947456487,34.411769443942774
2026-09-30,2026-09-28,2026-10-02,2026-09-30,NSE,UNIVCABLES,,Universal Cables Limited,1427.0999755859375,1510.7200012207031,1427.0999755859375,58.45401681105175,1110.9459871326626,1729.4995075257607,64.96355027507553
2026-09-30,2026-09-28,2026-10-02,2026-09-30,NSE,TITAN,,Titan Company Limited,4819.5,4941.075,4819.5,56.82963459706833,4547.856771408613,5355.526370098965,59.227409925014
2026-09-30,2026-09-28,2026-10-02,2026-09-30,NSE,SAHYADRI,,Sahyadri Industries Limited,351.29998779296875,370.64499816894534,351.29998779296875,58.772385132537075,286.7827756562649,405.7384833182408,56.491833627254884
2026-09-30,2026-09-28,2026-10-02,2026-09-30,NSE,CENTEXT,,Century Extrusions Limited,18.139999389648438,19.80591697692871,18.139999389648438,41.456765450619386,24.25499260518098,22.24634511728266,43.08663644212825
2026-09-30,2026-09-28,2026-10-02,2026-09-30,NSE,LLOYDSME,,Lloyds Metals And Energy Limited,1836.300048828125,1819.2150085449218,1836.300048828125,56.985590466559536,1733.7277817430513,2029.8358883314197,63.91157132258708
2026-09-30,2026-09-28,2026-10-02,2026-09-30,NSE,PRECOT,,Precot Limited,617.7999877929688,666.9500061035156,617.7999877929688,42.941129845632084,574.7667437925968,859.9857725739915,54.34893949729584
2026-09-30,2026-09-28,2026-10-02,2026-09-30,NSE,ROHLTD,,Royal Orchid Hotels Limited,299.04998779296875,302.5299987792969,299.04998779296875,38.831353349072764,352.6442916268842,341.16761779162584,43.384399992618704
2026-09-30,2026-09-28,2026-10-02,2026-09-30,NSE,ESABINDIA,,Esab India Limited,5518.5,5803.675,5518.5,42.96791340162447,5403.985659817079,6645.828252290752,45.82481783718435
2026-09-30,2026-09-28,2026-10-02,2026-09-30,NSE,DAMCAPITAL,,Dam Capital Advisors Limited,158.66000366210938,141.79949798583985,158.66000366210938,52.57428517474602,168.23685616768057,164.39362978884276,30.366260437702266
2026-09-30,2026-09-28,2026-10-02,2026-09-30,NSE,SJS,,S.J.S. Enterprises Limited,2261.699951171875,2333.0000244140624,2261.699951171875,54.34969108964242,2029.487492298488,2593.657446753449,69.15560834534529
2026-09-30,2026-09-28,2026-10-02,2026-09-30,NSE,ELGIEQUIP,,Elgi Equipments Limited,598.8499755859375,616.4224975585937,598.8499755859375,54.733681547770146,520.6392012538158,643.2662153345348,49.212052899777674
2026-09-30,2026-09-28,2026-10-02,2026-09-30,NSE,ATLANTAA,,ATLANTAA LIMITED,35.31999969482422,37.270000267028806,35.31999969482422,41.99672314501191,46.120104348263496,43.228597373229356,39.96795178360529
2026-09-30,2026-09-28,2026-10-02,2026-09-30,NSE,SIS,,SIS LIMITED,394.20001220703125,422.23999786376953,394.20001220703125,47.1927098033988,359.2321132898603,448.5687197638532,50.29328701847222
2026-09-30,2026-09-28,2026-10-02,2026-09-30,NSE,TECHNOE,,Techno Electric & Engineering Company Limited,981.8499755859375,984.0274993896485,981.8499755859375,43.77674332617037,1209.0751801573324,1195.790443916174,40.16246753144539
2026-09-30,2026-09-28,2026-10-02,2026-09-30,NSE,VISACHROME,,VISA Chrome Limited,33.36000061035156,34.992500114440915,33.36000061035156,41.89394696879505,46.0439112367592,50.39805316058396,47.64449963327211
2026-09-30,2026-09-28,2026-10-02,2026-09-30,NSE,SUBROS,,Subros Limited,700.2999877929688,708.4674926757813,700.2999877929688,40.87088494239808,845.1606288803014,855.3300490845363,46.879178818555474
2026-09-30,2026-09-28,2026-10-02,2026-09-30,NSE,MICEL,,MIC Electronics Limited,35.380001068115234,35.872500038146974,35.380001068115234,44.08698185144529,32.92352852987345,44.76809331552203,26.404491561807887
2026-09-30,2026-09-28,2026-10-02,2026-09-30,NSE,GAYAHWS,,Gayatri Highways Limited,1.840000033378601,1.9084999978542327,1.840000033378601,40.641792048608025,2.467580178520006,2.3167246410761084,50.80409908253232
2026-09-30,2026-09-28,2026-10-02,2026-09-30,NSE,MAHSCOOTER,,Maharashtra Scooters Limited,12804.0,13322.45,12804.0,47.26180380373471,11395.973142248073,13993.861056511329,51.61633609384002
2026-09-30,2026-09-28,2026-10-02,2026-09-30,NSE,DEEPAKNTR,,Deepak Nitrite Limited,1550.800048828125,1631.2400268554688,1550.800048828125,42.07245553409457,1449.7159552058824,1801.995750139929,34.3712919470953
2026-09-30,2026-09-28,2026-10-02,2026-09-30,NSE,NAHARINDUS,,Nahar Industrial Enterprises Limited,127.47000122070312,132.76300086975098,127.47000122070312,56.046134958248466,101.63762451104186,138.0705908562611,49.245009615002225
2026-09-30,2026-09-28,2026-10-02,2026-09-30,NSE,GICHSGFIN,,GIC Housing Finance Limited,135.72000122070312,138.50649948120116,135.72000122070312,36.81434217306951,159.04136902060597,162.98776375087775,28.44840854991571
2026-09-30,2026-09-28,2026-10-02,2026-09-30,NSE,TEAMGTY,,Team India Guaranty Limited,235.00999450683594,238.857999420166,235.00999450683594,46.950549302316844,204.5102484041448,254.4917870575187,58.81989254148202
2026-09-30,2026-09-28,2026-10-02,2026-09-30,NSE,NAHARSPING,,Nahar Spinning Mills Limited,267.29998779296875,278.1574981689453,267.29998779296875,50.999954169888845,238.52819552357892,307.78254389351815,49.91578963783262
2026-09-30,2026-09-28,2026-10-02,2026-09-30,NSE,CARTRADE,,Cartrade Tech Limited,2880.10009765625,3001.675,2880.10009765625,59.42059766073623,2336.315812061812,3457.74769211301,67.45625933718212
2026-09-30,2026-09-28,2026-10-02,2026-09-30,NSE,GRWRHITECH,,Garware Hi-Tech Films Limited,6653.5,6764.1,6653.5,61.01660071440213,5649.007312886032,7655.548497631841,61.60599752123433
2026-09-30,2026-09-28,2026-10-02,2026-09-30,NSE,KDDL,,KDDL Limited,4014.10009765625,3934.6099609375,4014.10009765625,73.95401938524407,3145.500253903988,4372.929016154432,63.36171139528608
2026-09-30,2026-09-28,2026-10-02,2026-09-30,NSE,GLOBAL,,Global Education Limited,133.61000061035156,126.7,133.61000061035156,72.60229897713467,100.93868768875016,133.4187506725558,72.19849663641477
2026-09-30,2026-09-28,2026-10-02,2026-09-30,NSE,HBLENGINE,,HBL Engineering Limited,785.6500244140625,730.0550048828125,785.6500244140625,54.17331987618585,627.0721283976156,853.6520009366473,54.513132185166796
2026-09-30,2026-09-28,2026-10-02,2026-09-30,NSE,HAVISHA,,Sri Havisha Hospitality and Infrastructure Limited,1.3799999952316284,1.3470000147819519,1.3799999952316284,47.677158348366525,1.80906457907841,1.5606593374475666,40.36937804316728
2026-09-30,2026-09-28,2026-10-02,2026-09-30,NSE,SMLMAH,,SML Mahindra Limited,6515.5,6306.825,6515.5,66.58073668625651,4843.784721421813,7116.470424720081,70.58825282472716
2026-09-30,2026-09-28,2026-10-02,2026-09-30,NSE,ROML,,Raj Oil Mills Limited,42.90999984741211,42.14599952697754,42.90999984741211,43.846301253871616,50.17599779538368,47.519344654663385,43.10719571759696
2026-09-30,2026-09-28,2026-10-02,2026-09-30,NSE,ANUP,,The Anup Engineering Limited,1632.0,1700.1600036621094,1632.0,36.1996660449133,2041.6264886430724,2383.1214418099935,43.71442141073138
2026-09-30,2026-09-28,2026-10-02,2026-09-30,NSE,EVERESTIND,,Everest Industries Limited,422.04998779296875,420.8824981689453,422.04998779296875,47.89625403552936,327.9549575336572,528.0481184321413,34.35116884530375
2026-09-30,2026-09-28,2026-10-02,2026-09-30,NSE,NACLIND,,NACL Industries Limited,136.52999877929688,153.3969985961914,136.52999877929688,37.30299738415176,186.77585321828496,228.6036774172246,52.68882074577893
2026-09-30,2026-09-28,2026-10-02,2026-09-30,NSE,BUTTERFLY,,Butterfly Gandhimathi Appliances Limited,564.0499877929688,591.4549896240235,564.0499877929688,34.98676135068146,703.5913190542482,776.2742287707161,33.82240701444819
2026-09-30,2026-09-28,2026-10-02,2026-09-30,NSE,BAJFINANCE,,Bajaj Finance Limited,985.0,1029.6550048828126,985.0,47.04006516152402,901.956273547371,1150.537556606721,55.03786089494351
2026-09-30,2026-09-28,2026-10-02,2026-09-30,NSE,FIBERWEB,,Fiberweb (India) Limited,26.399999618530273,26.258500003814696,26.399999618530273,37.50797694413023,33.65748385651213,32.20169264588363,41.16711619747132
2026-09-30,2026-09-28,2026-10-02,2026-09-30,NSE,MUTHOOTCAP,,Muthoot Capital Services Limited,221.1699981689453,233.78250122070312,221.1699981689453,46.886223042983126,195.21228278672368,262.22909411714363,37.085967589551814
2026-09-30,2026-09-28,2026-10-02,2026-09-30,NSE,EMKAY,,Emkay Global Financial Services Limited,288.70001220703125,259.08149948120115,288.70001220703125,60.3067469779546,203.14140769096014,301.6820226922729,56.52806214052109
2026-09-30,2026-09-28,2026-10-02,2026-09-30,NSE,GALLANTT,,Gallantt Ispat Limited,536.5499877929688,550.6225067138672,536.5499877929688,40.03104698908987,678.8335002832788,738.186162397192,51.78767085387083
2026-09-30,2026-09-28,2026-10-02,2026-09-30,NSE,CUMMINSIND,,Cummins India Limited,4855.0,5029.05,4855.0,41.1508367686945,4778.0676843358715,5994.232744924655,54.430138977259745
2026-09-30,2026-09-28,2026-10-02,2026-09-30,NSE,AJMERA,,Ajmera Realty & Infra India Limited,119.62000274658203,117.32750053405762,119.62000274658203,42.95579174656797,141.7950220104836,137.40317437176506,46.791763173643055
2026-09-30,2026-09-28,2026-10-02,2026-09-30,NSE,ARIES,,Aries Agro Limited,470.5,476.9425018310547,470.5,69.26184398625004,356.4225818494431,520.4415409855945,68.24140150426736
2026-09-30,2026-09-28,2026-10-02,2026-09-30,NSE,NAM-INDIA,,Nippon Life India Asset Management Limited,1093.9000244140625,1160.2850036621094,1093.9000244140625,48.777973602524796,988.3193156707302,1249.253974812767,65.03136362079394
2026-09-30,2026-09-28,2026-10-02,2026-09-30,NSE,CROMPTON,,Crompton Greaves Consumer Electricals Limited,218.8000030517578,226.75299987792968,218.8000030517578,33.767986436764005,257.33432082006374,294.3437984595511,31.735613197406735
2026-09-30,2026-09-28,2026-10-02,2026-09-30,NSE,RAYMOND,,Raymond Limited,1179.949951171875,947.1224945068359,1179.949951171875,83.29792895404407,822.9593919376987,1109.2509026156026,52.202435235812466
2026-09-30,2026-09-28,2026-10-02,2026-09-30,NSE,RUBYMILLS,,The Ruby Mills Limited,510.6000061035156,454.3449996948242,510.6000061035156,79.15917512805626,337.8201873846358,520.1201097820853,75.34842194874301
2026-09-30,2026-09-28,2026-10-02,2026-09-30,NSE,EXIDEIND,,Exide Industries Limited,411.75,422.0650009155273,411.75,50.71522481980074,395.0673139671015,490.29176046683335,46.33342758836526
2026-09-30,2026-09-28,2026-10-02,2026-09-30,NSE,DICIND,,DIC India Limited,637.1500244140625,616.6149963378906,637.1500244140625,67.02016997585693,499.0823133423937,660.0112823824131,51.63519068730502
2026-09-30,2026-09-28,2026-10-02,2026-09-30,NSE,KALYANKJIL,,Kalyan Jewellers India Limited,564.0,589.1824981689454,564.0,59.53203276220048,465.5675939340234,723.2321726998457,48.60396013814598
2026-09-30,2026-09-28,2026-10-02,2026-09-30,NSE,MUKANDLTD,,Mukand Limited,171.02999877929688,142.03899917602538,171.02999877929688,70.2056199276916,133.83942109179353,160.85055656022627,56.845079301843924
2026-09-30,2026-09-28,2026-10-02,2026-09-30,NSE,TFCILTD,,Tourism Finance Corporation of India Limited,139.67999267578125,141.31699981689454,139.67999267578125,80.30171349003683,109.75921112248683,161.40941721324643,85.97927992098334
2026-09-30,2026-09-28,2026-10-02,2026-09-30,NSE,PANAMAPET,,Panama Petrochem Limited,467.3500061035156,478.41749877929686,467.3500061035156,58.60304612534005,338.84432035050725,550.2790774346862,63.39835178059717
2026-09-30,2026-09-28,2026-10-02,2026-09-30,NSE,BAJAJHIND,,Bajaj Hindusthan Sugar Limited,20.450000762939453,20.915500164031982,20.450000762939453,54.665565026619845,15.721880726071392,22.683202469304288,36.32778704231243
2026-09-30,2026-09-28,2026-10-02,2026-09-30,NSE,ENERGYDEV,,Energy Development Company Limited,14.829999923706055,15.024499988555908,14.829999923706055,39.11235453156382,18.33295009047592,18.055726711776433,38.4576063004063
2026-09-30,2026-09-28,2026-10-02,2026-09-30,NSE,QUICKHEAL,,Quick Heal Technologies Limited,143.39999389648438,148.48700027465821,143.39999389648438,36.923005685421224,176.29322366595,193.6819085151379,24.87359180484735
2026-09-30,2026-09-28,2026-10-02,2026-09-30,NSE,INTELLECT,,Intellect Design Arena Limited,631.5499877929688,667.3624969482422,631.5499877929688,33.077405050934104,757.7574295090593,795.6465647789764,41.233105115594235
2026-09-30,2026-09-28,2026-10-02,2026-09-30,NSE,NAHARPOLY,,Nahar Poly Films Limited,221.85000610351562,233.57449951171876,221.85000610351562,39.720320046388466,283.9281301206014,272.58091452899095,46.641079080266756
2026-09-30,2026-09-28,2026-10-02,2026-09-30,NSE,SVPGLOB,,SVP GLOBAL TEXTILES LIMITED,3.1600000858306885,3.4519999861717223,3.1600000858306885,39.237918004503996,2.7468749772958754,4.236738934007097,38.34601985998258
2026-09-30,2026-09-28,2026-10-02,2026-09-30,NSE,PREMIERPOL,,Premier Polyfilm Limited,92.80999755859375,88.6765007019043,92.80999755859375,64.40694105109793,59.500964690403066,101.4994515429128,71.83155734585289
2026-09-30,2026-09-28,2026-10-02,2026-09-30,NSE,NILKAMAL,,Nilkamal Limited,1918.0,1987.6699951171875,1918.0,65.16882455225812,1565.6727471934623,2290.122717037364,57.05833125573551
2026-09-30,2026-09-28,2026-10-02,2026-09-30,NSE,HINDCOMPOS,,Hindustan Composites Limited,379.20001220703125,385.19000244140625,379.20001220703125,39.40987743278708,330.09164216035833,449.60369285660636,38.89906754721981
2026-09-30,2026-09-28,2026-10-02,2026-09-30,NSE,SYNCOMF,,Syncom Formulations (India) Limited,22.200000762939453,20.063000011444093,22.200000762939453,76.19488292017252,14.476755125249817,21.86482098210192,58.12542733060154
2026-09-30,2026-09-28,2026-10-02,2026-09-30,NSE,SOMATEX,,Soma Textiles & Industries Limited,80.3499984741211,83.46799964904785,80.3499984741211,41.5421352115018,109.43800481230404,114.21540993240586,51.35010111606342
2026-09-30,2026-09-28,2026-10-02,2026-09-30,NSE,KALYANIFRG,,Kalyani Forge Limited,990.0,1005.3775115966797,990.0,74.15358151046068,624.8779370769073,1063.0060222268,73.04195009724491
2026-09-30,2026-09-28,2026-10-02,2026-09-30,NSE,GOKULAGRO,,Gokul Agro Resources Limited,216.16000366210938,226.1424987792969,216.16000366210938,49.01074627828554,191.1477914990623,243.86344355633915,58.15650381418587
2026-09-30,2026-09-28,2026-10-02,2026-09-30,NSE,BHARATWIRE,,Bharat Wire Ropes Limited,166.35000610351562,172.175,166.35000610351562,37.72129999133048,209.6106582238117,230.84914685292281,38.80041492414333
2026-09-30,2026-09-28,2026-10-02,2026-09-30,NSE,NESCO,,Nesco Limited,1086.4000244140625,1078.804998779297,1086.4000244140625,47.512126271915264,1020.1331022781974,1191.0589245804113,52.41916221453611
2026-09-30,2026-09-28,2026-10-02,2026-09-30,NSE,METROBRAND,,Metro Brands Limited,875.1500244140625,926.7075012207031,875.1500244140625,33.64890713003089,1024.2682809861335,1108.991550527751,36.97321226950667
2026-09-30,2026-09-28,2026-10-02,2026-09-30,NSE,PIDILITIND,,Pidilite Industries Limited,1503.0,1572.7899963378907,1503.0,44.09715509285771,1476.9447279218748,1696.7923581515001,46.200300029510544
2026-09-30,2026-09-28,2026-10-02,2026-09-30,NSE,ZENITHSTL,,Zenith Steel Pipes & Industries Limited,5.170000076293945,5.586999988555908,5.170000076293945,41.136926715017914,4.344577695049162,6.11806877467257,36.09022775581034
2026-09-30,2026-09-28,2026-10-02,2026-09-30,NSE,BYKE,,The Byke Hospitality Ltd,29.1299991607666,30.938500022888185,29.1299991607666,35.7241562074626,37.23535135480947,36.82644184972896,36.900811191696214
2026-09-30,2026-09-28,2026-10-02,2026-09-30,NSE,TIRUPATIFL,,Tirupati Forge Limited,76.72000122070312,70.80750007629395,76.72000122070312,70.2368188341585,54.17092902513984,86.79901978624387,72.34818468555822
2026-09-30,2026-09-28,2026-10-02,2026-09-30,NSE,CENTUM,,Centum Electronics Limited,4571.2001953125,4281.325024414063,4571.2001953125,69.97444859984162,3439.6816116741875,4548.354900812141,73.47795136208974
2026-09-30,2026-09-28,2026-10-02,2026-09-30,NSE,RITES,,RITES Limited,196.11000061035156,208.11050033569336,196.11000061035156,39.21645700208531,180.13838396033591,230.53187764832435,34.20510273502134
2026-09-30,2026-09-28,2026-10-02,2026-09-30,NSE,DHUNINV,,Dhunseri Investments Limited,968.5,997.2100036621093,968.5,50.32908964802583,716.6193525883881,1089.0348760169793,28.404232340005876
2026-09-30,2026-09-28,2026-10-02,2026-09-30,NSE,HALEOSLABS,,HALEOS LABS LIMITED,1513.5,1482.9050048828126,1513.5,54.69430927505255,1217.438209109032,1658.499236509505,53.241478885186034
2026-09-30,2026-09-28,2026-10-02,2026-09-30,NSE,DOMS,,DOMS Industries Limited,2046.5,2147.4400146484377,2046.5,35.34396277193996,2342.558336287398,2373.035213521349,37.20941362610828
2026-09-30,2026-09-28,2026-10-02,2026-09-30,NSE,GILLETTE,,Gillette India Limited,6925.5,7249.0,6925.5,29.3113702381756,7737.360435082298,8155.218519348832,41.11502747376852
2026-09-30,2026-09-28,2026-10-02,2026-09-30,NSE,BOSCHLTD,,Bosch Limited,47020.0,47944.0,47020.0,62.94122252994364,41238.693924660336,51354.428916530174,61.25629920551397
2026-09-30,2026-09-28,2026-10-02,2026-09-30,NSE,AVONMORE,,Avonmore Capital & Management Services Limited,12.65999984741211,13.33550009727478,12.65999984741211,50.75994823890661,9.543925702532068,14.35637274946968,47.30055823320512
2026-09-30,2026-09-28,2026-10-02,2026-09-30,NSE,INDIANHUME,,Indian Hume Pipe Company Limited,350.3500061035156,370.48499908447263,350.3500061035156,46.54435720954753,294.7816914811119,422.20508980324473,41.792760937519986
2026-09-30,2026-09-28,2026-10-02,2026-09-30,NSE,PURVA,,Puravankara Limited,209.99000549316406,214.63699951171876,209.99000549316406,45.8309632280568,239.65147921277833,228.3734668605245,32.8750418841055
2026-09-30,2026-09-28,2026-10-02,2026-09-30,NSE,SOMICONVEY,,Somi Conveyor Beltings Limited,89.18000030517578,91.771000289917,89.18000030517578,41.02801553772074,119.68664158420874,109.97287667388105,40.53679513086182
2026-09-30,2026-09-28,2026-10-02,2026-09-30,NSE,JINDALSAW,,Jindal Saw Limited,276.1499938964844,298.6550018310547,276.1499938964844,55.584233475102444,238.4513519496812,316.4249955946427,46.831718480207414
2026-09-30,2026-09-28,2026-10-02,2026-09-30,NSE,RPPINFRA,,R.P.P. Infra Projects Limited,51.52000045776367,55.51500015258789,51.52000045776367,33.16079560829699,69.20581598475322,72.34917686958256,27.161956025151966
2026-09-30,2026-09-28,2026-10-02,2026-09-30,NSE,SARVESHWAR,,Sarveshwar Foods Limited,3.490000009536743,3.6820000290870665,3.490000009536743,44.69357296476153,4.044209883401742,3.999256767056403,28.67363601130971
2026-09-30,2026-09-28,2026-10-02,2026-09-30,NSE,TIMKEN,,Timken India Limited,3180.5,3190.6499877929687,3180.5,46.36092286108417,3058.6512790211154,3777.914776518149,44.76063879077428
2026-09-30,2026-09-28,2026-10-02,2026-09-30,NSE,DOLLAR,,Dollar Industries Limited,269.5,268.7175003051758,269.5,46.76955155611646,220.7725434841075,283.5013168789148,29.127541559587698
2026-09-30,2026-09-28,2026-10-02,2026-09-30,NSE,SINDHUTRAD,,Sindhu Trade Links Limited,23.239999771118164,24.15950002670288,23.239999771118164,45.49710906698865,18.885619244957347,27.284339369678985,48.54391148584182
2026-09-30,2026-09-28,2026-10-02,2026-09-30,NSE,LUPIN,,Lupin Limited,2062.0,2101.7,2062.0,33.93216381432772,2329.439383819152,2538.5893067742977,43.60297093211751
2026-09-30,2026-09-28,2026-10-02,2026-09-30,NSE,ALMONDZ,,Almondz Global Securities Limited,21.09000015258789,18.839999961853028,21.09000015258789,70.20383862907073,14.813355681159454,20.728377159312807,47.56351743309637
2026-09-30,2026-09-28,2026-10-02,2026-09-30,NSE,NIRAJISPAT,,Niraj Ispat Industries Limited,301.0,324.4489990234375,301.0,57.779360770803024,249.48421134322166,341.2212735207887,56.51233766347089
2026-09-30,2026-09-28,2026-10-02,2026-09-30,NSE,RCOM,,Reliance Communications Limited,0.8899999856948853,0.9045000016689301,0.8899999856948853,47.41208308992545,0.7513868429033606,0.997516246588826,38.46547286309797
2026-09-30,2026-09-28,2026-10-02,2026-09-30,NSE,HAPPYFORGE,,Happy Forgings Limited,1996.699951171875,2178.65498046875,1996.699951171875,64.0586187781033,1809.181619284727,2445.7999837600314,63.960866708767156
2026-09-30,2026-09-28,2026-10-02,2026-09-30,NSE,RAMCOCEM,,The Ramco Cements Limited,848.6500244140625,871.1224975585938,848.6500244140625,34.38102284906823,986.5623791485991,952.1234147569924,45.73051310675508
2026-09-30,2026-09-28,2026-10-02,2026-09-30,NSE,THOMASCOOK,,Thomas Cook  (India)  Limited,102.18000030517578,106.31949958801269,102.18000030517578,44.74927293341723,121.91216169094096,116.94536768040956,34.6032840405216
2026-09-30,2026-09-28,2026-10-02,2026-09-30,NSE,INDOTECH,,Indo Tech Transformers Limited,3133.699951171875,3458.00498046875,3133.699951171875,53.66714569652998,2693.6033530079985,4114.714458400546,60.01479251087542
2026-09-30,2026-09-28,2026-10-02,2026-09-30,NSE,NEUEON,,Neueon Corporation Limited,15.100000381469727,12.16100001335144,15.100000381469727,50.17844233764427,17.85101152692796,25.192672313969638,61.85831730617667
2026-09-30,2026-09-28,2026-10-02,2026-09-30,NSE,STERTOOLS,,Sterling Tools Limited,224.1300048828125,219.3290008544922,224.1300048828125,46.36594613089359,178.38176012490436,258.65351810483844,34.335330021505754
2026-09-30,2026-09-28,2026-10-02,2026-09-30,NSE,SURYAROSNI,,Surya Roshni Limited,220.10000610351562,215.33850173950196,220.10000610351562,43.168841887280124,200.4289179792239,275.8475120761277,39.4446589209301
2026-09-30,2026-09-28,2026-10-02,2026-09-30,NSE,COFFEEDAY,,Coffee Day Enterprises Limited,29.920000076293945,31.085000228881835,29.920000076293945,47.708298937712115,26.786897312200434,37.11915768178211,46.30131213412861
2026-09-30,2026-09-28,2026-10-02,2026-09-30,NSE,GANGESSECU,,Ganges Securities Limited,112.79000091552734,115.97700004577636,112.79000091552734,39.207140284365934,135.92810682345439,124.46636235534852,41.2248678039664
2026-09-30,2026-09-28,2026-10-02,2026-09-30,NSE,IRCTC,,Indian Railway Catering And Tourism Corporation Limited,453.5,466.8700012207031,453.5,32.182468032564614,514.5996354244168,542.4050204564296,22.65152551822578
2026-09-30,2026-09-28,2026-10-02,2026-09-30,NSE,GAYAPROJ,,Gayatri Projects Limited,21.959999084472656,23.58450002670288,21.959999084472656,55.70156855983312,17.419573891807435,25.438357236272296,75.98521976989946
2026-09-30,2026-09-28,2026-10-02,2026-09-30,NSE,TOTAL,,Total Transport Systems Limited,70.33999633789062,71.97549972534179,70.33999633789062,57.533247606745164,48.64512877814231,79.61533500432452,47.601664985033224
2026-09-30,2026-09-28,2026-10-02,2026-09-30,NSE,LGBBROSLTD,,LG Balakrishnan & Bros Limited,1730.5999755859375,1721.1699951171875,1730.5999755859375,58.115617265087494,1506.8048235167219,1765.594789560053,55.82370934694309
2026-09-30,2026-09-28,2026-10-02,2026-09-30,NSE,INDOTHAI,,Indo Thai Securities Limited,30.40999984741211,36.78549995422363,30.40999984741211,19.54056835405777,84.7096177484126,331.4385923431123,38.83716395368513
2026-09-30,2026-09-28,2026-10-02,2026-09-30,NSE,TIRUMALCHM,,Thirumalai Chemicals Limited,155.0399932861328,157.76999893188477,155.0399932861328,38.66581880564674,198.00581231671714,198.15785801819655,34.71021173829173
2026-09-30,2026-09-28,2026-10-02,2026-09-30,NSE,BODALCHEM,,Bodal Chemicals Limited,201.92999267578125,176.61149940490722,201.92999267578125,91.06251996403051,146.84756389693484,200.68102587645973,82.36739309860056
2026-09-30,2026-09-28,2026-10-02,2026-09-30,NSE,CONCORDBIO,,Concord Biotech Limited,1392.699951171875,1475.7900024414062,1392.699951171875,52.00485599348766,1152.2981900343725,1605.3998044856332,44.02129599194657
2026-09-30,2026-09-28,2026-10-02,2026-09-30,NSE,MOTILALOFS,,Motilal Oswal Financial Services Limited,1011.5999755859375,1017.7999969482422,1011.5999755859375,60.765047326588885,834.0042619661529,1080.3593625022927,58.085098500404506
2026-09-30,2026-09-28,2026-10-02,2026-09-30,NSE,BIRLACORPN,,Birla Corporation Limited,839.0999755859375,841.1675048828125,839.0999755859375,38.24773719163654,976.1702883323128,1056.4783126565317,36.13939370920237
2026-09-30,2026-09-28,2026-10-02,2026-09-30,NSE,DTIL,,Dhunseri Tea & Industries Limited,139.9499969482422,144.61800003051758,139.9499969482422,48.80569771640345,108.68737433972912,154.76713545391894,35.79120832422039
2026-09-30,2026-09-28,2026-10-02,2026-09-30,NSE,PREMIER,,Premier Limited,2.700000047683716,2.7884999990463255,2.700000047683716,41.32049689305496,3.579146180378075,3.099361329447522,38.156281441771284
2026-09-30,2026-09-28,2026-10-02,2026-09-30,NSE,NIITMTS,,NIIT Learning Systems Limited,205.38999938964844,221.92600021362304,205.38999938964844,33.671839098447975,263.3885242356804,250.91672144323505,29.062719747754045
2026-09-30,2026-09-28,2026-10-02,2026-09-30,NSE,ZFCVINDIA,,ZF Commercial Vehicle Control Systems India Limited,2332.800048828125,2461.009973144531,2332.800048828125,43.290159301701266,2205.9057283362017,2705.686374474527,44.43040603811553
2026-09-30,2026-09-28,2026-10-02,2026-09-30,NSE,BHARTIHEXA,,Bharti Hexacom Limited,1426.5,1514.9399963378905,1426.5,38.85277712036558,1695.7868965307482,1647.3357114696619,46.749981133532955
2026-09-30,2026-09-28,2026-10-02,2026-09-30,NSE,SOLARINDS,,Solar Industries India Limited,19150.0,20504.75,19150.0,54.623419358944965,18101.43601440749,21495.81925062751,63.97069055450204
2026-09-30,2026-09-28,2026-10-02,2026-09-30,NSE,INFOBEAN,,InfoBeans Technologies Limited,144.4199981689453,153.69649963378907,144.4199981689453,41.817268108136346,186.00643104984792,176.00357553781117,51.011990230523175
2026-09-30,2026-09-28,2026-10-02,2026-09-30,NSE,HINDOILEXP,,Hindustan Oil Exploration Company Limited,172.97999572753906,180.13050079345703,172.97999572753906,55.85348717887654,147.58523829676813,184.96889960475016,44.028526475656555
2026-09-30,2026-09-28,2026-10-02,2026-09-30,NSE,APEX,,Apex Frozen Foods Limited,338.6499938964844,362.395002746582,338.6499938964844,40.54422905843546,302.0569303985353,449.7047044252157,52.78615652123032
2026-09-30,2026-09-28,2026-10-02,2026-09-30,NSE,MANGLMCEM,,Mangalam Cement Limited,1000.5,1040.489990234375,1000.5,56.68795096020743,868.5012689082696,1112.3442988375452,55.44629969289632
2026-09-30,2026-09-28,2026-10-02,2026-09-30,NSE,PETRONET,,Petronet LNG Limited,289.8500061035156,287.25000457763673,289.8500061035156,54.82672942320823,316.35958897557975,296.7018452738742,45.30159531216048
2026-09-30,2026-09-28,2026-10-02,2026-09-30,NSE,MAGADSUGAR,,Magadh Sugar & Energy Limited,541.2000122070312,538.6250045776367,541.2000122070312,54.64987756789558,438.59783615675684,595.8769937839569,40.40415489706821
2026-09-30,2026-09-28,2026-10-02,2026-09-30,NSE,ASHAPURMIN,,Ashapura Minechem Limited,502.6000061035156,533.5124984741211,502.6000061035156,35.25265810374688,643.0419228849055,788.4638816196855,50.83940083991717
2026-09-30,2026-09-28,2026-10-02,2026-09-30,NSE,CENTURYPLY,,Century Plyboards (India) Limited,679.0499877929688,722.1475006103516,679.0499877929688,33.86527156143549,804.824748409927,820.3349306874159,38.90617811091665
2026-09-30,2026-09-28,2026-10-02,2026-09-30,NSE,MASFIN,,MAS Financial Services Limited,279.1000061035156,290.7150024414062,279.1000061035156,35.167282984495316,329.451597344382,328.88236850269783,44.52729803928553
2026-09-30,2026-09-28,2026-10-02,2026-09-30,NSE,NRBBEARING,,NRB Bearing Limited,541.5,497.8675018310547,541.5,75.4942080529357,408.5713545545982,548.1291198903483,70.11249063884188
2026-09-30,2026-09-28,2026-10-02,2026-09-30,NSE,AVADHSUGAR,,Avadh Sugar & Energy Limited,808.4000244140625,777.1499969482422,808.4000244140625,72.38618955303656,596.8547888215982,905.343072252449,58.993078216295835
2026-09-30,2026-09-28,2026-10-02,2026-09-30,NSE,IDEAFORGE,,Ideaforge Technology Limited,716.4000244140625,743.0524993896485,716.4000244140625,47.57244470167576,619.8361390063254,961.001151636389,52.00748474302587
2026-09-30,2026-09-28,2026-10-02,2026-09-30,NSE,OPTIEMUS,,Optiemus Infracom Limited,809.9500122070312,625.6374969482422,809.9500122070312,76.48242683622819,547.2368663227446,756.3152297762308,57.47161326244446
2026-09-30,2026-09-28,2026-10-02,2026-09-30,NSE,BLKASHYAP,,B. L. Kashyap and Sons Limited,51.900001525878906,54.27349987030029,51.900001525878906,45.96123627664446,61.93206756238406,58.937138678504,38.08297811660771
2026-09-30,2026-09-28,2026-10-02,2026-09-30,NSE,GLOSTERLTD,,Gloster Limited,545.5,582.6700012207032,545.5,36.06560620628199,676.6832517010884,745.4206576863384,40.51016966867972
2026-09-30,2026-09-28,2026-10-02,2026-09-30,NSE,UNICHEMLAB,,Unichem Laboratories Limited,536.4000244140625,545.6550079345703,536.4000244140625,57.03049793257572,381.0382619815239,651.3920023450463,49.9365812018263
2026-09-30,2026-09-28,2026-10-02,2026-09-30,NSE,JPPOWER,,Jaiprakash Power Ventures Limited,15.520000457763672,16.045500135421754,15.520000457763672,40.72359746569358,14.086304163314372,20.347391754653067,44.96707845649115
2026-09-30,2026-09-28,2026-10-02,2026-09-30,NSE,BETA,,Beta Drugs Limited,2040.300048828125,2128.839990234375,2040.300048828125,53.14513638709865,1663.2601098527807,2697.4809806991925,57.720380079446755
2026-09-30,2026-09-28,2026-10-02,2026-09-30,NSE,NDLVENTURE,,NDL Ventures Limited,121.43000030517578,122.75100059509278,121.43000030517578,50.008109160588816,101.40137205674324,136.21624250248965,52.93067633309117
2026-09-30,2026-09-28,2026-10-02,2026-09-30,NSE,SGL,,STL Global Limited,9.119999885559082,9.725000047683716,9.119999885559082,36.05260496251013,12.33620632359326,11.341965308065754,38.731118462578586
2026-09-30,2026-09-28,2026-10-02,2026-09-30,NSE,ITDC,,India Tourism Development Corporation Limited,662.5,662.3299987792968,662.5,53.11737828663455,494.0442063579197,770.6729629034764,52.530149277977735
2026-09-30,2026-09-28,2026-10-02,2026-09-30,NSE,BHAGERIA,,Bhageria Industries Limited,380.8500061035156,321.85899963378904,380.8500061035156,78.86711471839442,274.8657297629165,373.534655940315,70.01858175561193
2026-09-30,2026-09-28,2026-10-02,2026-09-30,NSE,SOMANYCERA,,Somany Ceramics Limited,620.0499877929688,574.5299987792969,620.0499877929688,72.95754136726495,506.59422770204776,607.8423599325016,52.18693187159032
2026-09-30,2026-09-28,2026-10-02,2026-09-30,NSE,MPHASIS,,MphasiS Limited,2237.5,2332.339990234375,2237.5,43.03825907949064,2589.678114153408,2509.249828036369,39.28253544839862
2026-09-30,2026-09-28,2026-10-02,2026-09-30,NSE,ABBOTINDIA,,Abbott India Limited,26740.0,26233.75,26740.0,48.79672168582324,28462.644731120447,28387.165206193815,47.21903417877088
2026-09-30,2026-09-28,2026-10-02,2026-09-30,NSE,ZOTA,,Zota Health Care LImited,1322.199951171875,1173.0049865722656,1322.199951171875,54.89097318008684,1431.0504879819587,1467.8186625483834,58.68537481181583
2026-09-30,2026-09-28,2026-10-02,2026-09-30,NSE,DPSCLTD,,DPSC Limited,6.989999771118164,7.13699996471405,6.989999771118164,33.73503769648623,8.486510528490692,8.201752841307057,25.03405648287881
2026-09-30,2026-09-28,2026-10-02,2026-09-30,NSE,FMNL,,Future Market Networks Limited,7.940000057220459,9.149000144004821,7.940000057220459,39.318364409439845,7.036559519572971,11.544767066456123,46.90049706385906
2026-09-30,2026-09-28,2026-10-02,2026-09-30,NSE,DIVISLAB,,Divi's Laboratories Limited,9550.0,9370.375,9550.0,84.06319447856673,8324.409138590237,10174.444679021854,75.41174496104091
2026-09-30,2026-09-28,2026-10-02,2026-09-30,NSE,PVP,,PVP Ventures Limited,58.849998474121094,63.39149990081787,58.849998474121094,67.30262097198226,41.740024959443936,71.36918053841049,64.01154225145669
2026-09-30,2026-09-28,2026-10-02,2026-09-30,NSE,ASIANHOTNR,,Asian Hotels (North) Limited,372.0,384.07749938964844,372.0,62.05499592091612,273.45632894195006,391.87097267502986,71.55573847439611
2026-09-30,2026-09-28,2026-10-02,2026-09-30,NSE,SHEMAROO,,Shemaroo Entertainment Limited,121.6500015258789,122.08600006103515,121.6500015258789,53.434573412109955,93.72878030329818,136.15248670466846,42.35192355438608
2026-09-30,2026-09-28,2026-10-02,2026-09-30,NSE,JAYSREETEA,,Jayshree Tea & Industries Limited,86.83000183105469,92.88100051879883,86.83000183105469,47.063419701856965,77.06865208356515,100.00346531162282,39.298938287768244
2026-09-30,2026-09-28,2026-10-02,2026-09-30,NSE,ADANIGREEN,,Adani Green Energy Limited,1235.0,1287.825,1235.0,43.98696486112282,1514.3013996529842,1601.4238663840042,42.45738732958074
2026-09-30,2026-09-28,2026-10-02,2026-09-30,NSE,REPL,,Rudrabhishek Enterprises Limited,61.20000076293945,60.728499794006346,61.20000076293945,36.15129956193513,78.17651233070924,73.02579261649856,33.75545738961807
2026-09-30,2026-09-28,2026-10-02,2026-09-30,NSE,DATAMATICS,,Datamatics Global Services Limited,784.2000122070312,769.7399963378906,784.2000122070312,48.674320142364394,681.5701734590505,883.2286301711305,55.06151672295345
2026-09-30,2026-09-28,2026-10-02,2026-09-30,NSE,ASHIANA,,Ashiana Housing Limited,388.79998779296875,364.4824966430664,388.79998779296875,60.077458470618005,302.5969206524487,399.37009164151726,58.09383929796976
2026-09-30,2026-09-28,2026-10-02,2026-09-30,NSE,NBIFIN,,N. B. I. Industrial Finance Company Limited,1948.199951171875,1972.0899963378906,1948.199951171875,45.577129441000736,1619.218066101268,2254.8809142692385,46.611471108056705
2026-09-30,2026-09-28,2026-10-02,2026-09-30,NSE,DWARKESH,,Dwarikesh Sugar Industries Limited,43.369998931884766,44.49500026702881,43.369998931884766,49.25132506778362,36.729463582761355,51.23037091015972,39.84686236900945
2026-09-30,2026-09-28,2026-10-02,2026-09-30,NSE,VRLLOG,,VRL Logistics Limited,287.0,291.5375,287.0,58.473337538432276,246.44243069781209,316.44322930220375,53.16376713229233
2026-09-30,2026-09-28,2026-10-02,2026-09-30,NSE,PFOCUS,,Prime Focus Limited,315.20001220703125,317.8675018310547,315.20001220703125,58.981608404205794,236.91386423556662,345.8563480844873,65.68441340107299
2026-09-30,2026-09-28,2026-10-02,2026-09-30,NSE,NIRAJ,,Niraj Cement Structurals Limited,27.899999618530273,28.216999816894532,27.899999618530273,44.79996795332951,21.805949873814974,31.75435315202904,35.386673878230766
2026-09-30,2026-09-28,2026-10-02,2026-09-30,NSE,UNITEDPOLY,,United Polyfab Gujarat Limited,45.279998779296875,43.030999755859376,45.279998779296875,70.41303032422026,34.1194714510871,47.02746282220625,68.09981415748601
2026-09-30,2026-09-28,2026-10-02,2026-09-30,NSE,EXCELINDUS,,Excel Industries Limited,942.7999877929688,979.7,942.7999877929688,46.50374702544885,838.9717306248845,1067.7476237064604,38.6362148428034
2026-09-30,2026-09-28,2026-10-02,2026-09-30,NSE,NORBTEAEXP,,Norben Tea & Exports Limited,66.62000274658203,66.47550048828126,66.62000274658203,45.29190301888028,87.1020268107174,80.29435284832853,56.90380094985683
2026-09-30,2026-09-28,2026-10-02,2026-09-30,NSE,MANORG,,Mangalam Organics Limited,446.54998779296875,471.18499755859375,446.54998779296875,44.020787843910654,403.6748034811703,591.0422452441486,46.27267371078104
2026-09-30,2026-09-28,2026-10-02,2026-09-30,NSE,VIVIDHA,,Visagar Polytex Limited,0.5199999809265137,0.5149999856948853,0.5199999809265137,44.71291956527711,0.6856899591458523,0.5634664106837095,28.119270714366777
2026-09-30,2026-09-28,2026-10-02,2026-09-30,NSE,GRAPHITE,,Graphite India Limited,799.0,790.7124938964844,799.0,62.882605171159284,625.6898051515316,844.1156327667792,59.62536681106484
2026-09-30,2026-09-28,2026-10-02,2026-09-30,NSE,PODDARMENT,,Poddar Pigments Limited,257.79998779296875,275.16999969482424,257.79998779296875,50.119281314379585,207.17523665177532,282.5353661100565,34.476852878015265
2026-09-30,2026-09-28,2026-10-02,2026-09-30,NSE,AMBER,,Amber Enterprises India Limited,6990.0,7182.925,6990.0,44.5058343773272,6242.237051527658,7978.64221569574,54.17341785485917
2026-09-30,2026-09-28,2026-10-02,2026-09-30,NSE,APARINDS,,Apar Industries Limited,17263.0,17633.6,17263.0,63.6471048689337,13339.921209465516,19278.472976430854,67.12291856551182
2026-09-30,2026-09-28,2026-10-02,2026-09-30,NSE,PRECWIRE,,Precision Wires India Limited,480.6499938964844,474.4699996948242,480.6499938964844,61.70561733054165,341.7699577319855,514.8112411718814,71.93926285588255
2026-09-30,2026-09-28,2026-10-02,2026-09-30,NSE,BASF,,BASF India Limited,3495.800048828125,3664.2099853515624,3495.800048828125,42.11307604500593,3213.153634318135,4064.910175139744,27.9687236422439
2026-09-30,2026-09-28,2026-10-02,2026-09-30,NSE,MUKTAARTS,,Mukta Arts Limited,57.119998931884766,57.17349987030029,57.119998931884766,49.530882544816535,41.3133883622284,65.54612147040548,38.35211021995825
2026-09-30,2026-09-28,2026-10-02,2026-09-30,NSE,RELIABLE,,Reliable Data Services Limited,144.24000549316406,139.93049850463868,144.24000549316406,53.213518862030774,112.91187999744457,154.08673603267064,58.799875117694555
2026-09-30,2026-09-28,2026-10-02,2026-09-30,NSE,BIOCON,,Biocon Limited,374.8999938964844,389.9274963378906,374.8999938964844,37.69219067708794,359.6186042920155,448.18433882961733,49.07104878201221
2026-09-30,2026-09-28,2026-10-02,2026-09-30,NSE,COASTCORP,,Coastal Corporation Limited,36.18000030517578,38.76499996185303,36.18000030517578,33.18106680434387,50.14643796378127,60.11248803092812,40.14467790921929
2026-09-30,2026-09-28,2026-10-02,2026-09-30,NSE,WAAREEENER,,Waaree Energies Limited,2455.0,2547.075,2455.0,33.226858263275574,2840.86774216361,3205.7885419907025,43.41303088929379
2026-09-30,2026-09-28,2026-10-02,2026-09-30,NSE,BAJAJHFL,,Bajaj Housing Finance Limited,82.5199966430664,83.47749977111816,82.5199966430664,41.31973235516535,75.6498542116708,89.55432143769316,25.94456102606587
2026-09-30,2026-09-28,2026-10-02,2026-09-30,NSE,MADHUCON,,Madhucon Projects Limited,3.990000009536743,4.38100004196167,3.990000009536743,31.74392718396571,5.775307221237096,6.51972757615419,31.89390059352982
2026-09-30,2026-09-28,2026-10-02,2026-09-30,NSE,ITCHOTELS,,ITC Hotels Limited,158.57000732421875,157.60150070190429,158.57000732421875,44.518480348564104,149.22775626951955,181.83504656545887,49.04355432494365
2026-09-30,2026-09-28,2026-10-02,2026-09-30,NSE,UFBL,,United Foodbrands Limited,677.8499755859375,706.0199951171875,677.8499755859375,58.36775462818378,523.4550978025558,864.4649609825371,58.52422986610943
2026-09-30,2026-09-28,2026-10-02,2026-09-30,NSE,GVPTECH,,GVP Infotech Limited,7.630000114440918,7.843000030517578,7.630000114440918,51.82699642273086,5.744370252852221,8.469073939869748,37.50038948534207
2026-09-30,2026-09-28,2026-10-02,2026-09-30,NSE,GRSE,,Garden Reach Shipbuilders & Engineers Limited,2245.300048828125,2418.5300170898436,2245.300048828125,34.850044077927365,2162.923414143388,2857.5910736406713,50.875569201413185
2026-09-30,2026-09-28,2026-10-02,2026-09-30,NSE,INDIACEM,,The India Cements Limited,312.3999938964844,345.0374984741211,312.3999938964844,28.45373563287187,385.5009767382995,426.2867064140849,41.52170036891825
2026-09-30,2026-09-28,2026-10-02,2026-09-30,NSE,MALUPAPER,,Malu Paper Mills Limited,31.899999618530273,32.563499736785886,31.899999618530273,48.01935422696973,37.773056130330495,34.55076710579591,39.77878748720668
2026-09-30,2026-09-28,2026-10-02,2026-09-30,NSE,RANEHOLDIN,,Rane Holdings Limited,1584.4000244140625,1631.4350036621095,1584.4000244140625,52.54490114891152,1421.7376628578247,1865.1864361189332,46.741055445415775
2026-09-30,2026-09-28,2026-10-02,2026-09-30,NSE,YUKEN,,Yuken India Limited,1125.8499755859375,1074.9024810791016,1125.8499755859375,75.58827161786645,852.3455751235467,1190.650631980036,55.322699718388755
2026-09-30,2026-09-28,2026-10-02,2026-09-30,NSE,SARDAEN,,Sarda Energy & Minerals Limited,501.29998779296875,507.9874984741211,501.29998779296875,46.07489563256719,477.5498536989302,550.0603966555441,51.949552510414385
2026-09-30,2026-09-28,2026-10-02,2026-09-30,NSE,ALPA,,Alpa Laboratories Limited,59.209999084472656,61.28699932098389,59.209999084472656,34.07343562592318,72.12760743503128,73.32657733806835,28.46657637931581
2026-09-30,2026-09-28,2026-10-02,2026-09-30,NSE,DCAL,,Dishman Carbogen Amcis Limited,164.27000427246094,170.01850204467775,164.27000427246094,38.71821634688402,202.20673120009596,203.87059579954243,47.07519466668496
2026-09-30,2026-09-28,2026-10-02,2026-09-30,NSE,VESUVIUS,,Vesuvius India Limited,385.3999938964844,406.3499984741211,385.3999938964844,28.17867052205591,460.18979041047567,496.8858678884873,37.03206731734867
2026-09-30,2026-09-28,2026-10-02,2026-09-30,NSE,ASTRAMICRO,,Astra Microwave Products Limited,1590.0999755859375,1654.7500061035157,1590.0999755859375,54.60929085082571,1400.265428418892,1997.5940859468237,64.83501019179232
2026-09-30,2026-09-28,2026-10-02,2026-09-30,NSE,SBCL,,Shivalik Bimetal Controls Limited,1110.199951171875,1104.784994506836,1110.199951171875,72.39390456521309,810.9450617088933,1224.2915951882178,73.4933602575874
2026-09-30,2026-09-28,2026-10-02,2026-09-30,NSE,SUNDRMFAST,,Sundram Fasteners Limited,1166.5999755859375,1215.070001220703,1166.5999755859375,63.927852270593135,1047.9169409545334,1345.5820483424286,51.1706032265742
2026-09-30,2026-09-28,2026-10-02,2026-09-30,NSE,MAGNUM,,Magnum Ventures Limited,18.8799991607666,18.99900016784668,18.8799991607666,41.860624934117716,23.43807494292325,20.064260881270254,22.400047113491084
2026-09-30,2026-09-28,2026-10-02,2026-09-30,NSE,GANESHBE,,Ganesh Benzoplast Limited,137.32000732421875,126.1910011291504,137.32000732421875,70.66460891246274,97.2084298737827,138.03001206299757,58.251751263457756
2026-09-30,2026-09-28,2026-10-02,2026-09-30,NSE,TICL,,Twamev Construction and Infrastructure Limited,6.739999771118164,6.9615000009536745,6.739999771118164,23.846939447899658,10.768990204213193,24.017340310504323,31.5742115915736
2026-09-30,2026-09-28,2026-10-02,2026-09-30,NSE,NYKAA,,FSN E-Commerce Ventures Limited,325.5,335.6425018310547,325.5,59.85366909608654,290.4228091824413,366.0252018455587,66.8115162945026
2026-09-30,2026-09-28,2026-10-02,2026-09-30,NSE,MALLCOM,,Mallcom (India) Limited,937.9000244140625,968.3650024414062,937.9000244140625,39.80463391595999,1138.0352728426353,1079.3462798543985,36.34318206021187
2026-09-30,2026-09-28,2026-10-02,2026-09-30,NSE,KEC,,KEC International Limited,390.54998779296875,402.854997253418,390.54998779296875,24.827333996003688,470.41175666689986,556.7166397232862,32.48652630002351
2026-09-30,2026-09-28,2026-10-02,2026-09-30,NSE,WELINV,,Welspun Investments and Commercials Limited,2451.0,2314.5349975585937,2451.0,80.998758530721,1993.1227317465955,2480.8080753899076,75.97997071905795
2026-09-30,2026-09-28,2026-10-02,2026-09-30,NSE,GPTINFRA,,GPT Infraprojects Limited,116.2699966430664,113.30999946594238,116.2699966430664,50.86697902435261,101.01413106952998,127.8869692842135,44.43029137089559
2026-09-30,2026-09-28,2026-10-02,2026-09-30,NSE,KAMDHENU,,Kamdhenu Limited,39.0,39.40600032806397,39.0,68.2532818206072,29.908679091432678,43.66481747161278,45.963320390952454
2026-09-30,2026-09-28,2026-10-02,2026-09-30,NSE,TRF,,TRF Limited,207.5500030517578,220.90399932861328,207.5500030517578,32.71971359143889,260.107168340542,248.1201939285296,26.041811425413798
2026-09-30,2026-09-28,2026-10-02,2026-09-30,NSE,JTLIND,,JTL INDUSTRIES LIMITED,87.87000274658203,88.80800018310546,87.87000274658203,59.47006788724615,66.33689261328281,94.03492602204707,48.06852399016344
2026-09-30,2026-09-28,2026-10-02,2026-09-30,NSE,VISAKAIND,,Visaka Industries Limited,87.20999908447266,91.6814998626709,87.20999908447266,54.48691333004856,73.8211339030809,101.77594047990021,49.977036023659124
2026-09-30,2026-09-28,2026-10-02,2026-09-30,NSE,PNC,,PNC Media and Entertainment Limited,16.68000030517578,16.616499996185304,16.68000030517578,35.147690884085605,23.04785743848585,22.88261407948265,21.42708460299066
2026-09-30,2026-09-28,2026-10-02,2026-09-30,NSE,DELTAMAGNT,,Delta Manufacturing Limited,55.869998931884766,56.44650020599365,55.869998931884766,42.53847346043911,70.57239964435851,62.609411744850924,39.276108906585094
2026-09-30,2026-09-28,2026-10-02,2026-09-30,NSE,DIAMONDYD,,Prataap Snacks Limited,1066.199951171875,1113.1250061035157,1066.199951171875,44.32466818088205,963.0423983176725,1249.74851912411,49.038866850188654
2026-09-30,2026-09-28,2026-10-02,2026-09-30,NSE,STEELCITY,,Steel City Securities Limited,81.87999725341797,85.33150024414063,81.87999725341797,48.881921310685236,71.35636958407532,88.54711637365759,46.139335828949605
2026-09-30,2026-09-28,2026-10-02,2026-09-30,NSE,TVSSCS,,TVS Supply Chain Solutions Limited,128.5,129.2105007171631,128.5,51.296579187782555,105.56937280984755,142.96463078895613,40.07889876711512
2026-09-30,2026-09-28,2026-10-02,2026-09-30,NSE,NINSYS,,NINtec Systems Limited,706.1500244140625,710.0424987792969,706.1500244140625,56.056722432248016,652.2106952508233,891.2067420084235,58.39817378923488
2026-09-30,2026-09-28,2026-10-02,2026-09-30,NSE,BHARTIARTL,,Bharti Airtel Limited,1771.4000244140625,1834.5399963378907,1771.4000244140625,40.13353072876133,1996.6173127462048,2002.0782642317656,48.20569532941367
2026-09-30,2026-09-28,2026-10-02,2026-09-30,NSE,LOKESHMACH,,Lokesh Machines Limited,326.1000061035156,347.04749908447263,326.1000061035156,57.777043067108764,285.80299047801657,385.6319701448208,53.71331390635229
2026-09-30,2026-09-28,2026-10-02,2026-09-30,NSE,VENKEYS,,Venky's (India) Limited,1632.800048828125,1681.1249938964843,1632.800048828125,56.2318861429294,1335.3740281731007,1731.795366461675,47.53750775007658
2026-09-30,2026-09-28,2026-10-02,2026-09-30,NSE,UMIYA-MRO,,UMIYA BUILDCON LIMITED,97.54000091552734,97.99749946594238,97.54000091552734,58.71429858313083,77.80028448460891,101.58250870030487,50.641374329619715
2026-09-30,2026-09-28,2026-10-02,2026-09-30,NSE,SYNGENE,,Syngene International Limited,376.0,384.8874984741211,376.0,34.90434800405674,441.0572471687918,467.32323027989355,28.73758858713174
2026-09-30,2026-09-28,2026-10-02,2026-09-30,NSE,SUPRAJIT,,Suprajit Engineering Limited,483.6000061035156,488.17250061035156,483.6000061035156,51.69545502675395,433.24524309846527,529.6727776574845,49.327626438710446
2026-09-30,2026-09-28,2026-10-02,2026-09-30,NSE,RKFORGE,,Ramkrishna Forgings Limited,703.0999755859375,712.5874938964844,703.0999755859375,61.25987820303595,611.0975159390994,791.4966031296391,45.24986859096743
2026-09-30,2026-09-28,2026-10-02,2026-09-30,NSE,RTNPOWER,,RattanIndia Power Limited,6.860000133514404,7.163000011444092,6.860000133514404,26.804144274693,8.410939089547544,10.289022366572516,33.39182951023584
2026-09-30,2026-09-28,2026-10-02,2026-09-30,NSE,ATGL,,Adani Total Gas Limited,594.4500122070312,609.7725067138672,594.4500122070312,42.59345428187472,538.0775664027462,780.367315024295,42.76081663873438
2026-09-30,2026-09-28,2026-10-02,2026-09-30,NSE,KKCL,,Kewal Kiran Clothing Limited,462.1499938964844,492.3024963378906,462.1499938964844,41.96651338089542,518.191063963239,543.4358410170171,39.349148271142845
2026-09-30,2026-09-28,2026-10-02,2026-09-30,NSE,INNOVANA,,Innovana Thinklabs Limited,289.6499938964844,303.92249908447263,289.6499938964844,35.15574078229112,391.5229481127111,351.47989072575945,39.86065273433985
2026-09-30,2026-09-28,2026-10-02,2026-09-30,NSE,ABSLAMC,,Aditya Birla Sun Life AMC Limited,987.7000122070312,1048.7100067138672,987.7000122070312,45.87511898894473,924.6331663705478,1190.4531907498697,57.520953030016365
2026-09-30,2026-09-28,2026-10-02,2026-09-30,NSE,LINCOLN,,Lincoln Pharmaceuticals Limited,581.8499755859375,610.5774963378906,581.8499755859375,45.017911116912046,513.3718039908713,680.3785811285564,46.743817167057024
2026-09-30,2026-09-28,2026-10-02,2026-09-30,NSE,UNOMINDA,,UNO Minda Limited,1173.0,1224.5749938964843,1173.0,48.827065396340146,1056.6463552976866,1317.2380761274887,51.64981462993858
2026-09-30,2026-09-28,2026-10-02,2026-09-30,NSE,AUROPHARMA,,Aurobindo Pharma Limited,1697.5,1684.410009765625,1697.5,68.30202506381345,1493.149696628806,1765.1661954985727,63.025557002081584
2026-09-30,2026-09-28,2026-10-02,2026-09-30,NSE,ERIS,,Eris Lifesciences Limited,1236.300048828125,1305.854998779297,1236.300048828125,34.97050837440179,1454.870692107867,1489.3010532281219,44.08474120578558
2026-09-30,2026-09-28,2026-10-02,2026-09-30,NSE,SWELECTES,,Swelect Energy Systems Limited,590.4000244140625,571.0425018310547,590.4000244140625,46.998223697690364,504.5909003384121,678.1694961240776,33.06605678641482
2026-09-30,2026-09-28,2026-10-02,2026-09-30,NSE,VINATIORGA,,Vinati Organics Limited,1191.0,1268.780010986328,1191.0,28.07725225465751,1380.5813482432252,1388.7352854720023,25.850602098660218
2026-09-30,2026-09-28,2026-10-02,2026-09-30,NSE,NH,,Narayana Hrudayalaya Ltd.,1820.0999755859375,1887.614990234375,1820.0999755859375,46.106356040776184,1706.395444287965,2052.362857498563,57.85348808586709
2026-09-30,2026-09-28,2026-10-02,2026-09-30,NSE,VENUSREM,,Venus Remedies Limited,1629.199951171875,1622.5149963378906,1629.199951171875,57.37861120219891,1257.216613678065,2000.660169696342,75.38074911822508
2026-09-30,2026-09-28,2026-10-02,2026-09-30,NSE,SKMEGGPROD,,SKM Egg Products Export (India) Limited,211.35000610351562,239.16000061035157,211.35000610351562,43.54727577041161,287.86810361381515,332.24404870770127,54.90006282114798
2026-09-30,2026-09-28,2026-10-02,2026-09-30,NSE,RSYSTEMS,,R Systems International Limited,275.2099914550781,246.32900009155273,275.2099914550781,52.65521746897608,300.62375652412595,275.5412243968782,39.49472206331989
2026-09-30,2026-09-28,2026-10-02,2026-09-30,NSE,BAJAJHCARE,,Bajaj Healthcare Limited,336.6000061035156,333.07250061035154,336.6000061035156,50.165704088276655,380.72867072687814,363.54392231460014,48.05696064755339
2026-09-30,2026-09-28,2026-10-02,2026-09-30,NSE,JMA,,Jullundur Motor Agency (Delhi) Limited,87.80999755859375,90.78050003051757,87.80999755859375,48.14518731756286,73.41478122177253,95.30535291057187,44.74553743884515
2026-09-30,2026-09-28,2026-10-02,2026-09-30,NSE,BCLIND,,Bcl Industries Limited,32.52000045776367,34.468499946594235,32.52000045776367,43.781206473163884,28.244111663984455,38.52452219531178,35.37099485979394
2026-09-30,2026-09-28,2026-10-02,2026-09-30,NSE,BIGBLOC,,Bigbloc Construction Limited,39.369998931884766,40.54549999237061,39.369998931884766,32.15632764754446,49.37080410983066,54.63479630806469,28.22676099216899
2026-09-30,2026-09-28,2026-10-02,2026-09-30,NSE,RUCHINFRA,,Ruchi Infrastructure Limited,5.090000152587891,5.41100001335144,5.090000152587891,31.22261742840213,6.795881718529819,6.594282879772166,25.55698037338813
2026-09-30,2026-09-28,2026-10-02,2026-09-30,NSE,TPLPLASTEH,,TPL Plastech Limited,64.9000015258789,67.48399925231934,64.9000015258789,42.81371429269213,58.87630359959601,86.71275708269837,37.00436862930522
2026-09-30,2026-09-28,2026-10-02,2026-09-30,NSE,MADRASFERT,,Madras Fertilizers Limited,59.18000030517578,62.42199993133545,59.18000030517578,33.96160067541288,70.48340919119498,72.71876446162486,33.336002989990305
2026-09-30,2026-09-28,2026-10-02,2026-09-30,NSE,ANTGRAPHIC,,Antarctica Limited,0.6899999976158142,0.7255000054836274,0.6899999976158142,32.92385838035595,0.9045407131184792,0.8432745273679938,22.414158112404067
2026-09-30,2026-09-28,2026-10-02,2026-09-30,NSE,BHAGCHEM,,Bhagiradha Chemicals & Industries Limited,241.10000610351562,255.2650001525879,241.10000610351562,42.74723096833806,216.3375754606147,303.40944615958836,41.408274736712045
2026-09-30,2026-09-28,2026-10-02,2026-09-30,NSE,MUTHOOTFIN,,Muthoot Finance Limited,2760.0,2838.5450073242187,2760.0,37.942369173723705,3301.4148546206898,3324.157553856249,51.01253154245075
2026-09-30,2026-09-28,2026-10-02,2026-09-30,NSE,AGI,,AGI Greenpac Limited,804.7999877929688,774.4800018310547,804.7999877929688,64.15822250650156,630.7925290439072,831.5709054103855,50.127718133775126
2026-09-30,2026-09-28,2026-10-02,2026-09-30,NSE,RVNL,,Rail Vikas Nigam Limited,202.75,206.8495002746582,202.75,31.096702689561326,240.17300116005444,259.5468000114371,28.66053910859746
2026-09-30,2026-09-28,2026-10-02,2026-09-30,NSE,KIRIINDUS,,Kiri Industries Limited,541.9500122070312,545.5524993896485,541.9500122070312,63.77713427772106,402.4316055090552,573.4373957690175,57.8035460392119
2026-09-30,2026-09-28,2026-10-02,2026-09-30,NSE,AQYLON,,Aqylon Nexus Limited,18.0,20.51349983215332,18.0,29.958888123787716,34.7044135465299,65.39638299190668,41.27634266090056
2026-09-30,2026-09-28,2026-10-02,2026-09-30,NSE,BLISSGVS,,Bliss GVS Pharma Limited,737.6500244140625,688.0475006103516,737.6500244140625,82.53863151688327,542.5535556565226,761.6151484485343,85.17953974264539
2026-09-30,2026-09-28,2026-10-02,2026-09-30,NSE,DSSL,,Dynacons Systems & Solutions Limited,1011.2999877929688,1028.2449981689454,1011.2999877929688,40.6168415950899,1302.5138840145414,1660.5705513049595,43.8464086409568
2026-09-30,2026-09-28,2026-10-02,2026-09-30,NSE,PILANIINVS,,Pilani Investment and Industries Corporation Limited,3997.5,4159.375012207031,3997.5,35.59276006675604,4605.003094137315,4650.169734596191,40.48884409425274
2026-09-30,2026-09-28,2026-10-02,2026-09-30,NSE,POLICYBZR,,PB Fintech Limited,1151.300048828125,1713.9800048828124,1151.300048828125,28.74474749373374,1734.2865610246479,1981.8940856118295,39.31320756682365
2026-09-30,2026-09-28,2026-10-02,2026-09-30,NSE,ALLCARGO,,Allcargo Logistics Limited,10.819999694824219,11.740500020980836,10.819999694824219,50.47385203512843,8.702027432652054,12.837838121188678,22.484498125720435
2026-09-30,2026-09-28,2026-10-02,2026-09-30,NSE,NAZARA,,Nazara Technologies Limited,379.6499938964844,368.89749603271486,379.6499938964844,74.66128826622167,313.6796380027076,403.4625952078842,68.26970491449224
2026-09-30,2026-09-28,2026-10-02,2026-09-30,NSE,ESSENTIA,,Integra Essentia Limited,1.0099999904632568,1.0409999668598175,1.0099999904632568,36.857054251547375,1.3773032127799467,1.6897435332356534,27.100629552795695
2026-09-30,2026-09-28,2026-10-02,2026-09-30,NSE,KOTARISUG,,Kothari Sugars And Chemicals Limited,26.75,28.570999908447266,26.75,48.540967309741156,23.57528553271805,31.350837637289665,33.82384789836139
2026-09-30,2026-09-28,2026-10-02,2026-09-30,NSE,CLSEL,,Chaman Lal Setia Exports Limited,285.75,297.3374969482422,285.75,50.98247377594899,235.16660333269596,305.1591480140744,49.94883508608247
2026-09-30,2026-09-28,2026-10-02,2026-09-30,NSE,TDPOWERSYS,,TD Power Systems Limited,722.0,748.9224975585937,722.0,60.72982798543329,532.4313391248633,828.0754246009722,72.1701704481618
2026-09-30,2026-09-28,2026-10-02,2026-09-30,NSE,HAPPSTMNDS,,Happiest Minds Technologies Limited,307.1499938964844,331.5950012207031,307.1499938964844,34.67918459190595,398.8417868311844,436.08330055809364,22.264089774324304
2026-09-30,2026-09-28,2026-10-02,2026-09-30,NSE,ARIHANTCAP,,Arihant Capital Markets Limited,89.80999755859375,82.45299911499023,89.80999755859375,63.23892140871965,69.7894858577318,89.82651465196673,49.26957904876866
2026-09-30,2026-09-28,2026-10-02,2026-09-30,NSE,PAISALO,,Paisalo Digital Limited,79.5999984741211,82.42849998474121,79.5999984741211,65.72263584980522,69.10796073735207,90.77816176813926,66.67333254544513
2026-09-30,2026-09-28,2026-10-02,2026-09-30,NSE,ABAN,,Aban Offshore Limited,14.069999694824219,14.45450005531311,14.069999694824219,38.212961473874884,13.321493002373412,18.86555601756428,24.292996282519027
2026-09-30,2026-09-28,2026-10-02,2026-09-30,NSE,TVSSRICHAK,,TVS Srichakra Limited,4490.5,4977.4,4490.5,53.140068900414974,4161.594231422721,5320.442516790714,52.38413884275811
2026-09-30,2026-09-28,2026-10-02,2026-09-30,NSE,CCL,,CCL Products (India) Limited,1031.5999755859375,1076.2599975585938,1031.5999755859375,40.84244090516441,981.5263785248383,1220.2008565253716,57.437609924454364
2026-09-30,2026-09-28,2026-10-02,2026-09-30,NSE,ADANIENT,,Adani Enterprises Limited,2831.10009765625,2960.2150024414063,2831.10009765625,49.88220626649463,2607.5080790325796,3241.452519700023,50.10984286840538
2026-09-30,2026-09-28,2026-10-02,2026-09-30,NSE,SBFC,,SBFC Finance Limited,86.81999969482422,95.04650077819824,86.81999969482422,40.57874768725818,102.94485415571171,99.49594960729213,46.028551017317604
2026-09-30,2026-09-28,2026-10-02,2026-09-30,NSE,GINNIFILA,,Ginni Filaments Limited,40.40999984741211,42.28650035858154,40.40999984741211,42.55676294229744,35.821091013178616,52.52630216631469,53.57370397895147
2026-09-30,2026-09-28,2026-10-02,2026-09-30,NSE,SUNTV,,Sun TV Network Limited,519.9000244140625,472.66000213623045,519.9000244140625,51.574473756178875,551.3779115601795,534.5686491157649,36.99105372380546
2026-09-30,2026-09-28,2026-10-02,2026-09-30,NSE,BCG,,Brightcom Group Limited,9.369999885559082,9.669499969482422,9.369999885559082,46.06896144274657,7.932832663828915,11.331506242197182,48.147223731588475
2026-09-30,2026-09-28,2026-10-02,2026-09-30,NSE,RPSGVENT,,RPSG VENTURES LIMITED,842.0499877929688,837.8000030517578,842.0499877929688,47.719129618576396,719.8394780095559,945.4279045411124,44.76371156389941
2026-09-30,2026-09-28,2026-10-02,2026-09-30,NSE,ALEMBICLTD,,Alembic Limited,106.91000366210938,104.98000068664551,106.91000366210938,62.085705100556446,82.99087874701964,109.84960767110076,46.101369723468316
2026-09-30,2026-09-28,2026-10-02,2026-09-30,NSE,GOACARBON,,Goa Carbon Limited,405.75,395.49749755859375,405.75,54.62590023032515,309.5392213702401,421.62730900208885,33.350441310173906
2026-09-30,2026-09-28,2026-10-02,2026-09-30,NSE,OBCL,,OBCL Limited,56.900001525878906,56.53199996948242,56.900001525878906,55.75699791684899,62.49876533306876,59.31461565118911,52.018984351454385
2026-09-30,2026-09-28,2026-10-02,2026-09-30,NSE,CHALET,,Chalet Hotels Limited,868.9500122070312,878.4024993896485,868.9500122070312,54.47296001961813,740.4825280226161,921.5929976900873,51.42797298209641
2026-09-30,2026-09-28,2026-10-02,2026-09-30,NSE,SURYODAY,,Suryoday Small Finance Bank Limited,144.99000549316406,148.99050064086913,144.99000549316406,43.35161238443246,142.91866153639268,191.21890898197069,44.19885125140167
2026-09-30,2026-09-28,2026-10-02,2026-09-30,NSE,SAFARI,,Safari Industries (India) Limited,1453.199951171875,1509.0199829101562,1453.199951171875,39.274076836295485,1687.3040643129207,1671.4845177160432,35.402868716050634
2026-09-30,2026-09-28,2026-10-02,2026-09-30,NSE,CCCL,,Consolidated Construction Consortium Limited,13.380000114440918,13.882000017166138,13.380000114440918,38.059338065895005,16.872102449154717,17.582060003519377,37.86543033963919
2026-09-30,2026-09-28,2026-10-02,2026-09-30,NSE,VISHWARAJ,,Vishwaraj Sugar Industries Limited,5.400000095367432,5.542000007629395,5.400000095367432,45.100052859305045,6.447044816598955,5.960420012107687,22.7884268452882
2026-09-30,2026-09-28,2026-10-02,2026-09-30,NSE,PKTEA,,The Peria Karamalai Tea & Produce Company Limited,994.5999755859375,957.8000030517578,994.5999755859375,61.950323090266274,637.8324404758197,1030.9703327230732,64.32244786363981
2026-09-30,2026-09-28,2026-10-02,2026-09-30,NSE,ANDHRAPAP,,ANDHRA PAPER LIMITED,72.62000274658203,70.4055004119873,72.62000274658203,64.41996253391122,57.45384647183785,74.01570234432037,41.20252885669195
2026-09-30,2026-09-28,2026-10-02,2026-09-30,NSE,TEXINFRA,,Texmaco Infrastructure & Holdings Limited,116.55999755859375,116.2014991760254,116.55999755859375,62.394091396889735,95.58165311616426,122.89301777948474,52.68833001459358
2026-09-30,2026-09-28,2026-10-02,2026-09-30,NSE,DHANUKA,,Dhanuka Agritech Limited,954.4000244140625,981.2300018310547,954.4000244140625,35.806804122513526,1109.7269054766725,1149.55403697463,37.03937904853954
2026-09-30,2026-09-28,2026-10-02,2026-09-30,NSE,APOLLOHOSP,,Apollo Hospitals Enterprise Limited,8860.0,8826.5,8860.0,61.180573137549835,8015.4483130566505,9175.757230701818,63.699386825196505
2026-09-30,2026-09-28,2026-10-02,2026-09-30,NSE,KAKATCEM,,Kakatiya Cement Sugar & Industries Limited,106.83999633789062,109.49350013732911,106.83999633789062,40.736559928405846,92.97079394926834,129.6523655800973,30.203473614278167
2026-09-30,2026-09-28,2026-10-02,2026-09-30,NSE,APOLLOTYRE,,Apollo Tyres Limited,389.6000061035156,414.72249908447264,389.6000061035156,36.58007872371498,457.3888081118105,463.1613701833073,35.67951821562376
2026-09-30,2026-09-28,2026-10-02,2026-09-30,NSE,KALAMANDIR,,Sai Silks (Kalamandir) Limited,78.13999938964844,81.57200050354004,78.13999938964844,28.406963725341583,94.53757472390338,116.12273251717491,32.218002748419025
2026-09-30,2026-09-28,2026-10-02,2026-09-30,NSE,ASAHIINDIA,,Asahi India Glass Limited,933.5499877929688,960.7575012207031,933.5499877929688,53.17780073452424,1000.0061854112228,992.307383583263,55.51527499747578
2026-09-30,2026-09-28,2026-10-02,2026-09-30,NSE,SKIPPER,,Skipper Limited,535.6500244140625,559.1475036621093,535.6500244140625,53.647957788665956,421.88891471639374,592.7415052839133,56.23884520124133
2026-09-30,2026-09-28,2026-10-02,2026-09-30,NSE,NITIRAJ,,Nitiraj Engineers Limited,218.8699951171875,223.26850051879882,218.8699951171875,55.413987286559596,236.9324492928955,236.14908969525658,48.472489628773104
2026-09-30,2026-09-28,2026-10-02,2026-09-30,NSE,ASHIMASYN,,Ashima Limited,15.850000381469727,16.689000129699707,15.850000381469727,45.76156946508767,12.607093491605644,18.99685407672703,37.826373541157125
2026-09-30,2026-09-28,2026-10-02,2026-09-30,NSE,TIJARIA,,Tijaria Polypipes Limited,6.659999847412109,7.571499943733215,6.659999847412109,55.92231834026454,4.223413231043344,8.331324851126787,46.93777158545611
2026-09-30,2026-09-28,2026-10-02,2026-09-30,NSE,ASHOKA,,Ashoka Buildcon Limited,110.16999816894531,113.63650093078613,110.16999816894531,34.31314153264201,131.81432995939994,135.1491115772968,38.22380623939588
2026-09-30,2026-09-28,2026-10-02,2026-09-30,NSE,SUYOG,,Suyog Telematics Limited,641.9000244140625,677.995004272461,641.9000244140625,37.06872292471876,816.8656068676252,936.8931585852212,33.78626593712913
2026-09-30,2026-09-28,2026-10-02,2026-09-30,NSE,XPROINDIA,,Xpro India Limited,1142.199951171875,1254.1849853515625,1142.199951171875,46.934927034337804,1028.9620106993257,1526.0131121655527,50.30664179405656
2026-09-30,2026-09-28,2026-10-02,2026-09-30,NSE,ATLASCYCLE,,Atlas Cycles (Haryana) Limited,91.43000030517578,95.64550018310547,91.43000030517578,42.67696285513904,78.18908944360165,103.05659046565985,56.59046150327489
2026-09-30,2026-09-28,2026-10-02,2026-09-30,NSE,NATHBIOGEN,,Nath Bio-Genes (India) Limited,144.1199951171875,150.30400009155272,144.1199951171875,39.76469825325517,131.9394847543692,176.65805687303717,39.687206704417136
2026-09-30,2026-09-28,2026-10-02,2026-09-30,NSE,AUTOAXLES,,Automotive Axles Limited,1689.199951171875,1684.7849975585937,1689.199951171875,43.06678197776451,1944.0910672259856,1847.9991856181139,44.192876422459456
2026-09-30,2026-09-28,2026-10-02,2026-09-30,NSE,AGRITECH,,Agri-Tech (India) Limited,93.98999786376953,98.65149993896485,93.98999786376953,32.55890808326983,120.2399821220574,124.61379855237371,27.501129731587483
2026-09-30,2026-09-28,2026-10-02,2026-09-30,NSE,PITTIENG,,Pitti Engineering Limited,1136.800048828125,1134.6975036621093,1136.800048828125,63.62250117468727,893.1858930365947,1191.872132663057,51.212106573706684
2026-09-30,2026-09-28,2026-10-02,2026-09-30,NSE,SUKHJITS,,Sukhjit Starch & Chemicals Limited,157.10000610351562,160.02300262451172,157.10000610351562,41.95699652916385,138.05204604782566,184.77874797207392,33.4798198444572
2026-09-30,2026-09-28,2026-10-02,2026-09-30,NSE,VIPCLOTHNG,,VIP Clothing Limited,21.09000015258789,20.833499813079833,21.09000015258789,42.849689605603686,16.78203052285147,26.976877823553732,36.85447201973384
2026-09-30,2026-09-28,2026-10-02,2026-09-30,NSE,ROUTE,,ROUTE MOBILE LIMITED,453.45001220703125,485.93999938964845,453.45001220703125,32.40425693141546,561.3195003338628,578.7718605219417,18.365422806726883
2026-09-30,2026-09-28,2026-10-02,2026-09-30,NSE,FORCEMOT,,FORCE MOTORS LTD,17100.0,17511.2,17100.0,40.375741452209,20045.84681221834,19502.52163740564,58.473464861526146
2026-09-30,2026-09-28,2026-10-02,2026-09-30,NSE,RAJRATAN,,Rajratan Global Wire Limited,460.95001220703125,481.1700012207031,460.95001220703125,49.35227338062535,392.61073028207034,535.5068735040503,46.86705582352035
2026-09-30,2026-09-28,2026-10-02,2026-09-30,NSE,APOLSINHOT,,Apollo Sindoori Hotels Limited,1172.9000244140625,1214.3299987792968,1172.9000244140625,44.915556975756914,996.5642246553218,1326.0269560945424,33.84226000847964
2026-09-30,2026-09-28,2026-10-02,2026-09-30,NSE,MAHASTEEL,,Mahamaya Steel Industries Limited,1224.5999755859375,1255.2600036621093,1224.5999755859375,63.179273756264614,889.79172758307,1381.5132253722145,69.44426687618434
2026-09-30,2026-09-28,2026-10-02,2026-09-30,NSE,INCREDIBLE,,INCREDIBLE INDUSTRIES LIMITED,33.2599983215332,32.523000431060794,33.2599983215332,46.90070894582662,42.24163527936163,35.36483555495146,43.66635247598621
2026-09-30,2026-09-28,2026-10-02,2026-09-30,NSE,COMPUSOFT,,Compucom Software Limited,13.100000381469727,13.157499980926513,13.100000381469727,43.663233867916695,15.82320605250042,13.903166060272538,23.29526897568408
2026-09-30,2026-09-28,2026-10-02,2026-09-30,NSE,SARLAPOLY,,Sarla Performance Fibers Limited,97.69999694824219,99.84599952697754,97.69999694824219,51.37882926627194,81.85009910836041,103.47182947023711,54.330980410763054
2026-09-30,2026-09-28,2026-10-02,2026-09-30,NSE,TRANSRAILL,,Transrail Lighting Limited,449.6499938964844,430.68500061035155,449.6499938964844,42.80228158354114,491.5289881544904,539.6614785874398,45.18054294550348
2026-09-30,2026-09-28,2026-10-02,2026-09-30,NSE,KSCL,,Kaveri Seed Company Limited,769.5,729.4424926757813,769.5,44.01498069885606,859.0135850066631,950.6518683000305,43.10168445625093
2026-09-30,2026-09-28,2026-10-02,2026-09-30,NSE,POLYCAB,,Polycab India Limited,8191.0,8380.575,8191.0,43.14045741272735,8151.6550340521135,10103.278994937002,51.943631272126915
2026-09-30,2026-09-28,2026-10-02,2026-09-30,NSE,MEDIASSIST,,Medi Assist Healthcare Services Limited,307.75,326.47249908447264,307.75,37.00034332622716,387.6429977168019,389.65435801293046,27.554414090904643
2026-09-30,2026-09-28,2026-10-02,2026-09-30,NSE,MAHABANK,,Bank of Maharashtra,80.8499984741211,83.26999893188477,80.8499984741211,52.24522003269402,74.47050923106214,90.14184032828274,58.66992946102344
2026-09-30,2026-09-28,2026-10-02,2026-09-30,NSE,SALZERELEC,,Salzer Electronics Limited,535.5499877929688,545.7225006103515,535.5499877929688,36.55432831505792,513.5172828415651,682.6810197845241,41.221449973557284
2026-09-30,2026-09-28,2026-10-02,2026-09-30,NSE,PGEL,,PG Electroplast Limited,507.0,537.9025024414062,507.0,41.61541630756123,472.65390516052,649.4290195926725,45.858546193400606
2026-09-30,2026-09-28,2026-10-02,2026-09-30,NSE,BHAGYANGR,,Bhagyanagar India Limited,411.3500061035156,412.7449981689453,411.3500061035156,62.5992946772225,295.1289470520171,466.55262454460217,77.67585714470744
2026-09-30,2026-09-28,2026-10-02,2026-09-30,NSE,UNITEDTEA,,The United Nilgiri Tea Estates Company Limited,425.04998779296875,434.3524993896484,425.04998779296875,29.208137403610905,501.1257576741146,529.1676690427712,46.26021618347521
2026-09-30,2026-09-28,2026-10-02,2026-09-30,NSE,BANARISUG,,Bannari Amman Sugars Limited,3383.699951171875,3546.515002441406,3383.699951171875,42.68487954261097,4215.796602069279,3907.733568147917,44.26836626125843
2026-09-30,2026-09-28,2026-10-02,2026-09-30,NSE,GANESHHOU,,GANESH HOUSING LIMITED,718.5499877929688,751.8675018310547,718.5499877929688,44.86434591656752,651.7807343451349,859.7964225956334,47.2278997319128
2026-09-30,2026-09-28,2026-10-02,2026-09-30,NSE,STARCEMENT,,Star Cement Limited,182.4199981689453,189.71100006103515,182.4199981689453,31.937888113071182,214.33616052302906,224.26569748800304,43.96420707220901
2026-09-30,2026-09-28,2026-10-02,2026-09-30,NSE,REPRO,,Repro India Limited,333.79998779296875,309.64500122070314,333.79998779296875,45.2187781378797,391.85598923084945,400.58285392438864,39.07306526835407
2026-09-30,2026-09-28,2026-10-02,2026-09-30,NSE,GREENPLY,,Greenply Industries Limited,279.75,291.6750030517578,279.75,49.649923735594584,250.2144495670721,323.99167097761045,43.829688119141345
2026-09-30,2026-09-28,2026-10-02,2026-09-30,NSE,HLEGLAS,,HLE Glascoat Limited,419.3500061035156,391.2675018310547,419.3500061035156,55.310715816140494,312.04196930420085,479.29266092300554,52.26389544914433
2026-09-30,2026-09-28,2026-10-02,2026-09-30,NSE,BAYERCROP,,Bayer Cropscience Limited,3671.800048828125,3887.480029296875,3671.800048828125,26.113492412551793,4114.1262360323835,4539.531068214261,30.07222649266717
2026-09-30,2026-09-28,2026-10-02,2026-09-30,NSE,BERGEPAINT,,Berger Paints (I) Limited,452.8500061035156,464.8149978637695,452.8500061035156,39.30307907879759,444.55370699212426,558.9556975599155,38.63428457853737
2026-09-30,2026-09-28,2026-10-02,2026-09-30,NSE,ANANDRATHI,,Anand Rathi Wealth Limited,2146.199951171875,2195.089978027344,2146.199951171875,64.9229642225933,1921.3994587541197,2377.7537623000635,75.19752270973157
2026-09-30,2026-09-28,2026-10-02,2026-09-30,NSE,BBL,,Bharat Bijlee Limited,2112.199951171875,2226.5099975585936,2112.199951171875,33.27643195255939,2545.6234759482336,3017.412899304159,30.942379471123672
2026-09-30,2026-09-28,2026-10-02,2026-09-30,NSE,BHARATFORG,,Bharat Forge Limited,1957.0,1969.6399963378906,1957.0,50.02784027968917,1894.6953612990592,2256.280451093539,57.03981159351965
2026-09-30,2026-09-28,2026-10-02,2026-09-30,NSE,360ONE,,360 ONE WAM LIMITED,1045.0,1096.7600036621093,1045.0,41.78449948425038,1015.2616372770874,1202.6712150777153,48.559218942305804
2026-09-30,2026-09-28,2026-10-02,2026-09-30,NSE,TCS,,Tata Consultancy Services Limited,2070.699951171875,2198.9050170898436,2070.699951171875,34.2848222332525,2453.776823089738,2449.753161528571,27.554372991633514
2026-09-30,2026-09-28,2026-10-02,2026-09-30,NSE,3MINDIA,,3M India Limited,33415.0,33267.75,33415.0,48.819226375214114,37180.47104000153,36328.92203356144,49.23168682362429
2026-09-30,2026-09-28,2026-10-02,2026-09-30,NSE,NIACL,,The New India Assurance Company Limited,169.83999633789062,194.6230010986328,169.83999633789062,47.419647793656004,149.10461998436188,214.46293659683224,44.14698590054449
2026-09-30,2026-09-28,2026-10-02,2026-09-30,NSE,PALASHSECU,,Palash Securities Limited,88.9000015258789,87.83749961853027,88.9000015258789,43.98008407620092,107.12984391315682,99.43267155085584,35.8770384595165
2026-09-30,2026-09-28,2026-10-02,2026-09-30,NSE,BLUESTARCO,,Blue Star Limited,1575.4000244140625,1515.4750061035156,1575.4000244140625,46.34751952481409,1782.1936520437328,1715.0175234604947,43.15431427128337
2026-09-30,2026-09-28,2026-10-02,2026-09-30,NSE,BLUECOAST,,Blue Coast Hotels Limited,21.989999771118164,21.77549991607666,21.989999771118164,35.82987206136178,20.286828962688716,32.74172058417437,51.52098528413012
2026-09-30,2026-09-28,2026-10-02,2026-09-30,NSE,MTEDUCARE,,MT Educare Limited,1.7599999904632568,1.7655000150203706,1.7599999904632568,48.92412643865885,1.4854362579162768,2.188024331830365,37.157907099568824
2026-09-30,2026-09-28,2026-10-02,2026-09-30,NSE,LINDEINDIA,,Linde India Limited,6191.0,6257.5,6191.0,38.606934804666004,7206.31507945156,7569.249575728341,36.42386711250346
2026-09-30,2026-09-28,2026-10-02,2026-09-30,NSE,HATSUN,,Hatsun Agro Product Limited,1119.4000244140625,1177.9050048828126,1119.4000244140625,60.59111947849804,929.5407611836563,1226.6648969247508,52.56586530735006
2026-09-30,2026-09-28,2026-10-02,2026-09-30,NSE,KINGFA,,Kingfa Science & Technology (India) Limited,6384.0,6065.125,6384.0,69.37418041334774,5001.7389198150995,6408.32524425837,76.88115475520203
2026-09-30,2026-09-28,2026-10-02,2026-09-30,NSE,REMSONSIND,,Remsons Industries Limited,120.38999938964844,99.45550003051758,120.38999938964844,66.46110290288846,79.9343289333265,112.87727636997082,41.65363702492831
2026-09-30,2026-09-28,2026-10-02,2026-09-30,NSE,BHANDARI,,Bhandari Hosiery Exports Limited,2.9000000953674316,2.9760000228881838,2.9000000953674316,39.72942390103752,3.405269047281017,3.18827138881757,31.057406638927148
2026-09-30,2026-09-28,2026-10-02,2026-09-30,NSE,MEDANTA,,Global Health Limited,1433.4000244140625,1459.0649963378905,1433.4000244140625,60.05281283707391,1227.3053822860495,1557.790243565009,64.01582460524045
2026-09-30,2026-09-28,2026-10-02,2026-09-30,NSE,HIKAL,,Hikal Limited,208.8000030517578,224.66099853515624,208.8000030517578,47.646691447470545,174.04146866689996,242.77062693528788,37.264011965678385
2026-09-30,2026-09-28,2026-10-02,2026-09-30,NSE,CAPLIPOINT,,Caplin Point Laboratories Limited,2854.0,2754.14501953125,2854.0,72.64670783998552,2249.5419995363413,3000.1743522375878,66.47652857921007
2026-09-30,2026-09-28,2026-10-02,2026-09-30,NSE,CANBK,,Canara Bank,120.6500015258789,124.29750022888183,120.6500015258789,38.29283579115502,138.50059571005656,135.4680616917772,48.54481389876259
2026-09-30,2026-09-28,2026-10-02,2026-09-30,NSE,CANFINHOME,,Can Fin Homes Limited,737.5999755859375,778.1875061035156,737.5999755859375,32.58688053066375,863.0034795750869,926.3275886709921,40.66657517789553
2026-09-30,2026-09-28,2026-10-02,2026-09-30,NSE,DVL,,Dhunseri Ventures Limited,281.8999938964844,286.6000015258789,281.8999938964844,59.70283479918182,223.8946275958443,299.7567565590148,36.58041523170092
2026-09-30,2026-09-28,2026-10-02,2026-09-30,NSE,KRITI,,Kriti Industries (India) Limited,60.27000045776367,61.06750011444092,60.27000045776367,35.060326200650735,78.23895986473316,76.99886058645187,26.280943487336984
2026-09-30,2026-09-28,2026-10-02,2026-09-30,NSE,SDBL,,Som Distilleries & Breweries Limited,80.62000274658203,70.86749992370605,80.62000274658203,52.9168354960067,87.52002047598664,83.86116038557869,43.99808262975695
2026-09-30,2026-09-28,2026-10-02,2026-09-30,NSE,THOMASCOTT,,Thomas Scott (India) Limited,238.35000610351562,245.54999847412108,238.35000610351562,40.82610947692923,343.1945732911274,355.3886212725314,47.24797652547552
2026-09-30,2026-09-28,2026-10-02,2026-09-30,NSE,ULTRACEMCO,,UltraTech Cement Limited,11025.0,11060.25,11025.0,40.83756446023943,12249.279091483244,12122.77723960531,45.18206578878397
2026-09-30,2026-09-28,2026-10-02,2026-09-30,NSE,HOMEFIRST,,Home First Finance Company India Limited,1094.0,1192.9450073242188,1094.0,43.13824181433941,1007.4528336194126,1276.024654935297,47.45333803035384
2026-09-30,2026-09-28,2026-10-02,2026-09-30,NSE,GICRE,,General Insurance Corporation of India,329.29998779296875,345.9725006103516,329.29998779296875,30.32587901051771,378.1418946966696,389.73385349381965,39.29413884555987
2026-09-30,2026-09-28,2026-10-02,2026-09-30,NSE,UNIINFO,,Uniinfo Telecom Services Limited,11.300000190734863,11.251500034332276,11.300000190734863,41.98332076364441,14.17838223646977,12.686893349707521,25.397770690408947
2026-09-30,2026-09-28,2026-10-02,2026-09-30,NSE,CEATLTD,,CEAT Limited,3274.699951171875,3344.339990234375,3274.699951171875,43.75387216911982,3903.1779168473618,3834.688630271353,49.109984818879944
2026-09-30,2026-09-28,2026-10-02,2026-09-30,NSE,TERASOFT,,Tera Software Limited,215.6999969482422,251.9549987792969,215.6999969482422,29.397474752146152,329.6809344482825,493.0542626742491,48.50860210208338
2026-09-30,2026-09-28,2026-10-02,2026-09-30,NSE,CARYSIL,,CARYSIL LIMITED,1038.300048828125,1119.9350158691407,1038.300048828125,45.792051436775914,930.8519262940699,1229.7530771390266,55.51206280555319
2026-09-30,2026-09-28,2026-10-02,2026-09-30,NSE,SHAH,,Shah Metacorp Limited,3.180000066757202,3.3944999814033507,3.180000066757202,34.56816890893681,4.7871082657392865,5.39630219391516,37.0075866655862
2026-09-30,2026-09-28,2026-10-02,2026-09-30,NSE,CENTRALBK,,Central Bank of India,30.59000015258789,30.88799982070923,30.59000015258789,39.96260736930314,34.49152130531021,32.800205996331435,28.892493479246426
2026-09-30,2026-09-28,2026-10-02,2026-09-30,NSE,ICIL,,Indo Count Industries Limited,440.20001220703125,444.21000213623046,440.20001220703125,62.84340569261894,319.0412332528156,493.7120146126682,57.62537756531705
2026-09-30,2026-09-28,2026-10-02,2026-09-30,NSE,TANLA,,Tanla Platforms Limited,497.29998779296875,504.1074981689453,497.29998779296875,43.0574314768861,463.4433012434255,612.7560963588692,36.62159580016969
2026-09-30,2026-09-28,2026-10-02,2026-09-30,NSE,CCAVENUE,,AvenuesAI Limited,15.40999984741211,15.773000001907349,15.40999984741211,47.85628182521112,13.006157814228384,18.035515645764445,36.30143255979397
2026-09-30,2026-09-28,2026-10-02,2026-09-30,NSE,VEEDOL,,Veedol Corporation Limited,1364.0999755859375,1414.0200134277343,1364.0999755859375,40.42913810184641,1318.7514368631591,1531.0871315894772,31.99559984294642
2026-09-30,2026-09-28,2026-10-02,2026-09-30,NSE,PRECAM,,Precision Camshafts Limited,116.77999877929688,119.0745002746582,116.77999877929688,35.231649191280695,115.17910571681236,165.97904055976645,39.53419280823544
2026-09-30,2026-09-28,2026-10-02,2026-09-30,NSE,GODREJPROP,,Godrej Properties Limited,1669.800048828125,1791.2549926757813,1669.800048828125,38.79753157244602,2048.7271760790745,2219.8822495704594,35.53119670178177
2026-09-30,2026-09-28,2026-10-02,2026-09-30,NSE,CENTENKA,,Century Enka Limited,553.0499877929688,574.4025054931641,553.0499877929688,53.77162055467888,450.71245219495654,619.3033137706315,48.07001688350322
2026-09-30,2026-09-28,2026-10-02,2026-09-30,NSE,IOLCP,,IOL Chemicals and Pharmaceuticals Limited,196.2899932861328,199.84649887084962,196.2899932861328,71.68503653623516,140.5958321352524,217.81839235757073,76.09341490518607
2026-09-30,2026-09-28,2026-10-02,2026-09-30,NSE,CESC,,CESC Limited,136.17999267578125,143.8234992980957,136.17999267578125,29.650600950283803,162.31601874685452,187.04769740775984,37.519507516111545
2026-09-30,2026-09-28,2026-10-02,2026-09-30,NSE,GPTHEALTH,,GPT Healthcare Limited,156.10000610351562,159.69850006103516,156.10000610351562,53.44150476801476,132.4314445487457,169.56597561978526,48.453486073855906
2026-09-30,2026-09-28,2026-10-02,2026-09-30,NSE,TOUCHWOOD,,Touchwood Entertainment Limited,60.130001068115234,60.99099998474121,60.130001068115234,31.20318298285828,76.28787695262443,74.30958906431985,28.905957863398967
2026-09-30,2026-09-28,2026-10-02,2026-09-30,NSE,CHEMPLASTS,,Chemplast Sanmar Limited,195.8800048828125,178.76399917602538,195.8800048828125,44.52378952411588,224.80981669303063,229.29385574914616,24.276579073810097
2026-09-30,2026-09-28,2026-10-02,2026-09-30,NSE,TASTYBITE,,Tasty Bite Eatables Limited,9633.0,9961.0,9633.0,59.771081818024854,7852.04690444648,10825.169184794062,46.91781775416264
2026-09-30,2026-09-28,2026-10-02,2026-09-30,NSE,AVTNPL,,AVT Natural Products Limited,86.61000061035156,90.11849937438964,86.61000061035156,61.28983239801095,69.77589323011432,94.59824593047014,55.04129877092978
2026-09-30,2026-09-28,2026-10-02,2026-09-30,NSE,PSPPROJECT,,PSP Projects Limited,779.0999755859375,838.9650024414062,779.0999755859375,38.78670821154611,981.1854479850754,1093.7613331014295,51.32033474548278
2026-09-30,2026-09-28,2026-10-02,2026-09-30,NSE,ANUHPHR,,Anuh Pharma Limited,89.45999908447266,90.12700042724609,89.45999908447266,59.548554383837484,70.72504295980143,92.88414031451417,45.83872940008983
2026-09-30,2026-09-28,2026-10-02,2026-09-30,NSE,IIFLCAPS,,IIFL Capital Services Limited,343.70001220703125,341.2874984741211,343.70001220703125,56.18420191152686,318.988288735611,347.3726325339399,51.281091497704885
2026-09-30,2026-09-28,2026-10-02,2026-09-30,NSE,MOIL,,MOIL Limited,242.0500030517578,246.0114990234375,242.0500030517578,32.77165345867812,285.3428635442999,310.7718562404792,33.697973315694426
2026-09-30,2026-09-28,2026-10-02,2026-09-30,NSE,CUB,,City Union Bank Limited,215.99000549316406,229.51900177001954,215.99000549316406,51.983604727489386,177.45911963687334,243.39750972500747,62.56462071942908
2026-09-30,2026-09-28,2026-10-02,2026-09-30,NSE,ASKAUTOLTD,,ASK Automotive Limited,650.3499755859375,631.8350036621093,650.3499755859375,72.11404783283403,517.0501377087629,716.8609014644873,66.61942846784281
2026-09-30,2026-09-28,2026-10-02,2026-09-30,NSE,CROWN,,Crown Lifters Limited,113.72000122070312,114.01650047302246,113.72000122070312,47.78611838491579,132.0904647935481,119.50338389617369,30.628811198564534
2026-09-30,2026-09-28,2026-10-02,2026-09-30,NSE,SUDARCOLOR,,Sudarshan Colorants India Limited,387.8999938964844,384.34000091552736,387.8999938964844,51.098585865508085,308.6383987247883,414.0718685424723,38.058647613417946
2026-09-30,2026-09-28,2026-10-02,2026-09-30,NSE,TVSMOTOR,,TVS Motor Company Limited,4095.0,4132.660009765625,4095.0,57.00099086482727,3683.83709097892,4657.364440573623,63.192358209894536
2026-09-30,2026-09-28,2026-10-02,2026-09-30,NSE,DALMIASUG,,Dalmia Bharat Sugar and Industries Limited,414.79998779296875,420.8324996948242,414.79998779296875,54.96194895688242,336.70087005160406,483.7555260892658,47.46545556783903
2026-09-30,2026-09-28,2026-10-02,2026-09-30,NSE,SUVEN,,Suven Life Sciences Limited,321.6499938964844,352.76750030517576,321.6499938964844,56.198189943244415,260.7234674987644,397.36714151997734,63.90949442842343
2026-09-30,2026-09-28,2026-10-02,2026-09-30,NSE,SANGAMIND,,Sangam (India) Limited,629.2999877929688,581.9974975585938,629.2999877929688,66.37235063482377,492.0607156650987,654.113984742358,61.060029753216284
2026-09-30,2026-09-28,2026-10-02,2026-09-30,NSE,BECTORFOOD,,Mrs. Bectors Food Specialities Limited,211.52000427246094,226.82050018310548,211.52000427246094,49.38608376991458,189.4996683536078,257.0095418137357,35.791665891099655
2026-09-30,2026-09-28,2026-10-02,2026-09-30,NSE,HPL,,HPL Electric & Power Limited,270.95001220703125,289.0224975585937,270.95001220703125,31.217260207335627,337.127936453349,394.77045104914714,34.90389379880446
2026-09-30,2026-09-28,2026-10-02,2026-09-30,NSE,SEAMECLTD,,Seamec Limited,1684.300048828125,1739.1,1684.300048828125,61.2488941382813,1411.9780437428658,1837.8754764250461,60.30483260588448
2026-09-30,2026-09-28,2026-10-02,2026-09-30,NSE,DAMODARIND,,Damodar Industries Limited,27.110000610351562,28.485000228881837,27.110000610351562,43.14279787998661,21.62765597124335,32.60505535760917,37.162002343109805
2026-09-30,2026-09-28,2026-10-02,2026-09-30,NSE,GODAVARIB,,Godavari Biorefineries Limited,229.4499969482422,238.39549865722657,229.4499969482422,36.740093399619255,225.11880257514457,306.89892122035656,40.405112407621885
2026-09-30,2026-09-28,2026-10-02,2026-09-30,NSE,DCM,,DCM  Limited,75.0999984741211,76.27949943542481,75.0999984741211,38.587191492056576,70.5663091347679,103.37113804634478,43.54331019245712
2026-09-30,2026-09-28,2026-10-02,2026-09-30,NSE,SHOPERSTOP,,Shoppers Stop Limited,421.79998779296875,391.07249755859374,421.79998779296875,59.77850022790943,321.4706698513952,437.56426732203755,33.996185399441174
2026-09-30,2026-09-28,2026-10-02,2026-09-30,NSE,SALONA,,Salona Cotspin Limited,272.95001220703125,265.84349822998047,272.95001220703125,54.556879376697985,316.4841365692889,285.4496651482282,48.6111173984434
2026-09-30,2026-09-28,2026-10-02,2026-09-30,NSE,LTF,,L&T Finance Limited,280.8500061035156,304.5199951171875,280.8500061035156,44.015195508279945,262.72594154573875,334.6089020682384,56.90525604942279
2026-09-30,2026-09-28,2026-10-02,2026-09-30,NSE,VINCOFE,,Vintage Coffee And Beverages Limited,179.97000122070312,176.34699935913085,179.97000122070312,64.05804030335582,136.06962696776202,186.39124563027755,62.39476751962868
2026-09-30,2026-09-28,2026-10-02,2026-09-30,NSE,DCMSHRIRAM,,DCM Shriram Limited,944.5999755859375,996.0199981689453,944.5999755859375,35.83750277861837,1136.1444815217656,1095.9163000312135,45.05513998427982
2026-09-30,2026-09-28,2026-10-02,2026-09-30,NSE,DCW,,DCW Limited,46.810001373291016,46.777500534057616,46.810001373291016,47.86252842580975,55.22752198253871,50.04601148109334,30.763704167116373
2026-09-30,2026-09-28,2026-10-02,2026-09-30,NSE,SHK,,S H Kelkar and Company Limited,137.77999877929688,142.3874984741211,137.77999877929688,44.86730502509047,128.4368046942145,169.52670907708642,36.34586908620167
2026-09-30,2026-09-28,2026-10-02,2026-09-30,NSE,LEXUS,,Lexus Granito (India) Limited,12.180000305175781,13.126000118255615,12.180000305175781,33.24361551687379,17.99351538004131,18.109505352166206,31.65771344000646
2026-09-30,2026-09-28,2026-10-02,2026-09-30,NSE,DEEPAKFERT,,Deepak Fertilizers and Petrochemicals Corporation Limited,1350.5,1351.1150024414062,1350.5,46.40295507992534,1234.6976039384945,1667.3639332865441,54.15474731677396
2026-09-30,2026-09-28,2026-10-02,2026-09-30,NSE,HTMEDIA,,HT Media Limited,23.100000381469727,24.81100015640259,23.100000381469727,45.62439490190401,19.10824574513199,28.169595106736452,48.60778651407795
2026-09-30,2026-09-28,2026-10-02,2026-09-30,NSE,SCPL,,Sheetal Cool Products Limited,628.5,641.6474975585937,628.5,66.21185308777706,463.98868225943903,733.1539728639422,75.750684209345
2026-09-30,2026-09-28,2026-10-02,2026-09-30,NSE,DCBBANK,,DCB Bank Limited,207.4600067138672,221.15650100708007,207.4600067138672,57.84799852544658,179.64724749221085,226.39071849848963,63.135002807247666
2026-09-30,2026-09-28,2026-10-02,2026-09-30,NSE,STEELXIND,,STEEL EXCHANGE INDIA LIMITED,11.100000381469727,11.435500049591065,11.100000381469727,51.16953970640015,8.262839682041388,13.237797297321961,48.88147785690598
2026-09-30,2026-09-28,2026-10-02,2026-09-30,NSE,DMCC,,DMCC SPECIALITY CHEMICALS LIMITED,302.79998779296875,287.56749572753904,302.79998779296875,58.67905316353394,230.4877373062135,311.9557546174709,56.824219995321826
2026-09-30,2026-09-28,2026-10-02,2026-09-30,NSE,PRAENG,,Prajay Engineers Syndicate Limited,22.860000610351562,22.9205002784729,22.860000610351562,52.76622462007072,26.238694590854763,24.142885068423986,41.252202553898165
2026-09-30,2026-09-28,2026-10-02,2026-09-30,NSE,EUROBOND,,Euro Panel Products Limited,149.92999267578125,150.3770004272461,149.92999267578125,36.40233325059281,185.83631392377566,188.73289902855547,41.77832769944172
2026-09-30,2026-09-28,2026-10-02,2026-09-30,NSE,VINEETLAB,,Vineet Laboratories Limited,35.33000183105469,36.39750003814697,35.33000183105469,48.135861491789925,27.749073207336604,39.86344586787599,39.97503715736896
2026-09-30,2026-09-28,2026-10-02,2026-09-30,NSE,DREDGECORP,,Dredging Corporation of India Limited,941.4000244140625,1022.2349822998046,941.4000244140625,43.81860740712779,797.7557766284413,1203.4806707197672,48.03726630770558
2026-09-30,2026-09-28,2026-10-02,2026-09-30,NSE,KRISHANA,,Krishana Phoschem Limited,186.4199981689453,184.12399826049804,186.4199981689453,67.81834794914201,148.58796329867408,211.17923538905606,81.43178013056287
2026-09-30,2026-09-28,2026-10-02,2026-09-30,NSE,DHRUV,,Dhruv Consultancy Services Limited,21.399999618530273,22.20599994659424,21.399999618530273,27.96527644160892,28.925362136489703,31.190818724261,32.452253471261
2026-09-30,2026-09-28,2026-10-02,2026-09-30,NSE,TIMETECHNO,,Time Technoplast Limited,183.44000244140625,182.4645004272461,183.44000244140625,47.64199405647264,164.2424091578858,207.72755482011274,48.66429145981445
2026-09-30,2026-09-28,2026-10-02,2026-09-30,NSE,RHL,,Robust Hotels Limited,163.89999389648438,170.78100204467773,163.89999389648438,39.9718607488664,201.5552204907435,188.14076775783982,44.82625037198749
2026-09-30,2026-09-28,2026-10-02,2026-09-30,NSE,CUPID,,Cupid Limited,264.5,274.22250137329104,264.5,73.39656230291877,203.1350129818635,334.26819166844723,86.96733184257778
2026-09-30,2026-09-28,2026-10-02,2026-09-30,NSE,ENGINERSIN,,Engineers India Limited,313.8999938964844,281.5375015258789,313.8999938964844,71.83069077125391,247.96098269305003,303.16969322484584,63.54260754378509
2026-09-30,2026-09-28,2026-10-02,2026-09-30,NSE,INOXGREEN,,Inox Green Energy Services Limited,170.0,172.77300033569335,170.0,45.00707644131723,151.6314636456458,203.3232457486475,46.80425680406426
2026-09-30,2026-09-28,2026-10-02,2026-09-30,NSE,POONAWALLA,,Poonawalla Fincorp Limited,445.1499938964844,456.57749938964844,445.1499938964844,48.28596304297757,407.4729525439553,519.4677896845533,53.01903940733789
2026-09-30,2026-09-28,2026-10-02,2026-09-30,NSE,MMP,,MMP Industries Limited,452.25,443.9600036621094,452.25,78.15248495155173,324.40565380794374,491.2221442846739,65.82106183239955
2026-09-30,2026-09-28,2026-10-02,2026-09-30,NSE,FCSSOFT,,FCS Software Solutions Limited,1.399999976158142,1.4170000016689301,1.399999976158142,39.36860535639314,1.2267561318520568,1.690447377442432,24.33203851523028
2026-09-30,2026-09-28,2026-10-02,2026-09-30,NSE,SCHAEFFLER,,Schaeffler India Limited,3955.5,3993.6450073242186,3955.5,46.67478897651388,3458.615067257525,4261.305330604614,49.67640596449086
2026-09-30,2026-09-28,2026-10-02,2026-09-30,NSE,MOKSH,,Moksh Ornaments Limited,9.800000190734863,10.094500017166137,9.800000190734863,36.849032020705906,9.480951706572379,12.632579402791535,34.226863296755766
2026-09-30,2026-09-28,2026-10-02,2026-09-30,NSE,UFLEX,,UFLEX Limited,641.9500122070312,663.7325042724609,641.9500122070312,69.59811179586661,503.35862536563116,716.8202698191765,54.31948029983378
2026-09-30,2026-09-28,2026-10-02,2026-09-30,NSE,TTML,,Tata Teleservices (Maharashtra) Limited,36.189998626708984,36.287499809265135,36.189998626708984,38.038208466049355,32.50297141092658,46.813499235115586,29.27119425038103
2026-09-30,2026-09-28,2026-10-02,2026-09-30,NSE,GPPL,,Gujarat Pipavav Port Limited,159.8800048828125,162.59000091552736,159.8800048828125,50.90407405734712,171.84830011702914,166.94058790126596,41.08750300155878
2026-09-30,2026-09-28,2026-10-02,2026-09-30,NSE,ZIMLAB,,Zim Laboratories Limited,137.5500030517578,132.7020004272461,137.5500030517578,69.42075876427077,98.26896036412239,143.12239744953797,62.31382088807349
2026-09-30,2026-09-28,2026-10-02,2026-09-30,NSE,FOSECOIND,,Foseco India Limited,6298.0,6376.5,6298.0,62.86604300772077,4916.852397106295,6706.875582104968,60.92797768755421
2026-09-30,2026-09-28,2026-10-02,2026-09-30,NSE,SUMMITSEC,,Summit Securities Limited,1337.4000244140625,1404.8449951171874,1337.4000244140625,31.9338892195762,1587.028822872608,1609.3543055061693,32.841965303647726
2026-09-30,2026-09-28,2026-10-02,2026-09-30,NSE,ZENSARTECH,,Zensar Technologies Limited,436.70001220703125,442.11500091552733,436.70001220703125,33.67169317134288,541.025447933046,534.7559652731042,37.5035495589001
2026-09-30,2026-09-28,2026-10-02,2026-09-30,NSE,BEARDSELL,,Beardsell Limited,24.579999923706055,24.642999935150147,24.579999923706055,42.95328897516765,31.66518314856625,30.72048394917514,40.58518177046265
2026-09-30,2026-09-28,2026-10-02,2026-09-30,NSE,ICEMAKE,,Ice Make Refrigeration Limited,648.75,707.2974975585937,648.75,36.254573752317626,644.1084470239289,870.4610789184298,45.70887256938032
2026-09-30,2026-09-28,2026-10-02,2026-09-30,NSE,CPCAP,,CP Capital Limited,150.22000122070312,138.92450103759765,150.22000122070312,70.8088455844595,110.64729619240131,152.333009995224,32.57187001484252
2026-09-30,2026-09-28,2026-10-02,2026-09-30,NSE,MANAPPURAM,,Manappuram Finance Limited,313.0,325.9349990844727,313.0,46.7599503573189,293.77507720561584,370.94795950938567,58.537379667517186
2026-09-30,2026-09-28,2026-10-02,2026-09-30,NSE,COALINDIA,,Coal India Limited,422.5,420.85,422.5,48.64971494904103,386.2498602940328,466.9996159816949,42.09281791835338
2026-09-30,2026-09-28,2026-10-02,2026-09-30,NSE,AKSHOPTFBR,,Aksh Optifibre Limited,7.070000171661377,7.695000028610229,7.070000171661377,51.998925235456795,5.355577844753381,8.458112996009017,48.73638438613018
2026-09-30,2026-09-28,2026-10-02,2026-09-30,NSE,GABRIEL,,Gabriel India Limited,1349.199951171875,1359.0150024414063,1349.199951171875,58.35935966008785,1183.661814144871,1564.8460485769442,68.53905846010596
2026-09-30,2026-09-28,2026-10-02,2026-09-30,NSE,GANDHITUBE,,Gandhi Special Tubes Limited,952.5,917.2475006103516,952.5,64.33291309029761,798.445409368241,953.0325337438991,58.06189773451849
2026-09-30,2026-09-28,2026-10-02,2026-09-30,NSE,KRIDHANINF,,Kridhan Infra Limited,1.8899999856948853,1.9340000092983245,1.8899999856948853,30.371179141075814,2.5125222185693774,3.34294552340109,38.917342140663
2026-09-30,2026-09-28,2026-10-02,2026-09-30,NSE,CALSOFT,,California Software Company Limited,34.54999923706055,38.4995002746582,34.54999923706055,65.29960924286216,25.839046328051197,41.4305491446122,64.73662257423574
2026-09-30,2026-09-28,2026-10-02,2026-09-30,NSE,SHRIPISTON,,SPR Auto Technologies Limited,4645.2998046875,4494.2149658203125,4645.2998046875,68.31166987970383,3830.377327184766,5075.521587364563,77.67542348201118
2026-09-30,2026-09-28,2026-10-02,2026-09-30,NSE,VIVIMEDLAB,,Vivimed Labs Limited,5.659999847412109,6.029999995231629,5.659999847412109,46.216950740577666,4.552144734203141,7.038952991462773,48.702297647273454
2026-09-30,2026-09-28,2026-10-02,2026-09-30,NSE,UFO,,UFO Moviez India Limited,58.869998931884766,62.30450019836426,58.869998931884766,33.50192808854092,57.733234907407166,77.11836231458597,26.04387898160337
2026-09-30,2026-09-28,2026-10-02,2026-09-30,NSE,GKWLIMITED,,GKW Limited,1531.699951171875,1571.8600036621094,1531.699951171875,38.237646410224656,1817.6582010441518,1869.107565013965,36.86822322874694
2026-09-30,2026-09-28,2026-10-02,2026-09-30,NSE,YESBANK,,Yes Bank Limited,21.18000030517578,22.697999954223633,21.18000030517578,42.611438401647376,20.350475782485155,25.04175842991832,47.568803216856985
2026-09-30,2026-09-28,2026-10-02,2026-09-30,NSE,FMGOETZE,,Federal-Mogul Goetze (India) Limited.,458.6499938964844,482.99499969482423,458.6499938964844,48.8762475845403,390.0691376633951,541.4595642389855,50.13040561479632
2026-09-30,2026-09-28,2026-10-02,2026-09-30,NSE,PATINTLOG,,Patel Integrated Logistics Limited,13.149999618530273,13.542999982833862,13.149999618530273,47.976642949942516,11.390225127757407,15.943851967752762,39.09594924186108
2026-09-30,2026-09-28,2026-10-02,2026-09-30,NSE,SIGIND,,Signet Industries Limited,69.04000091552734,70.00099983215333,69.04000091552734,65.98213483075189,49.633001260862024,79.45525221551657,53.94832740624495
2026-09-30,2026-09-28,2026-10-02,2026-09-30,NSE,KUANTUM,,Kuantum Papers Limited,76.70999908447266,77.11599960327149,76.70999908447266,45.9972055141783,90.49668933862989,83.00173835083733,34.44860410565124
2026-09-30,2026-09-28,2026-10-02,2026-09-30,NSE,IIFL,,IIFL Finance Limited,598.1500244140625,615.9050018310547,598.1500244140625,55.82659900851175,519.7628870814932,694.2537891687522,57.95851535386018
2026-09-30,2026-09-28,2026-10-02,2026-09-30,NSE,KANSAINER,,Kansai Nerolac Paints Limited,177.47999572753906,187.27100067138673,177.47999572753906,34.465348922740006,176.50941900404754,226.2525963893118,29.205049572742737
2026-09-30,2026-09-28,2026-10-02,2026-09-30,NSE,HINDCOPPER,,Hindustan Copper Limited,479.6000061035156,508.5000030517578,479.6000061035156,43.94262205116379,433.71933372854306,560.8285004607876,53.24439951867766
2026-09-30,2026-09-28,2026-10-02,2026-09-30,NSE,NUVAMA,,Nuvama Wealth Management Limited,1640.5999755859375,1740.1999877929688,1640.5999755859375,49.46797100732622,1494.9762337815773,1994.8323242105716,55.95431330592942
2026-09-30,2026-09-28,2026-10-02,2026-09-30,NSE,EDELWEISS,,Edelweiss Financial Services Limited,135.4499969482422,134.2719997406006,135.4499969482422,61.79091660397499,106.95477401152645,140.27494260778195,53.0541152222062
2026-09-30,2026-09-28,2026-10-02,2026-09-30,NSE,RAJRILTD,,Raj Rayon Industries Limited,20.799999237060547,21.323499870300292,20.799999237060547,44.6144269247088,24.006079523281873,23.464158515161046,47.171662064042394
2026-09-30,2026-09-28,2026-10-02,2026-09-30,NSE,GFSTEELS,,Grand Foundry Limited,34.06999969482422,22.096000003814698,34.06999969482422,99.97852048494161,27.58230615692755,29.24538634501858,98.6300887509697
2026-09-30,2026-09-28,2026-10-02,2026-09-30,NSE,ROTO,,Roto Pumps Limited,62.54999923706055,63.844000053405765,62.54999923706055,46.483188695055965,50.51122859120336,73.0814263862852,42.98540962597554
2026-09-30,2026-09-28,2026-10-02,2026-09-30,NSE,GRINDWELL,,Grindwell Norton Limited,1918.199951171875,1925.5300048828126,1918.199951171875,50.063568806223586,1731.2705968635617,2230.456465343797,46.000056374575756
2026-09-30,2026-09-28,2026-10-02,2026-09-30,NSE,CIEINDIA,,CIE Automotive India Limited,383.3500061035156,384.57749938964844,383.3500061035156,34.94152036381348,443.9452656654243,492.81813738522135,34.7940946878157
2026-09-30,2026-09-28,2026-10-02,2026-09-30,NSE,GFLLIMITED,,GFL Limited,55.9900016784668,57.376000022888185,55.9900016784668,57.44059690349753,43.134332860683585,61.1414393407858,42.37765224274455
2026-09-30,2026-09-28,2026-10-02,2026-09-30,NSE,GHCL,,GHCL Limited,410.6000061035156,425.2949981689453,410.6000061035156,32.833716237487465,467.4136292102594,452.77687749965986,35.38121561418079
2026-09-30,2026-09-28,2026-10-02,2026-09-30,NSE,VIRINCHI,,Virinchi Limited,13.720000267028809,14.179500007629395,13.720000267028809,34.121293835326185,17.361172450569207,17.32696715084647,28.126409681998908
2026-09-30,2026-09-28,2026-10-02,2026-09-30,NSE,GLFL,,Gujarat Lease Financing Limited,5.019999980926514,5.3275000095367435,5.019999980926514,43.848561006138446,6.975643286234705,6.83623446441623,45.880477876736784
2026-09-30,2026-09-28,2026-10-02,2026-09-30,NSE,AMBIKCO,,Ambika Cotton Mills Limited,1568.0,1598.939990234375,1568.0,48.32070756936633,1451.2239868402266,1825.6740181069651,49.407585298476235
2026-09-30,2026-09-28,2026-10-02,2026-09-30,NSE,VOLTAMP,,Voltamp Transformers Limited,10513.0,10890.15,10513.0,55.34712753658097,8905.153910762272,11492.433748505058,47.26920270851848
2026-09-30,2026-09-28,2026-10-02,2026-09-30,NSE,ALKEM,,Alkem Laboratories Limited,5175.0,5240.375,5175.0,43.46908854943011,5884.9505629601645,5766.031812559074,38.685358095359376
2026-09-30,2026-09-28,2026-10-02,2026-09-30,NSE,GMMPFAUDLR,,GMM Pfaudler Limited,1480.0999755859375,1325.6349975585938,1480.0999755859375,79.60826752168518,1162.7305545936415,1495.521308880008,58.78668195078933
2026-09-30,2026-09-28,2026-10-02,2026-09-30,NSE,AKSHARCHEM,,AksharChem India Limited,383.3500061035156,408.0924987792969,383.3500061035156,67.08111468351859,280.5879468336917,445.5955690850394,63.24476432097257
2026-09-30,2026-09-28,2026-10-02,2026-09-30,NSE,NKIND,,NK Industries Limited,61.06999969482422,57.73899955749512,61.06999969482422,48.67822789824056,82.32935564919171,68.78047741754216,52.75303413086123
2026-09-30,2026-09-28,2026-10-02,2026-09-30,NSE,SWANDEF,,Swan Defence and Heavy Industries Limited,2631.300048828125,2615.7999877929688,2631.300048828125,63.63744055008432,1991.4717325328024,2878.7894521768676,79.87712696770802
2026-09-30,2026-09-28,2026-10-02,2026-09-30,NSE,KPIGREEN,,KPI Green Energy Limited,357.3500061035156,306.2325012207031,357.3500061035156,47.58902773895479,263.0391299582891,460.1434612972661,41.396443453186286
2026-09-30,2026-09-28,2026-10-02,2026-09-30,NSE,KAPSTON,,Kapston Services Limited,537.7999877929688,573.2024993896484,537.7999877929688,63.638901512302354,433.7181581875349,654.9952793201362,70.13007056142655
2026-09-30,2026-09-28,2026-10-02,2026-09-30,NSE,ACEINTEG,,Ace Integrated Solutions Limited,17.020000457763672,17.52150011062622,17.020000457763672,36.91465602619162,23.025628955142743,21.924271910021428,31.499289549979977
2026-09-30,2026-09-28,2026-10-02,2026-09-30,NSE,HARRMALAYA,,Harrisons  Malayalam Limited,167.89999389648438,183.03150100708007,167.89999389648438,34.328145467367904,214.63274438794946,231.1170821594798,41.45004224169849
2026-09-30,2026-09-28,2026-10-02,2026-09-30,NSE,JHS,,JHS Svendgaard Laboratories Limited,8.8100004196167,8.281500053405761,8.8100004196167,52.68925407074903,9.904987272951084,9.173300775599389,27.390093877968923
2026-09-30,2026-09-28,2026-10-02,2026-09-30,NSE,GREENLAM,,Greenlam Industries Limited,217.50999450683594,233.1509994506836,217.50999450683594,38.05663361558906,195.73722695934413,274.4612475245649,44.03755138399178
2026-09-30,2026-09-28,2026-10-02,2026-09-30,NSE,HEGAM,,HEG Advanced Materials Limited,240.0,336.55750427246096,240.0,26.867839717292796,479.1401322204094,865.2995297285498,38.40897653812217
2026-09-30,2026-09-28,2026-10-02,2026-09-30,NSE,TIIL,,Technocraft Industries (India) Limited,2929.39990234375,3124.269982910156,2929.39990234375,56.28628509345211,2630.39432851489,3397.27701194944,50.8205119271788
2026-09-30,2026-09-28,2026-10-02,2026-09-30,NSE,MANCREDIT,,Mangal Credit and Fincorp Limited,217.39999389648438,222.63299865722655,217.39999389648438,51.57677895651306,179.97920510609208,260.1616931569501,65.36063073951786
2026-09-30,2026-09-28,2026-10-02,2026-09-30,NSE,BANDHANBNK,,Bandhan Bank Limited,181.0,174.33749923706054,181.0,50.203675248763496,204.85351491737816,221.06374185911417,48.8334074592264
2026-09-30,2026-09-28,2026-10-02,2026-09-30,NSE,EIFFL,,Euro India Fresh Foods Limited,277.0,272.4500015258789,277.0,50.86652239757952,234.87035554721115,358.0169870716799,57.09573826935784
2026-09-30,2026-09-28,2026-10-02,2026-09-30,NSE,PRAXIS,,Praxis Home Retail Limited,4.840000152587891,4.474500012397766,4.840000152587891,38.007257294206326,6.770406684784214,9.040670204240149,27.470248890109346
2026-09-30,2026-09-28,2026-10-02,2026-09-30,NSE,XTGLOBAL,,Xtglobal Infotech Limited,28.90999984741211,30.100000286102294,28.90999984741211,45.93952942889401,38.28618944650925,33.28953609835598,40.72887770764045
2026-09-30,2026-09-28,2026-10-02,2026-09-30,NSE,IMPAL,,India Motor Parts and Accessories Limited,1043.0999755859375,1090.2449829101563,1043.0999755859375,44.540808315828706,967.0379482886174,1138.778483626762,40.35119271398888
2026-09-30,2026-09-28,2026-10-02,2026-09-30,NSE,HFCL,,HFCL Limited,205.9199981689453,224.76849975585938,205.9199981689453,58.150922123183165,173.6267675926008,253.47790918163957,60.94781164778344
2026-09-30,2026-09-28,2026-10-02,2026-09-30,NSE,EMAMILTD,,Emami Limited,388.75,374.7899993896484,388.75,42.835320972366155,440.6072710659123,429.1319102167896,27.498033108405807
2026-09-30,2026-09-28,2026-10-02,2026-09-30,NSE,LAGNAM,,Lagnam Spintex Limited,73.0199966430664,73.88249969482422,73.0199966430664,42.655017156949455,64.56325668695806,89.12705493695668,40.707638250608014
2026-09-30,2026-09-28,2026-10-02,2026-09-30,NSE,HCC,,Hindustan Construction Company Limited,20.549999237060547,22.32200002670288,20.549999237060547,45.67746276813996,19.535523546966196,26.63486882998971,39.14085433978922
2026-09-30,2026-09-28,2026-10-02,2026-09-30,NSE,HBSL,,HB Stockholdings Limited,55.79999923706055,53.89750022888184,55.79999923706055,49.369873057902886,42.03375420968165,59.46651939187025,36.661976045312066
2026-09-30,2026-09-28,2026-10-02,2026-09-30,NSE,URJA,,Urja Global Limited,8.75,9.018000078201293,8.75,35.766636176901386,8.306170945360947,10.935324626759881,29.335979867766625
2026-09-30,2026-09-28,2026-10-02,2026-09-30,NSE,SUPREMEINF,,Supreme Infrastructure India Limited,79.72000122070312,82.89300003051758,79.72000122070312,46.67702549672709,61.39316687331055,91.12743670631639,45.735959909287374
2026-09-30,2026-09-28,2026-10-02,2026-09-30,NSE,PAKKA,,PAKKA LIMITED,73.7699966430664,76.33699951171874,73.7699966430664,39.89772901650107,89.42709278626398,89.6283414473876,22.40813315112591
2026-09-30,2026-09-28,2026-10-02,2026-09-30,NSE,UJJIVANSFB,,Ujjivan Small Finance Bank Limited,63.09000015258789,64.60049991607666,63.09000015258789,50.54532492766456,58.53194358988692,76.24864898006038,58.966072372902985
2026-09-30,2026-09-28,2026-10-02,2026-09-30,NSE,CONFIPET,,Confidence Petroleum India Limited,85.6500015258789,86.38550033569337,85.6500015258789,64.25893751932631,61.400537289301454,93.08701727319507,59.26087705433621
2026-09-30,2026-09-28,2026-10-02,2026-09-30,NSE,ABDL,,Allied Blenders and Distillers Limited,723.4500122070312,640.3575042724609,723.4500122070312,70.49854041292139,575.8820980770648,709.6552558246717,66.85958699134886
2026-09-30,2026-09-28,2026-10-02,2026-09-30,NSE,NECCLTD,,North Eastern Carrying Corporation Limited,18.440000534057617,18.69350004196167,18.440000534057617,59.17576657289086,14.28021653441579,19.452654949954738,41.93561180176344
2026-09-30,2026-09-28,2026-10-02,2026-09-30,NSE,AXISCADES,,AXISCADES Technologies Limited,1879.5,1812.1449829101562,1879.5,59.20552767604321,2020.8616972702844,2039.9583932144344,66.34677240153269
2026-09-30,2026-09-28,2026-10-02,2026-09-30,NSE,TARACHAND,,Tara Chand InfraLogistic Solutions Limited,47.439998626708984,47.307000160217285,47.439998626708984,32.38768955209065,58.47142921711382,60.570724238792785,39.76307939139197
2026-09-30,2026-09-28,2026-10-02,2026-09-30,NSE,BIRLANU,,BirlaNu Limited,1441.0,1418.5750061035155,1441.0,49.11028346314346,1660.9770700559864,1578.2318754981036,29.822279092972636
2026-09-30,2026-09-28,2026-10-02,2026-09-30,NSE,LIBERTSHOE,,Liberty Shoes Limited,226.1999969482422,228.42099838256837,226.1999969482422,41.18671576631823,276.3487362648658,279.1393307063481,31.552342149015345
2026-09-30,2026-09-28,2026-10-02,2026-09-30,NSE,PIGL,,Power & Instrumentation (Gujarat) Limited,96.0,100.25299987792968,96.0,40.21344328198824,125.49713491800102,117.51416772706862,41.01668070978542
2026-09-30,2026-09-28,2026-10-02,2026-09-30,NSE,CORALFINAC,,Coral India Finance & Housing Limited,31.420000076293945,32.38400001525879,31.420000076293945,42.31421139181236,37.82210273596816,34.29458500380575,36.645397585182586
2026-09-30,2026-09-28,2026-10-02,2026-09-30,NSE,HECPROJECT,,HEC Infra Projects Limited,112.86000061035156,117.74099960327149,112.86000061035156,42.98484483319929,145.89605731612045,139.35104021681997,50.12783099000393
2026-09-30,2026-09-28,2026-10-02,2026-09-30,NSE,IFBIND,,IFB Industries Limited,1214.199951171875,1264.3699951171875,1214.199951171875,43.44133619879719,1066.3332425863057,1445.450518198479,43.30531435646942
2026-09-30,2026-09-28,2026-10-02,2026-09-30,NSE,CREST,,Crest Ventures Limited,359.8999938964844,362.55,359.8999938964844,47.28895838768323,423.81955032818564,396.4864254560399,34.29078310116202
2026-09-30,2026-09-28,2026-10-02,2026-09-30,NSE,SRGHFL,,SRG Housing Finance Limited,140.9499969482422,181.4525001525879,140.9499969482422,23.358694533489,244.004943001615,376.17969787570047,26.24549361779789
2026-09-30,2026-09-28,2026-10-02,2026-09-30,NSE,LANDMARK,,Landmark Cars Limited,475.8999938964844,494.9050018310547,475.8999938964844,50.73626189338337,388.43648372325475,572.8922905897713,45.00387065020924
2026-09-30,2026-09-28,2026-10-02,2026-09-30,NSE,INDIAGLYCO,,India Glycols Limited,297.5,317.87499771118166,297.5,26.9594506461696,725.0161019621285,1560.8627622147892,36.62124070553279
2026-09-30,2026-09-28,2026-10-02,2026-09-30,NSE,PFS,,PTC India Financial Services Limited,27.1200008392334,26.90649995803833,27.1200008392334,40.892882165418825,31.645880186356756,32.452349667460254,32.60549645720354
2026-09-30,2026-09-28,2026-10-02,2026-09-30,NSE,BHARATGEAR,,Bharat Gears Limited,99.81999969482422,101.3640007019043,99.81999969482422,42.66281455659141,97.20034294739914,136.9411144686923,46.85173971873079
2026-09-30,2026-09-28,2026-10-02,2026-09-30,NSE,PARSVNATH,,Parsvnath Developers Limited,2.009999990463257,1.7350000023841858,2.009999990463257,29.68444502003338,2.322270446149605,4.08290267975628,29.810042740342098
2026-09-30,2026-09-28,2026-10-02,2026-09-30,NSE,INDIANB,,Indian Bank,802.4500122070312,851.1875030517579,802.4500122070312,41.927790780834385,787.2696838017856,902.3484734439761,57.19210491861774
2026-09-30,2026-09-28,2026-10-02,2026-09-30,NSE,RAJSREESUG,,Rajshree Sugars & Chemicals Limited,30.84000015258789,33.430500221252444,30.84000015258789,45.178614373367694,25.289381831906447,37.79279062219849,32.10706987631511
2026-09-30,2026-09-28,2026-10-02,2026-09-30,NSE,UNIVASTU,,Univastu India Limited,132.7899932861328,152.5844985961914,132.7899932861328,57.46725568182439,120.47711627691507,187.9659843122953,64.72075091038084
2026-09-30,2026-09-28,2026-10-02,2026-09-30,NSE,ASTEC,,Astec LifeSciences Limited,711.7999877929688,681.1350006103515,711.7999877929688,53.831150270447324,528.9534000422257,829.8410084293607,42.3238556688799
2026-09-30,2026-09-28,2026-10-02,2026-09-30,NSE,IOB,,Indian Overseas Bank,31.739999771118164,32.53199987411499,31.739999771118164,36.59525041876135,35.19023510458167,35.19538625991445,22.927672273126106
2026-09-30,2026-09-28,2026-10-02,2026-09-30,NSE,ZEELEARN,,Zee Learn Limited,6.650000095367432,6.865500092506409,6.650000095367432,43.27462331707208,6.033081401098755,9.431835139118327,45.36001820174509
2026-09-30,2026-09-28,2026-10-02,2026-09-30,NSE,VALIANTORG,,Valiant Organics Limited,397.75,370.54000091552734,397.75,65.86401387223445,289.93320774721207,412.8592340149222,56.3613841468121
2026-09-30,2026-09-28,2026-10-02,2026-09-30,NSE,ISFT,,Intrasoft Technologies Limited,96.29000091552734,88.68649978637696,96.29000091552734,59.58951095944786,65.40411700141861,97.5581412458777,42.306110090439965
2026-09-30,2026-09-28,2026-10-02,2026-09-30,NSE,NIPPOBATRY,,Indo-National Limited,323.20001220703125,323.375,323.20001220703125,44.05387479846806,263.45903980556363,365.05147801418155,34.13968543508011
2026-09-30,2026-09-28,2026-10-02,2026-09-30,NSE,URAVIDEF,,Uravi Defence and Technology Limited,102.5,111.59799995422364,102.5,33.36195746838915,128.92052787651107,125.29203482604588,30.621788694563534
2026-09-30,2026-09-28,2026-10-02,2026-09-30,NSE,ORIENTCER,,ORIENT CERATECH LIMITED,45.86000061035156,45.823499870300296,45.86000061035156,56.91244126748061,34.83414779031651,48.352448359087504,49.400688825134196
2026-09-30,2026-09-28,2026-10-02,2026-09-30,NSE,IONEXCHANG,,ION Exchange (India) Limited,422.8999938964844,422.84500274658205,422.8999938964844,54.72940892055154,331.9721050380523,468.9752468646441,43.22910733155263
2026-09-30,2026-09-28,2026-10-02,2026-09-30,NSE,ARROWGREEN,,Arrow Greentech Limited,891.8499755859375,842.2074981689453,891.8499755859375,69.81111883935864,656.9890392378168,950.8662239520639,60.346877245552285
2026-09-30,2026-09-28,2026-10-02,2026-09-30,NSE,SAILIFE,,Sai Life Sciences Limited,1582.800048828125,1587.1099975585937,1582.800048828125,82.1066373853062,1316.7989052413145,1684.1305943342702,82.53222293239037
2026-09-30,2026-09-28,2026-10-02,2026-09-30,NSE,IPCALAB,,IPCA Laboratories Limited,1919.300048828125,1968.8349975585938,1919.300048828125,62.044820813035216,1636.9613343051044,2089.1703446184997,63.648163793703915
2026-09-30,2026-09-28,2026-10-02,2026-09-30,NSE,JAYBARMARU,,Jay Bharat Maruti Limited,122.5199966430664,117.42050018310547,122.5199966430664,48.545052348271824,157.25648431531232,187.08241460005908,53.257563970662474
2026-09-30,2026-09-28,2026-10-02,2026-09-30,NSE,PNBHOUSING,,PNB Housing Finance Limited,1085.0,1141.3849975585938,1085.0,53.187113771722196,980.9103843867562,1209.3673355771957,54.98184599740586
2026-09-30,2026-09-28,2026-10-02,2026-09-30,NSE,LANCORHOL,,Lancor Holdings Limited,32.15999984741211,35.643500328063965,32.15999984741211,56.590942555293445,25.31998333260122,38.34932487348355,47.753708635372256
2026-09-30,2026-09-28,2026-10-02,2026-09-30,NSE,SPANDANA,,Spandana Sphoorty Financial Limited,228.35000610351562,231.98050079345703,228.35000610351562,42.543128528942376,218.15225279718035,300.89245346489355,26.507979204137968
2026-09-30,2026-09-28,2026-10-02,2026-09-30,NSE,JKTYRE,,JK Tyre & Industries Limited,337.79998779296875,355.06500244140625,337.79998779296875,33.90134354787729,398.5403212447814,425.81965547160127,39.82380552916321
2026-09-30,2026-09-28,2026-10-02,2026-09-30,NSE,RUSHIL,,Rushil Decor Limited,15.960000038146973,16.136500120162964,15.960000038146973,44.33834985307456,20.60314135872799,18.269099432636356,33.882281584893164
2026-09-30,2026-09-28,2026-10-02,2026-09-30,NSE,SEYAIND,,Seya Industries Limited,13.600000381469727,12.83899998664856,13.600000381469727,51.529283933545706,12.188154400877075,14.892297844115168,42.16260024897566
2026-09-30,2026-09-28,2026-10-02,2026-09-30,NSE,INTLCONV,,International Conveyors Limited,79.9000015258789,78.48999977111816,79.9000015258789,51.50737453389409,84.64820169133321,83.92855123159784,45.275411156189946
2026-09-30,2026-09-28,2026-10-02,2026-09-30,NSE,STARHEALTH,,Star Health and Allied Insurance Company Limited,552.5,557.1775024414062,552.5,52.08559377575308,492.45411892603113,613.2071152012618,48.68920310375889
2026-09-30,2026-09-28,2026-10-02,2026-09-30,NSE,JKIL,,J.Kumar Infraprojects Limited,461.25,480.45999908447266,461.25,38.57553961063478,534.5606579861046,516.0488233949472,29.86439780236735
2026-09-30,2026-09-28,2026-10-02,2026-09-30,NSE,LXCHEM,,Laxmi Organic Industries Limited,177.47000122070312,175.97449951171876,177.47000122070312,58.65847846161192,138.25366435599904,189.77267581420386,40.78521784741168
2026-09-30,2026-09-28,2026-10-02,2026-09-30,NSE,MUNJALSHOW,,Munjal Showa Limited,124.26000213623047,128.12250099182128,124.26000213623047,42.9160651694532,116.04861864773775,140.24133956289887,41.698135390097235
2026-09-30,2026-09-28,2026-10-02,2026-09-30,NSE,STEL,,Stel Holdings Limited,608.7000122070312,617.3350006103516,608.7000122070312,58.06455921179146,479.8521946342132,681.2425368963063,55.29176374467308
2026-09-30,2026-09-28,2026-10-02,2026-09-30,NSE,HEIDELBERG,,HeidelbergCement India Limited,131.4499969482422,148.89050064086913,131.4499969482422,27.509234587699623,157.95222829478922,168.46833342655862,29.37920885248988
2026-09-30,2026-09-28,2026-10-02,2026-09-30,NSE,VIMTALABS,,Vimta Labs Limited,585.3499755859375,621.4974975585938,585.3499755859375,52.183482963298104,489.44883504434415,681.6743256410496,60.433289054582744
2026-09-30,2026-09-28,2026-10-02,2026-09-30,NSE,GLOBE,,GLOBE ENTERPRISES (INDIA) LIMITED,2.200000047683716,1.9709999918937684,2.200000047683716,50.07192320337564,2.3903973094112283,2.4478774616817955,31.466311926957914
2026-09-30,2026-09-28,2026-10-02,2026-09-30,NSE,SANDESH,,The Sandesh Limited,1027.9000244140625,1035.0250061035156,1027.9000244140625,50.6699388045436,850.9208982148967,1097.6728829144988,32.18001309116751
2026-09-30,2026-09-28,2026-10-02,2026-09-30,NSE,DECCANCE,,Deccan Cements Limited,542.5499877929688,566.040005493164,542.5499877929688,36.91411132765069,667.9354920894618,609.2841753601828,46.28506032711576
2026-09-30,2026-09-28,2026-10-02,2026-09-30,NSE,UGROCAP,,Ugro Capital Limited,80.29000091552734,83.84699935913086,80.29000091552734,26.494252352050367,98.02970283414092,104.59652591298985,21.81922346595833
2026-09-30,2026-09-28,2026-10-02,2026-09-30,NSE,PRITIKAUTO,,Pritika Auto Industries Limited,18.8700008392334,15.861500024795532,18.8700008392334,60.58838013017533,12.487082760475069,20.04270320057368,46.779086478941124
2026-09-30,2026-09-28,2026-10-02,2026-09-30,NSE,RADHIKAJWE,,Radhika Jeweltech Limited,69.37999725341797,76.58649940490723,69.37999725341797,50.95034639871777,61.44293225493136,81.93743450164904,34.57291098041695
2026-09-30,2026-09-28,2026-10-02,2026-09-30,NSE,NMDC,,NMDC Limited,77.43000030517578,82.25050048828125,77.43000030517578,37.79813856955251,75.60318327341928,92.17943072128855,45.73456438967081
2026-09-30,2026-09-28,2026-10-02,2026-09-30,NSE,MANGALAM,,Mangalam Drugs And Organics Limited,30.899999618530273,32.11349983215332,30.899999618530273,47.97698831008259,21.213268175142876,34.36947844851164,24.93812419167716
2026-09-30,2026-09-28,2026-10-02,2026-09-30,NSE,MARUTI,,Maruti Suzuki India Limited,12008.0,12411.65,12008.0,33.76996356497273,13497.500153488261,14664.267999452442,42.85352420172102
2026-09-30,2026-09-28,2026-10-02,2026-09-30,NSE,TAJGVK,,Taj GVK Hotels & Resorts Limited,315.25,330.88000030517577,315.25,38.82330260066535,376.8753750164243,371.4976349726269,47.854382972365194
2026-09-30,2026-09-28,2026-10-02,2026-09-30,NSE,GULFPETRO,,GP Petroleums Limited,61.13999938964844,64.0814998626709,61.13999938964844,68.25691724558884,48.265116230419494,74.56627949848338,50.843531520187106
2026-09-30,2026-09-28,2026-10-02,2026-09-30,NSE,TCIEXP,,TCI Express Limited,486.0,514.942497253418,486.0,40.60491329871112,612.6496365715373,586.9120899167315,27.282414681780295
2026-09-30,2026-09-28,2026-10-02,2026-09-30,NSE,GTECJAINX,,G-TEC JAINX EDUCATION LIMITED,26.969999313354492,27.801499938964845,26.969999313354492,51.551502627640645,18.621607520621748,35.418252578270625,35.253135089565944
2026-09-30,2026-09-28,2026-10-02,2026-09-30,NSE,KAYA,,Kaya Limited,309.6000061035156,332.0324996948242,309.6000061035156,51.35946827346823,228.30772232643994,369.39401698405055,43.751324321399146
2026-09-30,2026-09-28,2026-10-02,2026-09-30,NSE,NLCINDIA,,NLC India Limited,256.70001220703125,267.03999481201174,256.70001220703125,36.75626622707719,306.26981123620544,353.43851332104913,45.108449481186575
2026-09-30,2026-09-28,2026-10-02,2026-09-30,NSE,VASWANI,,Vaswani Industries Limited,44.619998931884766,46.14749984741211,44.619998931884766,35.56581204737503,57.45366525920902,61.30699831369523,39.252327028461735
2026-09-30,2026-09-28,2026-10-02,2026-09-30,NSE,OILCOUNTUB,,Oil Country Tubular Limited,73.63999938964844,65.8454999923706,73.63999938964844,64.8818686827815,57.51814047971355,70.6941201281505,57.733843288943945
2026-09-30,2026-09-28,2026-10-02,2026-09-30,NSE,DIAMINESQ,,Diamines & Chemicals Limited,240.17999267578125,250.07499771118165,240.17999267578125,44.137307629576135,284.6726367724509,268.80035498221343,28.706943122553398
2026-09-30,2026-09-28,2026-10-02,2026-09-30,NSE,COFORGE,,Coforge Limited,1773.0,1853.6900024414062,1773.0,57.50159488978476,1602.13074767566,2063.005085591483,55.85772236202396
2026-09-30,2026-09-28,2026-10-02,2026-09-30,NSE,ORIENTPPR,,Orient Paper & Industries Limited,16.610000610351562,17.27150011062622,16.610000610351562,41.23119872994219,19.372874560179604,18.416372201083313,24.06941745459858
2026-09-30,2026-09-28,2026-10-02,2026-09-30,NSE,TTL,,T T Limited,7.329999923706055,6.9249999761581424,7.329999923706055,50.771481164979335,8.027160813778162,7.773876515662947,42.41504310145555
2026-09-30,2026-09-28,2026-10-02,2026-09-30,NSE,FOCUS,,Focus Lighting and Fixtures Limited,58.72999954223633,61.57199974060059,58.72999954223633,31.971381780389777,74.37322780010676,97.25949239504692,35.55955327651053
2026-09-30,2026-09-28,2026-10-02,2026-09-30,NSE,BSL,,BSL Limited,118.48999786376953,121.7875,118.48999786376953,39.54848959447,144.21883126336053,131.28879453247407,37.60365532348643
2026-09-30,2026-09-28,2026-10-02,2026-09-30,NSE,THYROCARE,,Thyrocare Technologies Limited,548.2999877929688,564.7025024414063,548.2999877929688,54.467176860382516,471.85784159632726,620.6791708652556,63.33379243941099
2026-09-30,2026-09-28,2026-10-02,2026-09-30,NSE,PTCIL,,PTC Industries Limited,21685.0,22783.25,21685.0,62.575093239954995,18295.966307370836,24148.940752112627,63.70171413560235
2026-09-30,2026-09-28,2026-10-02,2026-09-30,NSE,HGM,,HandsOn Global Management (HGM) Limited,41.25,47.19000015258789,41.25,36.462533424934705,59.73797427425184,61.0426833532163,36.433172418557525
2026-09-30,2026-09-28,2026-10-02,2026-09-30,NSE,CAMS,,Computer Age Management Services Limited,691.5499877929688,719.6174957275391,691.5499877929688,39.544704153171445,653.3027932302522,829.7819782504098,42.03790184258216
2026-09-30,2026-09-28,2026-10-02,2026-09-30,NSE,SHARDAMOTR,,Sharda Motor Industries Limited,945.0999755859375,927.029995727539,945.0999755859375,55.964749412419344,774.6681480203306,982.2268128569688,27.233403730877058
2026-09-30,2026-09-28,2026-10-02,2026-09-30,NSE,SHALBY,,Shalby Limited,143.25,144.96650161743165,143.25,37.608745378835316,135.82329543597888,182.09694532724535,34.5986098104476
2026-09-30,2026-09-28,2026-10-02,2026-09-30,NSE,LOVABLE,,Lovable Lingerie Limited,70.20999908447266,70.84449996948243,70.20999908447266,44.911509333752875,57.39024511121592,78.85733257886858,33.86557229176955
2026-09-30,2026-09-28,2026-10-02,2026-09-30,NSE,HISARMETAL,,Hisar Metal Industries Limited,151.9600067138672,157.00400085449218,151.9600067138672,46.917623214399136,175.97157877024088,160.23353785417004,44.14675987592223
2026-09-30,2026-09-28,2026-10-02,2026-09-30,NSE,JUSTDIAL,,Just Dial Limited,658.9500122070312,680.297494506836,658.9500122070312,52.64532673363801,538.3125975495027,791.1095679582972,36.087487255455876
2026-09-30,2026-09-28,2026-10-02,2026-09-30,NSE,PILITA,,PIL ITALICA LIFESTYLE LIMITED,7.590000152587891,7.7370000123977665,7.590000152587891,38.02681484830959,9.635578984070497,9.178369540519725,37.490212823909154
2026-09-30,2026-09-28,2026-10-02,2026-09-30,NSE,GALAXYSURF,,Galaxy Surfactants Limited,2190.699951171875,2214.485009765625,2190.699951171875,55.545981784992726,1858.2642140448459,2467.1877698569547,44.96891808989932
2026-09-30,2026-09-28,2026-10-02,2026-09-30,NSE,LALPATHLAB,,Dr. Lal Path Labs Ltd.,1942.0999755859375,1916.2950012207032,1942.0999755859375,68.14510697271797,1634.2063117411562,2063.4291301793933,63.683369426094096
2026-09-30,2026-09-28,2026-10-02,2026-09-30,NSE,DYCL,,Dynamic Cables Limited,435.1499938964844,468.6425018310547,435.1499938964844,57.54628644203647,363.272560986111,515.2195755010601,57.97867460427159
2026-09-30,2026-09-28,2026-10-02,2026-09-30,NSE,PCBL,,PCBL Chemical Limited,332.54998779296875,329.38499908447267,332.54998779296875,58.10371940239005,272.75585779763367,344.6339704339507,39.12414530103858
2026-09-30,2026-09-28,2026-10-02,2026-09-30,NSE,KITEX,,Kitex Garments Limited,116.12999725341797,122.26900062561035,116.12999725341797,30.13439186943802,143.47540613852394,175.46584796247106,42.41073547775103
2026-09-30,2026-09-28,2026-10-02,2026-09-30,NSE,SENCO,,Senco Gold Limited,318.29998779296875,345.01999816894534,318.29998779296875,42.73838403580165,304.69132106838254,393.01672762198666,33.484966212343835
2026-09-30,2026-09-28,2026-10-02,2026-09-30,NSE,PRAKASH,,Prakash Industries Limited,115.68000030517578,121.66650047302247,115.68000030517578,37.6221431523444,146.16710650695745,151.45340072015412,38.07018467224575
2026-09-30,2026-09-28,2026-10-02,2026-09-30,NSE,PIIND,,PI Industries Limited,2349.0,2361.1050048828124,2349.0,34.26490818602852,2799.6042478804266,2947.007956357718,29.968179326676974
2026-09-30,2026-09-28,2026-10-02,2026-09-30,NSE,AMJLAND,,Amj Land Holdings Limited,38.04999923706055,38.094000244140624,38.04999923706055,44.09312889782766,45.239103409857165,40.04683877926599,43.78992295284939
2026-09-30,2026-09-28,2026-10-02,2026-09-30,NSE,ORIENTBELL,,Orient Bell Limited,395.70001220703125,400.57750091552737,395.70001220703125,63.435077040143526,309.23415925301845,420.6804060101456,58.19416302834309
2026-09-30,2026-09-28,2026-10-02,2026-09-30,NSE,PSB,,Punjab & Sind Bank,21.309999465942383,22.372999954223634,21.309999465942383,31.102636994324428,24.522917992191196,25.596405622020644,23.88820338776364
2026-09-30,2026-09-28,2026-10-02,2026-09-30,NSE,ORIENTLTD,,Orient Press Limited,79.9000015258789,81.45750045776367,79.9000015258789,56.141936228291115,58.23146404473691,90.81696702434702,45.685100242219015
2026-09-30,2026-09-29,2026-10-02,2026-09-30,NSE,GUJRAFFIA,,Gujarat Raffia Industries Limited,40.209999084472656,40.55899982452392,40.209999084472656,47.36607214563159,49.5852240799419,43.614679819332366,48.141635002273176
2026-09-30,2026-09-28,2026-10-02,2026-09-30,NSE,ARENTERP,,Rajdarshan Industries Limited,32.66999816894531,34.228000259399415,32.66999816894531,39.22637955375816,48.635471041982655,42.673787407433366,43.019570932560875
2026-09-30,2026-09-28,2026-10-02,2026-09-30,NSE,RSWM,,RSWM Limited,211.35000610351562,217.12249908447265,211.35000610351562,58.65064498854988,161.6238662943844,230.2421447819691,54.79412497245769
2026-09-30,2026-09-28,2026-10-02,2026-09-30,NSE,INDTERRAIN,,Indian Terrain Fashions Limited,29.489999771118164,29.569500064849855,29.489999771118164,44.789884619581585,37.47265901834809,34.20056835868284,35.733299442938474
2026-09-30,2026-09-28,2026-10-02,2026-09-30,NSE,REPCOHOME,,Repco Home Finance Limited,346.75,355.26000061035154,346.75,37.00774530471002,405.11016440245567,426.30751875302246,37.9128074709197
2026-09-30,2026-09-28,2026-10-02,2026-09-30,NSE,RALLIS,,Rallis India Limited,199.4199981689453,203.80499954223632,199.4199981689453,29.771907752647323,227.89952556377364,248.356438673007,37.573889370846786
2026-09-30,2026-09-28,2026-10-02,2026-09-30,NSE,ICDSLTD,,ICDS Limited,54.150001525878906,59.751000213623044,54.150001525878906,56.08003435166832,39.5504397204935,63.811880339301055,58.925842982819894
2026-09-30,2026-09-28,2026-10-02,2026-09-30,NSE,MCLOUD,,Magellanic Cloud Limited,23.950000762939453,25.54900007247925,23.950000762939453,40.79407053757174,18.77380930309498,31.870692087166148,37.10633912128239
2026-09-30,2026-09-28,2026-10-02,2026-09-30,NSE,RAMCOIND,,Ramco Industries Limited,310.8999938964844,321.81750030517577,310.8999938964844,47.62185035419233,267.04254998502375,371.85098636580034,55.635043323795585
2026-09-30,2026-09-28,2026-10-02,2026-09-30,NSE,KTKBANK,,The Karnataka Bank Limited,321.8500061035156,328.49499969482423,321.8500061035156,63.32776918781173,270.8178126688126,349.89706364436336,66.57851935348197
2026-09-30,2026-09-28,2026-10-02,2026-09-30,NSE,RPOWER,,Reliance Power Limited,19.959999084472656,21.35949993133545,19.959999084472656,29.26623736719239,24.797658245371217,28.798533535582134,38.22713012834399
2026-09-30,2026-09-28,2026-10-02,2026-09-30,NSE,TITAGARH,,TITAGARH RAIL SYSTEMS LIMITED,818.6500244140625,841.995004272461,818.6500244140625,49.24610848334606,689.7298658474494,907.361623985543,41.22747468446623
2026-09-30,2026-09-28,2026-10-02,2026-09-30,NSE,GLOBUSSPR,,Globus Spirits Limited,819.1500244140625,853.0274963378906,819.1500244140625,40.27490716316768,814.0331431772984,945.4271153878001,41.08594503809616
2026-09-30,2026-09-28,2026-10-02,2026-09-30,NSE,QUESS,,Quess Corp Limited,340.8999938964844,353.5074996948242,340.8999938964844,64.95313359321943,267.3905093654256,399.81664914504466,35.99869632296365
2026-09-30,2026-09-28,2026-10-02,2026-09-30,NSE,TRU,,TruCap Finance Limited,4.110000133514404,4.150000047683716,4.110000133514404,30.642435591400655,5.6552848166052865,6.25951140948129,25.06510211176078
2026-09-30,2026-09-28,2026-10-02,2026-09-30,NSE,INOXINDIA,,INOX India Limited,2051.10009765625,2143.045001220703,2051.10009765625,62.28015528985456,1631.9817721213003,2358.2157246363395,75.0472230832178
2026-09-30,2026-09-28,2026-10-02,2026-09-30,NSE,YASHO,,Yasho Industries Limited,4117.89990234375,4065.9349853515623,4117.89990234375,72.8044931034311,3204.761295142459,4991.231064141995,75.03406035049149
2026-09-30,2026-09-28,2026-10-02,2026-09-30,NSE,SEMAC,,Semac Construction Limited,247.89999389648438,275.8150009155273,247.89999389648438,38.93696639501909,223.369826522545,368.2881897706534,42.33111376120462
2026-09-30,2026-09-28,2026-10-02,2026-09-30,NSE,5PAISA,,5Paisa Capital Limited,305.1499938964844,324.9949981689453,305.1499938964844,40.60261974515137,290.9417946994579,399.9346443707607,34.34942366188585
2026-09-30,2026-09-28,2026-10-02,2026-09-30,NSE,BALAXI,,BALAXI PHARMACEUTICALS LIMITED,22.389999389648438,23.48150005340576,22.389999389648438,42.24722333349758,18.481691412572175,25.748214055493108,19.06360983468103
2026-09-30,2026-09-28,2026-10-02,2026-09-30,NSE,PATANJALI,,Patanjali Foods Limited,390.79998779296875,362.8050003051758,390.79998779296875,45.440183889518764,325.7149615049079,465.60745332224343,36.468502451851364
2026-09-30,2026-09-28,2026-10-02,2026-09-30,NSE,NEWGEN,,Newgen Software Technologies Limited,474.3999938964844,503.87249755859375,474.3999938964844,41.42201359019345,581.874518205114,574.6783247303739,36.65942644377546
2026-09-30,2026-09-28,2026-10-02,2026-09-30,NSE,A2ZINFRA,,A2Z Infra Engineering Limited,14.65999984741211,15.324499940872192,14.65999984741211,47.402675786962796,11.532565942411125,17.01362505160375,46.43267753655493
2026-09-30,2026-09-28,2026-10-02,2026-09-30,NSE,RELIGARE,,Religare Enterprises Limited,234.32000732421875,250.75449981689454,234.32000732421875,45.90063030753405,215.88549022957693,274.2849474183135,44.2477506202423
2026-09-30,2026-09-28,2026-10-02,2026-09-30,NSE,TEXRAIL,,Texmaco Rail & Engineering Limited,123.13999938964844,117.11249961853028,123.13999938964844,58.93289408015794,97.94432093590873,123.53450451448225,40.374952404755966
2026-09-30,2026-09-28,2026-10-02,2026-09-30,NSE,INDOFARM,,Indo Farm Equipment Limited,134.27000427246094,138.0865005493164,134.27000427246094,43.016746931584656,170.21493444695997,166.3803491485241,41.271224458819795
2026-09-30,2026-09-28,2026-10-02,2026-09-30,NSE,ACMESOLAR,,Acme Solar Holdings Limited,437.8999938964844,421.6249969482422,437.8999938964844,70.29620186151196,345.2211240092793,455.8275975701247,69.89834397436401
2026-09-30,2026-09-28,2026-10-02,2026-09-30,NSE,SAKHTISUG,,Sakthi Sugars Limited,18.420000076293945,19.186999988555907,18.420000076293945,50.52993879190282,14.881436059638983,20.675452477081883,33.68022013423868
2026-09-30,2026-09-28,2026-10-02,2026-09-30,NSE,SOLARA,,Solara Active Pharma Sciences Limited,736.2999877929688,709.1125,736.2999877929688,69.73892317779513,543.3230075820924,761.3251269283226,54.7917642105585
2026-09-30,2026-09-28,2026-10-02,2026-09-30,NSE,RANASUG,,Rana Sugars Limited,13.859999656677246,14.596999883651733,13.859999656677246,54.4797094593128,11.25505819745203,15.481507619035995,40.66154282748352
2026-09-30,2026-09-28,2026-10-02,2026-09-30,NSE,WELENT,,Welspun Enterprises Limited,749.5,772.7774993896485,749.5,65.12078913578023,600.645187095255,826.277286414474,63.66907861837772
2026-09-30,2026-09-28,2026-10-02,2026-09-30,NSE,SILVERTUC,,Silver Touch Technologies Limited,145.8000030517578,156.64850082397462,145.8000030517578,34.741648435873,208.52034379202112,218.0592937731517,33.593232584607435
2026-09-30,2026-09-28,2026-10-02,2026-09-30,NSE,SAURASHCEM,,Saurashtra Cement Limited,53.349998474121094,54.53549995422363,53.349998474121094,38.98382773579031,69.98254708867702,63.3305626486175,33.741489165351524
2026-09-30,2026-09-28,2026-10-02,2026-09-30,NSE,HARDWYN,,Hardwyn India Limited,9.229999542236328,9.124499988555907,9.229999542236328,30.043103200115397,12.718790773557428,20.82322680746929,33.797331944152276
2026-09-30,2026-09-28,2026-10-02,2026-09-30,NSE,CTE,,Cambridge Technology Enterprises Limited,41.310001373291016,42.24449996948242,41.310001373291016,56.36571863399678,30.200183391084327,48.28783391943583,37.8233042578894
2026-09-30,2026-09-28,2026-10-02,2026-09-30,NSE,UPL,,UPL Limited,549.5,566.3975006103516,549.5,35.81109860648303,629.1785645815049,646.8223947208329,43.908083734573786
2026-09-30,2026-09-28,2026-10-02,2026-09-30,NSE,BANSWRAS,,Banswara Syntex Limited,107.62000274658203,112.66849937438965,107.62000274658203,40.012920305600694,98.92212916330298,139.4480549376621,42.32402909047612
2026-09-30,2026-09-28,2026-10-02,2026-09-30,NSE,SESHAPAPER,,Seshasayee Paper and Boards Limited,242.22999572753906,242.50550003051757,242.22999572753906,51.03432707753764,222.202016357839,250.06717756619398,39.18869938106544
2026-09-30,2026-09-28,2026-10-02,2026-09-30,NSE,MEDICO,,Medico Remedies Limited,22.299999237060547,35.581499862670896,22.299999237060547,26.004147250266726,40.22788308224934,53.830072428540504,38.66042954432861
2026-09-30,2026-09-28,2026-10-02,2026-09-30,NSE,SHANTIGEAR,,Shanthi Gears Limited,633.2999877929688,660.9899963378906,633.2999877929688,66.71499118003283,482.0225535883686,702.7502092832558,58.57769145201676
2026-09-30,2026-09-28,2026-10-02,2026-09-30,NSE,VIDHIING,,Vidhi Specialty Food Ingredients Limited,354.0,347.43500061035155,354.0,61.238543414376416,271.5598909299131,364.8163000002826,41.45966624730268
2026-09-30,2026-09-28,2026-10-02,2026-09-30,NSE,POLYPLEX,,Polyplex Corporation Limited,1063.0999755859375,1126.794989013672,1063.0999755859375,52.526505486262835,973.4408483095675,1251.872036307794,50.94759443877818
2026-09-30,2026-09-28,2026-10-02,2026-09-30,NSE,HONDAPOWER,,Honda India Power Products Limited,1862.800048828125,1951.6499938964844,1862.800048828125,31.023886335257004,2168.984626571815,2352.269705510483,29.864181988622008
2026-09-30,2026-09-28,2026-10-02,2026-09-30,NSE,KNRCON,,KNR Constructions Limited,117.38999938964844,121.45900039672851,117.38999938964844,40.171116082131505,147.319216933043,139.7273901039586,23.699109792608922
2026-09-30,2026-09-28,2026-10-02,2026-09-30,NSE,MANKIND,,Mankind Pharma Limited,2435.60009765625,2352.779992675781,2435.60009765625,54.73470049971263,2128.044254535958,2564.6534533338245,50.67482754462985
2026-09-30,2026-09-28,2026-10-02,2026-09-30,NSE,SHYAMTEL,,Shyam Telecom Limited,11.15999984741211,11.389500045776368,11.15999984741211,38.97034801661987,16.01751937399007,21.196473525041053,46.720500404414636
2026-09-30,2026-09-28,2026-10-02,2026-09-30,NSE,GULFOILLUB,,Gulf Oil Lubricants India Limited,1110.5,1079.425,1110.5,54.78328511840939,943.9205810535661,1209.8728785876801,44.341615602261164
2026-09-30,2026-09-28,2026-10-02,2026-09-30,NSE,MAWANASUG,,Mawana Sugars Limited,145.89999389648438,136.9174991607666,145.89999389648438,64.62663576790257,102.36064274947657,156.79877703326673,62.28217865457578
2026-09-30,2026-09-28,2026-10-02,2026-09-30,NSE,POKARNA,,Pokarna Limited,718.1500244140625,773.1675048828125,718.1500244140625,35.70582653827971,947.0945303273521,1094.572414050834,42.88454876047771
2026-09-30,2026-09-28,2026-10-02,2026-09-30,NSE,SHIVAMAUTO,,Shivam Autotech Limited,17.219999313354492,17.426000118255615,17.219999313354492,45.598970962356724,20.485460638618147,19.039516640818526,33.081262587412354
2026-09-30,2026-09-28,2026-10-02,2026-09-30,NSE,SKFINDIA,,SKF India Limited,1511.800048828125,1533.0550048828125,1511.800048828125,35.86312825467182,1768.5903015102203,1692.6245600180196,25.862907953984305
2026-09-30,2026-09-28,2026-10-02,2026-09-30,NSE,SHAHALLOYS,,Shah Alloys Limited,89.38999938964844,97.21199989318848,89.38999938964844,60.519296011426064,74.0560193166987,101.83636473531482,51.967383051394556
2026-09-30,2026-09-28,2026-10-02,2026-09-30,NSE,KAVDEFENCE,,Kavveri Defence & Wireless Technologies Limited,79.02999877929688,70.83249988555909,79.02999877929688,63.47144586792311,53.63316176144886,78.01129738483506,57.13896726281674
2026-09-30,2026-09-28,2026-10-02,2026-09-30,NSE,RUBFILA,,Rubfila International Limited,62.369998931884766,66.90800037384034,62.369998931884766,38.005093489010235,59.84752676753676,80.53324217525264,40.498935691643766
2026-09-30,2026-09-28,2026-10-02,2026-09-30,NSE,HINDCON,,Hindcon Chemicals Limited,30.360000610351562,24.558999919891356,30.360000610351562,71.12531866173312,21.789578962691696,27.59518306615866,44.79937647223166
2026-09-30,2026-09-28,2026-10-02,2026-09-30,NSE,AKI,,AKI India Limited,6.300000190734863,6.357000041007995,6.300000190734863,57.76537172211722,3.8275586341516106,6.835626109906604,31.017488729659476
2026-09-30,2026-09-28,2026-10-02,2026-09-30,NSE,JTEKTINDIA,,Jtekt India Limited,116.20999908447266,119.52950019836426,116.20999908447266,38.66645656776656,140.70673974855916,147.78810800790498,37.949812852633535
2026-09-30,2026-09-28,2026-10-02,2026-09-30,NSE,ARIHANTSUP,,Arihant Superstructures Limited,236.25,232.927498626709,236.25,42.39209134771215,286.0888123443486,279.43118943234117,38.97205283208012
2026-09-30,2026-09-28,2026-10-02,2026-09-30,NSE,SHIVAMILLS,,Shiva Mills Limited,60.54999923706055,60.89800052642822,60.54999923706055,49.32324227664186,45.61408721632037,65.60974619689623,40.13546066869234
2026-09-30,2026-09-28,2026-10-02,2026-09-30,NSE,SUTLEJTEX,,Sutlej Textiles and Industries Limited,37.0,39.02999973297119,37.0,49.5018242681588,31.295889635976984,40.41255473063113,37.62275314290786
2026-09-30,2026-09-28,2026-10-02,2026-09-30,NSE,ROLEXRINGS,,Rolex Rings Limited,193.4499969482422,175.832999420166,193.4499969482422,67.53422545569293,148.38830855615598,197.52723921148274,49.8773187872209
2026-09-30,2026-09-28,2026-10-02,2026-09-30,NSE,AIRAN,,Airan Limited,16.690000534057617,16.330500221252443,16.690000534057617,51.44202803131594,18.667228178641185,17.502812961370473,34.48125995045348
2026-09-30,2026-09-28,2026-10-02,2026-09-30,NSE,MEDICAMEQ,,Medicamen Biotech Limited,326.95001220703125,306.9124984741211,326.95001220703125,63.59178593359335,212.59103451127777,328.5235527748638,41.957362618679
2026-09-30,2026-09-28,2026-10-02,2026-09-30,NSE,GROBTEA,,The Grob Tea Company Limited,919.0999755859375,942.3275024414063,919.0999755859375,48.34972442529011,810.0451174319539,978.7225036645532,48.085079587103685
2026-09-30,2026-09-28,2026-10-02,2026-09-30,NSE,CAPITALSFB,,Capital Small Finance Bank Limited,280.20001220703125,279.2300003051758,280.20001220703125,50.269265925359,244.62179864978927,300.9651499875523,48.475007881652836
2026-09-30,2026-09-28,2026-10-02,2026-09-30,NSE,INDIGO,,InterGlobe Aviation Limited,4874.5,4943.725,4874.5,47.23301892500779,4390.416725897573,5623.597823855898,50.391288089534854
2026-09-30,2026-09-28,2026-10-02,2026-09-30,NSE,SRF,,SRF Limited,2491.5,2530.154992675781,2491.5,39.99015079983229,2826.8574675416553,2857.352839101715,47.41707850871633
2026-09-30,2026-09-28,2026-10-02,2026-09-30,NSE,ABFRL,,Aditya Birla Fashion and Retail Limited,47.59000015258789,50.29100017547607,47.59000015258789,31.453649598290042,59.4466861364029,68.06858852109403,13.48873025922802
2026-09-30,2026-09-28,2026-10-02,2026-09-30,NSE,ACCURACY,,Accuracy Shipping Limited,4.300000190734863,4.351500034332275,4.300000190734863,39.113312946490545,3.7704448618383033,5.924629091067999,28.10905933641962
2026-09-30,2026-09-28,2026-10-02,2026-09-30,NSE,SECURKLOUD,,SECUREKLOUD TECHNOLOGIES LIMITED,17.139999389648438,17.011500072479247,17.139999389648438,39.60893413437435,22.135133121871462,21.154568322728736,38.715400034544004
2026-09-30,2026-09-28,2026-10-02,2026-09-30,NSE,BROOKS,,Brooks Laboratories Limited,56.54999923706055,62.601000022888186,56.54999923706055,41.118067614633624,45.877082736302135,75.80647774755644,37.926085904453416
2026-09-30,2026-09-28,2026-10-02,2026-09-30,NSE,CCHHL,,Country Club Hospitality & Holidays Limited,12.829999923706055,12.764499998092651,12.829999923706055,46.9781362324945,15.718799736468117,13.413809444053264,36.690089920551436
2026-09-30,2026-09-28,2026-10-02,2026-09-30,NSE,AVROIND,,AVRO INDIA LIMITED,6.940000057220459,7.982000041007995,6.940000057220459,29.64212953510072,10.451162842761907,11.724052571601714,34.793809296666666
2026-09-30,2026-09-28,2026-10-02,2026-09-30,NSE,STCINDIA,,The State Trading Corporation of India Limited,106.91000366210938,112.39700012207031,106.91000366210938,39.35613065103919,127.33677145893913,131.9234297183181,37.55878895731634
2026-09-30,2026-09-28,2026-10-02,2026-09-30,NSE,BANARBEADS,,Banaras Beads Limited,117.2699966430664,113.05299949645996,117.2699966430664,52.76840671324462,130.426289677853,125.01106097153313,51.67421650569658
2026-09-30,2026-09-28,2026-10-02,2026-09-30,NSE,SALSTEEL,,S.A.L. Steel Limited,93.02999877929688,81.46000022888184,93.02999877929688,74.8517161074923,62.15427456658785,92.1415755623089,78.87140734918265
2026-09-30,2026-09-28,2026-10-02,2026-09-30,NSE,WEALTH,,Wealth First Portfolio Managers Limited,832.7999877929688,839.7974975585937,832.7999877929688,35.48014347732739,992.8921809607707,1027.7054427665373,39.81576929832204
2026-09-30,2026-09-28,2026-10-02,2026-09-30,NSE,SUDARSCHEM,,Sudarshan Chemical Industries Limited,1199.5999755859375,1233.1000061035156,1199.5999755859375,61.40332418897596,954.9492728435147,1344.764724982075,55.444438556904764
2026-09-30,2026-09-28,2026-10-02,2026-09-30,NSE,SUNDARMFIN,,Sundaram Finance Limited,4453.39990234375,4649.89501953125,4453.39990234375,44.759310269949715,5117.0323072192605,4837.220641022652,43.460512482268484
2026-09-30,2026-09-28,2026-10-02,2026-09-30,NSE,CENTRUM,,Centrum Capital Limited,20.850000381469727,21.96299991607666,20.850000381469727,37.16039556913613,19.330407351346977,25.96385918656012,36.38127229060813
2026-09-30,2026-09-28,2026-10-02,2026-09-30,NSE,BGRENERGY,,BGR Energy Systems Limited,268.2799987792969,248.20249786376954,268.2799987792969,46.954996819274825,333.19215993117666,352.17038331923095,57.31319781158695
2026-09-30,2026-09-28,2026-10-02,2026-09-30,NSE,SUPERSPIN,,Super Spinning Mills Limited,7.860000133514404,7.190000009536743,7.860000133514404,66.80449535968764,5.789669225857331,7.9120649590375995,46.17771484710856
2026-09-30,2026-09-28,2026-10-02,2026-09-30,NSE,SPLPETRO,,Supreme Petrochem Limited,864.8499755859375,816.9274963378906,864.8499755859375,64.7713879984548,701.2103218512702,868.204808982815,54.85851278103076
2026-09-30,2026-09-28,2026-10-02,2026-09-30,NSE,CONTROLPR,,Control Print Limited,599.2000122070312,592.2500030517579,599.2000122070312,46.0783295105117,699.1406845973124,664.7099045405383,40.44147010677411
2026-09-30,2026-09-28,2026-10-02,2026-09-30,NSE,NAUKRI,,Info Edge (India) Limited,1253.9000244140625,1285.1800048828125,1253.9000244140625,57.91357926018961,1100.3402741847124,1443.9375503314282,45.159915930784784
2026-09-30,2026-09-28,2026-10-02,2026-09-30,NSE,SWANCORP,,SWAN CORP LIMITED,289.70001220703125,290.9225021362305,289.70001220703125,35.41617723963637,340.3762762320517,329.9976295785728,34.805673340269934
2026-09-30,2026-09-28,2026-10-02,2026-09-30,NSE,VMART,,V-Mart Retail Limited,766.5,806.8524993896484,766.5,52.936893056303056,643.4087754067818,875.2987086640297,45.90878735122972
2026-09-30,2026-09-28,2026-10-02,2026-09-30,NSE,VARROC,,Varroc Engineering Limited,848.3499755859375,849.8100036621094,848.3499755859375,71.30439459123937,660.2108933050117,944.9981284079141,66.1981353331523
2026-09-30,2026-09-28,2026-10-02,2026-09-30,NSE,BORORENEW,,BOROSIL RENEWABLES LIMITED,452.25,480.43750152587893,452.25,37.21503066119715,570.3261899722402,653.6666399617046,46.51759615742179
2026-09-30,2026-09-28,2026-10-02,2026-09-30,NSE,ACL,,Andhra Cements Limited,39.939998626708984,42.80450019836426,39.939998626708984,25.522409757601125,49.48912312322331,57.50016737039607,34.114126835097665
2026-09-30,2026-09-28,2026-10-02,2026-09-30,NSE,SAKSOFT,,Saksoft Limited,141.80999755859375,146.95,141.80999755859375,40.91082978799331,123.1529029745214,183.14861287988927,37.48649050578737
2026-09-30,2026-09-28,2026-10-02,2026-09-30,NSE,TMB,,Tamilnad Mercantile Bank Limited,861.75,905.4500030517578,861.75,60.83706183417467,751.2533011627576,962.0845607590741,68.79752330333753
2026-09-30,2026-09-28,2026-10-02,2026-09-30,NSE,DONEAR,,Donear Industries Limited,81.58000183105469,84.54099922180175,81.58000183105469,40.93405003199518,98.08085831591737,93.48616060022542,38.23489786197381
2026-09-30,2026-09-28,2026-10-02,2026-09-30,NSE,JYOTHYLAB,,Jyothy Labs Limited,189.66000366210938,195.61900024414064,189.66000366210938,34.45991265299111,222.1733665453889,209.3046344262762,23.97050854509358
2026-09-30,2026-09-28,2026-10-02,2026-09-30,NSE,ELDEHSG,,Eldeco Housing And Industries Limited,756.5999755859375,779.4,756.5999755859375,41.27741663662696,669.4269649868763,831.4704081228293,43.494440631275715
2026-09-30,2026-09-28,2026-10-02,2026-09-30,NSE,INFOMEDIA,,Infomedia Press Limited,5.170000076293945,5.324000000953674,5.170000076293945,41.523797989830136,7.320888129048683,6.0450504131515155,36.76348739064386
2026-09-30,2026-09-28,2026-10-02,2026-09-30,NSE,TECHM,,Tech Mahindra Limited,1542.199951171875,1561.35,1542.199951171875,51.19282947839268,1366.928303812043,1688.936694595447,49.710108692213275
2026-09-30,2026-09-28,2026-10-02,2026-09-30,NSE,IDEA,,Vodafone Idea Limited,13.470000267028809,14.54000015258789,13.470000267028809,52.12647429703818,12.219780270100854,15.42302679923507,57.20425910971562
2026-09-30,2026-09-28,2026-10-02,2026-09-30,NSE,GEEKAYWIRE,,Geekay Wires Limited,31.8700008392334,30.473000049591064,31.8700008392334,61.800455144261214,21.198200875519607,32.653590873830694,40.50583825353887
2026-09-30,2026-09-28,2026-10-02,2026-09-30,NSE,TATAELXSI,,Tata Elxsi Limited,3191.0,3383.709997558594,3191.0,25.912856410865786,3744.9097574138987,4417.487702390814,21.941459926070976
2026-09-30,2026-09-28,2026-10-02,2026-09-30,NSE,LODHA,,Lodha Developers Limited,1117.0999755859375,1155.9000061035156,1117.0999755859375,51.42900057771393,994.8129568661303,1374.0076557425582,49.87959929760845
2026-09-30,2026-09-28,2026-10-02,2026-09-30,NSE,HONAUT,,Honeywell Automation India Limited,33855.0,34595.75,33855.0,44.595857911795676,32427.51033125387,40033.87767984975,39.35654463509894
2026-09-30,2026-09-28,2026-10-02,2026-09-30,NSE,SOBHA,,Sobha Limited,1218.699951171875,1227.1599975585937,1218.699951171875,37.039963116802646,1423.2964892595746,1511.868590628158,34.79055515623952
2026-09-30,2026-09-28,2026-10-02,2026-09-30,NSE,TATAINVEST,,Tata Investment Corporation Limited,644.4500122070312,658.1199981689454,644.4500122070312,46.530476798331726,558.0911369131666,708.1349330256121,48.303426202813505
2026-09-30,2026-09-28,2026-10-02,2026-09-30,NSE,MUNJALAU,,Munjal Auto Industries Limited,106.87000274658203,108.44449958801269,106.87000274658203,57.3549348330041,83.99863009076819,118.83316158203608,51.469481845324005
2026-09-30,2026-09-28,2026-10-02,2026-09-30,NSE,TBOTEK,,TBO Tek Limited,1654.800048828125,1692.9999938964843,1654.800048828125,61.4204558778369,1390.2004500157143,1851.374912437112,51.439974667267066
2026-09-30,2026-09-28,2026-10-02,2026-09-30,NSE,ABCAPITAL,,Aditya Birla Capital Limited,382.70001220703125,395.7199996948242,382.70001220703125,50.92807794042031,349.76856769020617,427.90171810924716,62.36590647524758
2026-09-30,2026-09-28,2026-10-02,2026-09-30,NSE,BBOX,,Black Box Limited,783.1500244140625,771.9575012207031,783.1500244140625,51.50862407656172,967.4269586909639,1094.5545917159698,57.64178269874839
2026-09-30,2026-09-28,2026-10-02,2026-09-30,NSE,MASTERTR,,Master Trust Limited,83.12999725341797,87.29199981689453,83.12999725341797,46.67445741938155,95.2223886618201,93.44621001128203,35.55709300318354
2026-09-30,2026-09-28,2026-10-02,2026-09-30,NSE,CSBBANK,,CSB Bank Limited,323.75,323.757502746582,323.75,43.36051849011912,393.8399176981736,377.96936099396305,46.9881308253195
2026-09-30,2026-09-28,2026-10-02,2026-09-30,NSE,AVL,,Aditya Vision Limited,595.1500244140625,615.1649963378907,595.1500244140625,52.014186301523054,508.4358704743143,679.2589537710601,58.198239909813154
2026-09-30,2026-09-28,2026-10-02,2026-09-30,NSE,DHANBANK,,Dhanlaxmi Bank Limited,28.229999542236328,30.335999965667725,28.229999542236328,41.476640686027835,25.489534532125766,35.869943963329995,43.39440670019275
2026-09-30,2026-09-28,2026-10-02,2026-09-30,NSE,AVG,,AVG Logistics Limited,162.10000610351562,169.56600189208984,162.10000610351562,43.168915143527855,139.14417855066375,223.19181879455027,29.687174764001867
2026-09-30,2026-09-28,2026-10-02,2026-09-30,NSE,INDRAMEDCO,,Indraprastha Medical Corporation Limited,360.0,359.41500091552734,360.0,42.32418325266844,420.626586531433,396.169712126045,45.4091786555455
2026-09-30,2026-09-28,2026-10-02,2026-09-30,NSE,KEYFINSERV,,Keynote Financial Services Limited,223.6999969482422,244.0449996948242,223.6999969482422,38.98684752990263,198.5483560293736,282.00404424336546,44.99345643757274
2026-09-30,2026-09-28,2026-10-02,2026-09-30,NSE,JLHL,,Jupiter Life Line Hospitals Limited,263.8500061035156,278.9749954223633,263.8500061035156,40.193812203803354,313.75484341125286,333.4562276208854,47.022391449880246
2026-09-30,2026-09-28,2026-10-02,2026-09-30,NSE,SOUTHBANK,,The South Indian Bank Limited,48.63999938964844,46.665500450134275,48.63999938964844,61.37729133263753,39.67336667235191,50.11695412467239,73.09720146994847
2026-09-30,2026-09-28,2026-10-02,2026-09-30,NSE,MAITHANALL,,Maithan Alloys Limited,939.0,1021.0949920654297,939.0,43.881951670944744,857.7796033729687,1089.8337303752721,43.37250413197129
2026-09-30,2026-09-28,2026-10-02,2026-09-30,NSE,FSL,,Firstsource Solutions Limited,256.0,263.8425018310547,256.0,47.81062962443663,209.2930455512222,291.0954979578589,45.92795238618674
2026-09-30,2026-09-28,2026-10-02,2026-09-30,NSE,TORNTPHARM,,Torrent Pharmaceuticals Limited,4869.0,4922.925,4869.0,56.367510653562036,4282.677812359891,5216.590921179253,68.14841678219642
2026-09-30,2026-09-28,2026-10-02,2026-09-30,NSE,CEMPRO,,Cemindia Projects Limited,1224.5,1264.1900024414062,1224.5,54.78006326093551,1179.5320679117144,1599.7807974826894,66.30140918260511
2026-09-30,2026-09-28,2026-10-02,2026-09-30,NSE,UBL,,United Breweries Limited,1217.4000244140625,1254.7900024414062,1217.4000244140625,27.964430239023557,1422.4195623406774,1430.6755521691682,28.168842913733585
2026-09-30,2026-09-28,2026-10-02,2026-09-30,NSE,FINEORG,,Fine Organic Industries Limited,5124.0,5161.589990234375,5124.0,56.188405264633616,4289.508108537087,5460.9439098946295,51.61955431334119
2026-09-30,2026-09-28,2026-10-02,2026-09-30,NSE,TCI,,Transport Corporation of India Limited,864.8499755859375,851.5825012207031,864.8499755859375,38.99513943364846,969.254706445789,968.9275598249195,38.34227810707292
2026-09-30,2026-09-28,2026-10-02,2026-09-30,NSE,RESPONIND,,Responsive Industries Limited,161.60000610351562,159.75799942016602,161.60000610351562,46.420533389492036,130.32453846626004,212.95364608381666,39.06572372765159
2026-09-30,2026-09-28,2026-10-02,2026-09-30,NSE,LANDSMILL,,Landsmill Green Limited,0.7400000095367432,0.5920000016689301,0.7400000095367432,44.14146590758929,0.7886510879372356,0.9759502241922561,46.977098624508855
2026-09-30,2026-09-28,2026-10-02,2026-09-30,NSE,DANGEE,,Dangee Dums Limited,2.940000057220459,2.8305000185966493,2.940000057220459,45.28098768780521,3.709463114099801,3.442255795778996,26.57943614038882
2026-09-30,2026-09-28,2026-10-02,2026-09-30,NSE,PRINCEPIPE,,Prince Pipes And Fittings Limited,257.75,271.7099975585937,257.75,44.067357987609675,236.39530858095645,291.4615122269278,33.9261295485413
2026-09-30,2026-09-28,2026-10-02,2026-09-30,NSE,TTKPRESTIG,,TTK Prestige Limited,513.8499755859375,542.1499969482422,513.8499755859375,37.978050744542415,623.1732902854844,670.323649113268,33.684970383186894
2026-09-30,2026-09-28,2026-10-02,2026-09-30,NSE,UCOBANK,,UCO Bank,23.329999923706055,24.01200008392334,23.329999923706055,32.57427329505681,26.45878534853128,27.85349593062251,26.95737797883703
2026-09-30,2026-09-28,2026-10-02,2026-09-30,NSE,GANGAFORGE,,Ganga Forging Limited,1.399999976158142,1.608000010251999,1.399999976158142,35.90541102993977,2.2965244534281855,2.793626298195633,24.247171520768674
2026-09-30,2026-09-28,2026-10-02,2026-09-30,NSE,UNIONBANK,,Union Bank of India,171.75,180.59349899291993,171.75,47.72372069254041,191.3571860520123,190.4367292366026,57.57232919464439
2026-09-30,2026-09-28,2026-10-02,2026-09-30,NSE,MURUDCERA,,Murudeshwar Ceramics Limited,28.1200008392334,29.255499935150148,28.1200008392334,34.71649788193318,34.22433796135692,33.80968543151416,31.53745533968862
2026-09-30,2026-09-28,2026-10-02,2026-09-30,NSE,XCHANGING,,Xchanging Solutions Limited,60.040000915527344,62.01350040435791,60.040000915527344,38.75202445503141,54.28184336548807,67.59733957776207,33.52934703098134
2026-09-30,2026-09-28,2026-10-02,2026-09-30,NSE,AFFORDABLE,,Affordable Robotic & Automation Limited,170.74000549316406,165.20900039672853,170.74000549316406,46.34102656352889,204.2846534677467,195.31329702532156,23.530149009464864
2026-09-30,2026-09-28,2026-10-02,2026-09-30,NSE,UNITECH,,Unitech Limited,3.950000047683716,4.089000022411346,3.950000047683716,38.9398981317511,4.918170058725897,5.226311220558733,30.755768488011668
2026-09-30,2026-09-28,2026-10-02,2026-09-30,NSE,VADILALIND,,Vadilal Industries Limited,7397.5,7388.55,7397.5,62.38272795673921,6025.424999592053,8558.01151578208,67.67945760004618
2026-09-30,2026-09-28,2026-10-02,2026-09-30,NSE,KANPRPLA,,Kanpur Plastipack Limited,250.89999389648438,255.19000167846679,250.89999389648438,59.0121343013074,184.12874089110244,280.90802853729815,66.65662873962194
2026-09-30,2026-09-28,2026-10-02,2026-09-30,NSE,HERANBA,,Heranba Industries Limited,179.94000244140625,172.03350067138672,179.94000244140625,45.74478798405101,207.47387586814853,194.14009396693865,32.60577697772236
2026-09-30,2026-09-28,2026-10-02,2026-09-30,NSE,COUNCODOS,,Country Condo's Limited,6.449999809265137,6.45550000667572,6.449999809265137,58.5887113137029,4.5815925000986475,7.318084690527422,50.85494505694619
2026-09-30,2026-09-28,2026-10-02,2026-09-30,NSE,JUNIPER,,Juniper Hotels Limited,214.75999450683594,218.35750045776368,214.75999450683594,52.037144720087866,232.88733775663732,224.26526352429318,34.12813711064598
2026-09-30,2026-09-28,2026-10-02,2026-09-30,NSE,PRAKASHSTL,,Prakash Steelage Limited,3.609999895095825,3.724499988555908,3.609999895095825,29.94308229630508,4.534115193641498,4.634390523018975,22.342741193651463
2026-09-30,2026-09-28,2026-10-02,2026-09-30,NSE,JAIPURKURT,,Nandani Creation Limited,25.479999542236328,25.285999870300294,25.479999542236328,38.01470624141188,32.01201040196717,31.251728119926714,41.71742164729496
2026-09-30,2026-09-28,2026-10-02,2026-09-30,NSE,PANSARI,,Pansari Developers Limited,289.0,288.8875015258789,289.0,46.51847225065658,242.4619048795548,361.174885974102,61.08392397303812
2026-09-30,2026-09-28,2026-10-02,2026-09-30,NSE,SAMBHAAV,,Sambhaav Media Limited,5.800000190734863,5.930500030517578,5.800000190734863,38.33617485564684,7.961846014769775,6.97723433719719,46.61240546964318
2026-09-30,2026-09-28,2026-10-02,2026-09-30,NSE,AWL,,AWL Agri Business Limited,180.66000366210938,186.06949996948242,180.66000366210938,39.59055451012447,210.10597340255015,197.66474808065345,25.495887870210623
2026-09-30,2026-09-28,2026-10-02,2026-09-30,NSE,JUBLPHARMA,,Jubilant Pharmova Limited,1060.449951171875,1007.4849884033204,1060.449951171875,61.448631192000065,859.2611901089126,1087.8937005890643,50.813855209548215
2026-09-30,2026-09-28,2026-10-02,2026-09-30,NSE,VHL,,Vardhman Holdings Limited,3329.300048828125,3455.925012207031,3329.300048828125,43.70378838288854,3808.843183995792,3660.094373253395,44.00324930680332
2026-09-30,2026-09-28,2026-10-02,2026-09-30,NSE,APLAPOLLO,,APL Apollo Tubes Limited,2197.0,2187.435009765625,2197.0,60.55695298375635,1856.0964835890377,2349.557532883134,63.76177687083942
2026-09-30,2026-09-28,2026-10-02,2026-09-30,NSE,RATNAMANI,,Ratnamani Metals & Tubes Limited,2748.39990234375,2753.089990234375,2748.39990234375,56.525591476727115,2175.8245744636406,2936.072228393388,44.1564076177558
2026-09-30,2026-09-28,2026-10-02,2026-09-30,NSE,HUBTOWN,,Hubtown Limited,167.8699951171875,179.50650024414062,167.8699951171875,36.00058788405091,214.2447984217674,218.12544674116106,36.651486881218894
2026-09-30,2026-09-28,2026-10-02,2026-09-30,NSE,RACLGEAR,,RACL Geartech Limited,1613.0999755859375,1668.9999877929688,1613.0999755859375,59.32767571451821,1241.5443992679939,1765.2595441635626,67.58253590670029
2026-09-30,2026-09-28,2026-10-02,2026-09-30,NSE,CINELINE,,Cineline India Limited,88.0199966430664,91.45899963378906,88.0199966430664,51.94190752601876,96.33254369239128,96.96950150383209,42.89141657757828
2026-09-30,2026-09-28,2026-10-02,2026-09-30,NSE,COCHINSHIP,,Cochin Shipyard Limited,1329.0,1419.695001220703,1329.0,39.534469602355976,1311.2957009461898,1562.3896121031514,43.657300941592965
2026-09-30,2026-09-28,2026-10-02,2026-09-30,NSE,SHIVATEX,,Shiva Texyarn Limited,165.91000366210938,175.89949951171874,165.91000366210938,50.9408897721967,136.12428249018663,182.9028723460316,48.06606966878696
2026-09-30,2026-09-28,2026-10-02,2026-09-30,NSE,GOYALALUM,,Goyal Aluminiums Limited,5.96999979019165,6.064999961853028,5.96999979019165,37.17312068223227,7.140634048123965,7.202586957062378,29.6661307593356
2026-09-30,2026-09-28,2026-10-02,2026-09-30,NSE,VINDHYATEL,,Vindhya Telelinks Limited,2598.39990234375,2743.4349853515623,2598.39990234375,63.35053646233254,1978.0876079493196,2944.3780976717626,60.14066336950391
2026-09-30,2026-09-28,2026-10-02,2026-09-30,NSE,CAPTRUST,,Capital Trust Limited,18.389999389648438,18.988999938964845,18.389999389648438,52.54524123317957,14.201688850651754,22.43776698709587,19.19147905251272
2026-09-30,2026-09-28,2026-10-02,2026-09-30,NSE,VLSFINANCE,,VLS Finance Limited,237.39999389648438,241.83099975585938,237.39999389648438,44.2755216475171,269.5709402679108,267.8914319647365,33.994014122411684
2026-09-30,2026-09-28,2026-10-02,2026-09-30,NSE,VSTIND,,VST Industries Limited,204.0,206.16799926757812,204.0,31.05002058806872,230.37021845521406,278.4479396731163,31.06605060074267
2026-09-30,2026-09-28,2026-10-02,2026-09-30,NSE,WALCHANNAG,,Walchandnagar Industries Limited,203.02999877929688,207.44050140380858,203.02999877929688,44.723450220341135,184.8161245124015,289.5851691569854,43.23291961748701
2026-09-30,2026-09-28,2026-10-02,2026-09-30,NSE,SUPERHOUSE,,Superhouse Limited,160.77000427246094,169.03900070190429,160.77000427246094,49.7981460575812,132.07362991352346,177.30862557868107,41.15129173091332
2026-09-30,2026-09-28,2026-10-02,2026-09-30,NSE,SHREEPUSHK,,Shree Pushkar Chemicals & Fertilisers Limited,496.8500061035156,496.0950012207031,496.8500061035156,66.80787265467339,368.0072454286725,520.0632219256889,66.04256133155981
2026-09-30,2026-09-28,2026-10-02,2026-09-30,NSE,SURYALAXMI,,Suryalakshmi Cotton Mills Limited,56.5,58.306999588012694,56.5,46.798618108705746,68.68415048708135,61.747598595225526,36.72413177234982
2026-09-30,2026-09-28,2026-10-02,2026-09-30,NSE,SURAJLTD,,Suraj Limited,193.4499969482422,200.2614990234375,193.4499969482422,31.947957060717826,242.36007201164523,244.88332191380573,30.61734443131536
2026-09-30,2026-09-28,2026-10-02,2026-09-30,NSE,APOLLO,,Apollo Micro Systems Limited,408.29998779296875,397.09750213623045,408.29998779296875,57.73434966877957,311.7888852833474,442.1925874815755,69.84198560662824
2026-09-30,2026-09-28,2026-10-02,2026-09-30,NSE,WHEELS,,Wheels India Limited,2323.800048828125,2071.5550231933594,2323.800048828125,78.4994006844819,1661.1305601738425,2284.6195074955936,76.8202080315381
2026-09-30,2026-09-28,2026-10-02,2026-09-30,NSE,ANDHRSUGAR,,The Andhra Sugars Limited,95.12999725341797,96.32499961853027,95.12999725341797,56.97623379138078,77.80554098773717,103.55337788143015,49.01267561613059
2026-09-30,2026-09-28,2026-10-02,2026-09-30,NSE,SHRADHA,,Shradha Realty Limited,29.479999542236328,30.86299991607666,29.479999542236328,35.78492107824948,40.606047613386764,37.247738554128716,41.33081286854652
2026-09-30,2026-09-28,2026-10-02,2026-09-30,NSE,WHIRLPOOL,,Whirlpool of India Limited,917.0999755859375,794.2800048828125,917.0999755859375,57.430560619114935,682.1730606543194,897.2043410192287,34.145271790153856
2026-09-30,2026-09-28,2026-10-02,2026-09-30,NSE,TIPSMUSIC,,Tips Music Limited,657.3499755859375,655.3149993896484,657.3499755859375,52.91892183756413,544.0286080922788,704.0922226111138,50.87482186767442
2026-09-30,2026-09-28,2026-10-02,2026-09-30,NSE,GANDHAR,,Gandhar Oil Refinery (India) Limited,262.04998779296875,266.5350006103516,262.04998779296875,65.16022983929662,198.9189236325227,309.4730100257443,64.64554482845853
2026-09-30,2026-09-28,2026-10-02,2026-09-30,NSE,CSLFINANCE,,CSL Finance Limited,212.07000732421875,227.24449996948243,212.07000732421875,40.53287783276729,261.693407343842,242.7394625824688,29.902744919698193
2026-09-30,2026-09-28,2026-10-02,2026-09-30,NSE,AUTOIND,,Autoline Industries Limited,81.86000061035156,83.72900009155273,81.86000061035156,49.45383580155226,64.71411520255226,99.05289738065545,40.98018922282203
2026-09-30,2026-09-28,2026-10-02,2026-09-30,NSE,SHIVAUM,,Shiv Aum Steels Limited,544.2000122070312,474.52000122070314,544.2000122070312,78.37134090700731,391.24585561261785,533.7068554486463,77.29204865102687
2026-09-30,2026-09-28,2026-10-02,2026-09-30,NSE,KOTHARIPET,,Kothari Petrochemicals Limited,130.83999633789062,134.84300003051757,130.83999633789062,49.08309413832337,110.35857812792344,146.89573153751377,36.7539313086909
2026-09-30,2026-09-28,2026-10-02,2026-09-30,NSE,SHRIRAMFIN,,Shriram Finance Limited,976.2999877929688,1016.714990234375,976.2999877929688,45.59166628109428,924.0868248162544,1141.4978567568558,55.771663522250634
2026-09-30,2026-09-28,2026-10-02,2026-09-30,NSE,AARON,,Aaron Industries Limited,121.62000274658203,125.26549949645997,121.62000274658203,40.20105637264607,143.25294063646663,139.9996533064335,46.79734406423589
2026-09-30,2026-09-28,2026-10-02,2026-09-30,NSE,RGL,,Renaissance Global Limited,163.22999572753906,153.7925003051758,163.22999572753906,73.10401964322912,121.0412399647862,167.53249855671476,62.2978403104914
2026-09-30,2026-09-28,2026-10-02,2026-09-30,NSE,RKDL,,Ravi Kumar Distilleries Limited,18.020000457763672,18.359499835968016,18.020000457763672,38.371170165058636,22.198006624090393,20.89948035411458,36.60086037294307
2026-09-30,2026-09-28,2026-10-02,2026-09-30,NSE,NAVA,,NAVA LIMITED,547.0,554.2274993896484,547.0,43.01657780988174,516.0780002393456,626.672607103834,47.96517691637759
2026-09-30,2026-09-28,2026-10-02,2026-09-30,NSE,ORISSAMINE,,The Orissa Minerals Development Company Limited,3667.60009765625,3992.4199829101562,3667.60009765625,40.27096630975285,3533.773356621442,4699.16758108288,25.314951431952395
2026-09-30,2026-09-28,2026-10-02,2026-09-30,NSE,ICRA,,ICRA Limited,4310.39990234375,4679.6849609375,4310.39990234375,27.104698360746028,5146.329313392809,5648.607338520145,27.521382767719714
2026-09-30,2026-09-28,2026-10-02,2026-09-30,NSE,KARMAENG,,Karma Energy Limited,39.13999938964844,38.66300029754639,39.13999938964844,44.357712579455495,36.144531767731294,44.94809361582814,39.10488680787392
2026-09-30,2026-09-28,2026-10-02,2026-09-30,NSE,ICICIPRULI,,ICICI Prudential Life Insurance Company Limited,458.70001220703125,478.07249908447267,458.70001220703125,37.38233441836494,552.4204092189244,529.0885807629547,28.158983958148184
2026-09-30,2026-09-28,2026-10-02,2026-09-30,NSE,DELPHIFX,,DELPHI WORLD MONEY LIMITED,6.510000228881836,5.819499969482422,6.510000228881836,38.391956753784385,8.317135785977143,10.337778884227623,37.291182152934645
2026-09-30,2026-09-28,2026-10-02,2026-09-30,NSE,PRICOLLTD,,Pricol Limited,753.0999755859375,760.7174987792969,753.0999755859375,65.02331605787376,630.4752744678618,856.1106313260016,63.4343206660766
2026-09-30,2026-09-28,2026-10-02,2026-09-30,NSE,GENESYS,,Genesys International Corporation Limited,282.1300048828125,272.06900177001955,282.1300048828125,49.9041980422111,324.1562840794479,378.0583674100587,36.857935643937516
2026-09-30,2026-09-28,2026-10-02,2026-09-30,NSE,BRNL,,Bharat Road Network Limited,16.43000030517578,16.73600015640259,16.43000030517578,34.84372131998762,19.98806301929055,20.25481675557644,20.294667689811504
2026-09-30,2026-09-28,2026-10-02,2026-09-30,NSE,SOFTTECH,,Softtech Engineers Limited,495.0,461.91750183105466,495.0,64.48183490800312,386.36354923100583,498.6738177602215,60.78854500230993
2026-09-30,2026-09-28,2026-10-02,2026-09-30,NSE,KILITCH,,Kilitch Drugs (India) Limited,217.0500030517578,192.8290008544922,217.0500030517578,64.19404691862285,163.6698788445471,213.12184136135645,59.8484742509903
2026-09-30,2026-09-28,2026-10-02,2026-09-30,NSE,ORICONENT,,Oricon Enterprises Limited,52.36000061035156,52.85800037384033,52.36000061035156,41.308978985069665,65.0672409611393,63.078446572738585,54.30077652888057
2026-09-30,2026-09-28,2026-10-02,2026-09-30,NSE,ARCHIES,,Archies Limited,12.579999923706055,12.69549994468689,12.579999923706055,37.4297374687747,15.792629573620436,15.366360380383789,29.906229234878268
2026-09-30,2026-09-28,2026-10-02,2026-09-30,NSE,KHAITANLTD,,Khaitan (India) Limited,146.69000244140625,154.732999420166,146.69000244140625,55.77157041671659,102.5421397826874,162.53642412648017,64.5432230638152
2026-09-30,2026-09-28,2026-10-02,2026-09-30,NSE,ACE,,Action Construction Equipment Limited,1212.9000244140625,1165.9749938964844,1212.9000244140625,69.78577051014125,990.8376181054281,1273.9446700654387,52.0669076928657
2026-09-30,2026-09-28,2026-10-02,2026-09-30,NSE,DIGJAMLMTD,,Digjam Limited,51.68000030517578,56.35549964904785,51.68000030517578,51.59031097190691,38.5803133084991,61.79782170744655,40.080876294967545
2026-09-30,2026-09-28,2026-10-02,2026-09-30,NSE,KIRLOSBROS,,Kirloskar Brothers Limited,1732.300048828125,1803.6800170898437,1732.300048828125,45.74603202177059,1568.2579288802956,2035.485847162691,48.92168093464942
2026-09-30,2026-09-28,2026-10-02,2026-09-30,NSE,NCLIND,,NCL Industries Limited,175.80999755859375,175.84249877929688,175.80999755859375,45.16158502763651,196.18167170961942,193.8135889107493,44.162922300457396
2026-09-30,2026-09-28,2026-10-02,2026-09-30,NSE,ANGELONE,,Angel One Limited,279.20001220703125,294.4499984741211,279.20001220703125,42.9058274698815,272.22444186222,363.8675969727936,51.260453410012786
2026-09-30,2026-09-28,2026-10-02,2026-09-30,NSE,SAKAR,,Sakar Healthcare Limited,1089.6500244140625,1112.1025146484376,1089.6500244140625,67.73693846961818,804.4847832629162,1168.688362018203,88.36200766813334
2026-09-30,2026-09-28,2026-10-02,2026-09-30,NSE,STARPAPER,,Star Paper Mills Limited,151.52000427246094,158.08250122070314,151.52000427246094,52.261940325802634,125.96293205990787,163.74818822722284,37.24780610316664
2026-09-30,2026-09-28,2026-10-02,2026-09-30,NSE,NTPC,,NTPC Limited,321.1000061035156,329.2124984741211,321.1000061035156,33.79139526960388,355.6562923004324,382.9190066915379,33.64312643194238
2026-09-30,2026-09-28,2026-10-02,2026-09-30,NSE,SNOWMAN,,Snowman Logistics Limited,35.09000015258789,35.67399978637695,35.09000015258789,39.74183340743783,31.024913197827786,39.61554071494216,30.43879425696842
2026-09-30,2026-09-28,2026-10-02,2026-09-30,NSE,SAMPANN,,Sampann Utpadan India Limited,24.290000915527344,24.439000129699707,24.290000915527344,37.53461242124269,31.04886544346938,29.06605955316271,45.39203102110451
2026-09-30,2026-09-28,2026-10-02,2026-09-30,NSE,UTKARSHBNK,,Utkarsh Small Finance Bank Limited,13.59000015258789,14.450000047683716,13.59000015258789,43.33930433762566,11.823231874804348,15.508407771953381,23.288032141278848
2026-09-30,2026-09-28,2026-10-02,2026-09-30,NSE,CDSL,,Central Depository Services (India) Limited,1289.0,1356.9899963378907,1289.0,44.78543670501373,1184.1235855970513,1466.2204121653454,47.395561097749884
2026-09-30,2026-09-28,2026-10-02,2026-09-30,NSE,ADROITINFO,,Adroit Infotech Limited,13.510000228881836,11.35700011253357,13.510000228881836,78.19649883695894,9.583547438877801,12.621085299944912,48.29316753269067
2026-09-30,2026-09-28,2026-10-02,2026-09-30,NSE,MODISONLTD,,MODISON LIMITED,429.70001220703125,474.5299987792969,429.70001220703125,66.47533668980503,313.24671347621387,510.2338292291123,72.7481958458328
2026-09-30,2026-09-28,2026-10-02,2026-09-30,NSE,FIEMIND,,Fiem Industries Limited,1926.0,1982.0,1926.0,37.275079378496045,2362.4358246901083,2527.073399505364,48.54653261945039
2026-09-30,2026-09-28,2026-10-02,2026-09-30,NSE,AKASH,,Akash Infra-Projects Limited,25.020000457763672,24.86150026321411,25.020000457763672,45.94607767675488,30.198016297769097,28.502858920091164,35.01330432552567
2026-09-30,2026-09-28,2026-10-02,2026-09-30,NSE,ECLERX,,eClerx Services Limited,1816.199951171875,1920.5199890136719,1816.199951171875,51.76862452167238,1427.1382448036618,2138.947966168121,53.30671457458584
2026-09-30,2026-09-28,2026-10-02,2026-09-30,NSE,ARTNIRMAN,,Art Nirman Limited,38.29999923706055,40.05450000762939,38.29999923706055,43.73995427999689,29.726309547715722,43.347531774770204,39.74973788548482
2026-09-30,2026-09-28,2026-10-02,2026-09-30,NSE,CERA,,Cera Sanitaryware Limited,5196.0,5596.625,5196.0,38.2950817509236,6213.502835920865,6583.32541998695,38.327863857170605
2026-09-30,2026-09-28,2026-10-02,2026-09-30,NSE,NRAIL,,N R Agarwal Industries Limited,647.5999755859375,609.2375015258789,647.5999755859375,67.0957276679024,463.9234029244865,667.0291730445635,71.21929984326708
2026-09-30,2026-09-28,2026-10-02,2026-09-30,NSE,AGROPHOS,,Agro Phos India Limited,23.950000762939453,24.198500156402588,23.950000762939453,30.881665817307905,31.087868799049637,33.85169049500107,34.14559898082784
2026-09-30,2026-09-28,2026-10-02,2026-09-30,NSE,LAL,,Lorenzini Apparels Limited,8.6899995803833,8.839499950408936,8.6899995803833,53.01268435508432,9.903852553867642,9.763928252291969,24.097145347784178
2026-09-30,2026-09-28,2026-10-02,2026-09-30,NSE,CREDITACC,,CREDITACCESS GRAMEEN LIMITED,1255.199951171875,1386.169989013672,1255.199951171875,40.715841334173035,1550.6930037752882,1635.5169391719066,49.181862115958445
2026-09-30,2026-09-28,2026-10-02,2026-09-30,NSE,DUCON,,Ducon Infratechnologies Limited,1.4900000095367432,1.673999983072281,1.4900000095367432,28.834327465553272,2.7539448041093415,4.2693135380029,23.321441366046415
2026-09-30,2026-09-28,2026-10-02,2026-09-30,NSE,GUFICBIO,,Gufic Biosciences Limited,420.3999938964844,430.65999908447264,420.3999938964844,60.13110651330749,329.5259005921147,466.935059819843,56.67474170886561
2026-09-30,2026-09-28,2026-10-02,2026-09-30,NSE,JINDRILL,,Jindal Drilling And Industries Limited,624.1500244140625,622.8950073242188,624.1500244140625,54.07728507976856,481.11417082168504,671.3688042183733,52.86267911694374
2026-09-30,2026-09-28,2026-10-02,2026-09-30,NSE,ADANIPORTS,,Adani Ports and Special Economic Zone Limited,1743.699951171875,1745.8400085449218,1743.699951171875,53.9049924851056,1574.547217432079,1886.3641344107812,57.17342637251799
2026-09-30,2026-09-28,2026-10-02,2026-09-30,NSE,RHIM,,RHI MAGNESITA INDIA LIMITED,386.6000061035156,374.2625030517578,386.6000061035156,48.13657263152498,448.92484161515034,418.4019691998751,38.144765177643684
2026-09-30,2026-09-28,2026-10-02,2026-09-30,NSE,KHAICHEM,,Khaitan Chemicals & Fertilizers Limited,49.5099983215332,51.90200004577637,49.5099983215332,38.74639184030885,61.98058002510057,58.66480610989326,42.51125753831131
2026-09-30,2026-09-28,2026-10-02,2026-09-30,NSE,MCX,,Multi Commodity Exchange of India Limited,3263.5,3284.019982910156,3263.5,64.37159964484164,2662.9318468608008,3475.959716269157,73.21533984848469
2026-09-30,2026-09-28,2026-10-02,2026-09-30,NSE,NEXTMEDIA,,Next Mediaworks Limited,3.680000066757202,3.8645000100135802,3.680000066757202,39.00572384828877,5.152658492128959,4.334946489635172,38.57094570932084
2026-09-30,2026-09-28,2026-10-02,2026-09-30,NSE,TARAPUR,,Tarapur Transformers Limited,11.869999885559082,12.627999973297118,11.869999885559082,27.073887932332724,17.482581358770783,22.686411090374335,41.46162927621289
2026-09-30,2026-09-28,2026-10-02,2026-09-30,NSE,MBECL,,Mcnally Bharat Engineering Company Limited,465.5199890136719,334.32050132751465,465.5199890136719,99.96872086342219,354.7432467103214,430.32123598039146,93.88658083670155
2026-09-30,2026-09-28,2026-10-02,2026-09-30,NSE,3IINFOLTD,,3i Infotech Limited,23.989999771118164,23.760500144958495,23.989999771118164,60.37111731297851,20.50592791025016,27.81167194284196,48.49105228839722
2026-09-30,2026-09-28,2026-10-02,2026-09-30,NSE,SUMIT,,Sumit Woods Limited,49.52000045776367,50.002000427246095,49.52000045776367,47.46958592941745,38.22204336492848,58.047471637032174,30.476838450127545
2026-09-30,2026-09-28,2026-10-02,2026-09-30,NSE,JINDALSTEL,,JINDAL STEEL LIMITED,1139.5999755859375,1139.655010986328,1139.5999755859375,51.494650006201226,1214.3471921768116,1229.6049096840466,52.58234870685436
2026-09-30,2026-09-28,2026-10-02,2026-09-30,NSE,ORTINGLOBE,,ORTIN GLOBAL LIMITED,14.649999618530273,15.677500009536743,14.649999618530273,45.799574479629754,11.441955275123448,17.84146083387506,42.578101127789516
2026-09-30,2026-09-28,2026-10-02,2026-09-30,NSE,ORIENTHOT,,Oriental Hotels Limited,138.02999877929688,140.7959991455078,138.02999877929688,59.41178406855889,110.6343121276374,157.77896269082618,48.000573986301234
2026-09-30,2026-09-28,2026-10-02,2026-09-30,NSE,MARKSANS,,Marksans Pharma Limited,331.54998779296875,329.89250030517576,331.54998779296875,69.9016765700953,256.60191832090953,361.89981603567725,59.50545826298578
2026-09-30,2026-09-28,2026-10-02,2026-09-30,NSE,RELCHEMQ,,Reliance Chemotex Industries Limited,115.51000213623047,115.88950042724609,115.51000213623047,43.219538429862126,146.10509629774856,142.10362621554088,30.839735110859422
2026-09-30,2026-09-28,2026-10-02,2026-09-30,NSE,HEXATRADEX,,Hexa Tradex Limited,155.0,157.59399948120117,155.0,41.536756979883975,184.34952814513917,165.5865204842304,26.576625322005782
2026-09-30,2026-09-28,2026-10-02,2026-09-30,NSE,PIXTRANS,,Pix Transmissions Limited,1724.800048828125,1744.55,1724.800048828125,53.26129932602048,1465.9335397041139,1912.414502661172,52.752814755223916
2026-09-30,2026-09-28,2026-10-02,2026-09-30,NSE,POWERGRID,,Power Grid Corporation of India Limited,261.8500061035156,266.5300003051758,261.8500061035156,36.283955864508414,295.68662665001773,298.71161186603706,37.55629482769089
2026-09-30,2026-09-28,2026-10-02,2026-09-30,NSE,MSPL,,MSP Steel & Power Limited,32.9900016784668,34.287499809265135,32.9900016784668,42.51470012007961,32.840813984995194,45.13741313741585,40.831514334152196
2026-09-30,2026-09-28,2026-10-02,2026-09-30,NSE,CARERATING,,CARE Ratings Limited,1628.4000244140625,1668.5949951171874,1628.4000244140625,47.21427656807118,1446.3267702590433,1753.511300917411,59.727842717604304
2026-09-30,2026-09-28,2026-10-02,2026-09-30,NSE,EMMBI,,Emmbi Industries Limited,89.16999816894531,89.57650032043458,89.16999816894531,51.456285819179385,72.60485256997157,95.15831823489545,43.39716005564273
2026-09-30,2026-09-28,2026-10-02,2026-09-30,NSE,DIVGIITTS,,Divgi Torqtransfer Systems Limited,1218.5999755859375,1173.7750061035156,1218.5999755859375,65.28048428948239,910.07418570254,1362.3147633008284,75.76192814050822
2026-09-30,2026-09-28,2026-10-02,2026-09-30,NSE,SUBEXLTD,,Subex Limited,20.329999923706055,19.504999923706055,20.329999923706055,69.63080629084735,13.767000423555585,22.210044646932857,52.82809724288538
2026-09-30,2026-09-28,2026-10-02,2026-09-30,NSE,AARVI,,Aarvi Encon Limited,135.74000549316406,140.55650177001954,135.74000549316406,45.1734573499982,113.10492624761189,161.3236277564057,49.31375396321541
2026-09-30,2026-09-28,2026-10-02,2026-09-30,NSE,NDGL,,Naga Dhunseri Group Limited,2509.10009765625,2676.0550170898437,2509.10009765625,42.347960697839156,3222.855209680298,2938.034600476042,41.05116459819142
2026-09-30,2026-09-28,2026-10-02,2026-09-30,NSE,COSMOFIRST,,COSMO FIRST LIMITED,842.75,888.5750061035156,842.75,52.05054834498335,742.4009668489649,976.239949864825,52.76238832229617
2026-09-30,2026-09-28,2026-10-02,2026-09-30,NSE,TRANSWORLD,,TRANSWORLD SHIPPING LINES LIMITED,162.77999877929688,166.9104995727539,162.77999877929688,47.296991969727976,182.76467707229398,179.4098991502409,36.86101599918247
2026-09-30,2026-09-28,2026-10-02,2026-09-30,NSE,AHLUCONT,,Ahluwalia Contracts (India) Limited,572.4000244140625,589.7600006103515,572.4000244140625,25.727468769287924,726.7347655971021,960.1742318434909,34.961595115822064
2026-09-30,2026-09-28,2026-10-02,2026-09-30,NSE,JIOFIN,,Jio Financial Services Limited,220.5,230.7724983215332,220.5,34.013902655817844,254.4730128598123,256.4616208193891,35.94618521747229
2026-09-30,2026-09-28,2026-10-02,2026-09-30,NSE,ETERNAL,,ETERNAL LIMITED,330.95001220703125,326.9074996948242,330.95001220703125,66.48294309016617,282.9597745228974,358.2169764458726,60.610070204198706
2026-09-30,2026-09-28,2026-10-02,2026-09-30,NSE,MASTEK,,Mastek Limited,1555.9000244140625,1643.9349975585938,1555.9000244140625,41.682168972084625,1432.0680944543324,1896.7460862887385,38.11566374812632
2026-09-30,2026-09-28,2026-10-02,2026-09-30,NSE,HEADSUP,,Heads UP Ventures Limited,6.610000133514404,6.872499966621399,6.610000133514404,40.4666281554651,8.965493325556933,7.360468671181498,28.11575524595382
2026-09-30,2026-09-28,2026-10-02,2026-09-30,NSE,KOKUYOCMLN,,Kokuyo Camlin Limited,74.63999938964844,77.53900032043457,74.63999938964844,32.576506110645795,88.57669184465065,91.2764395157113,23.701826324156045
2026-09-30,2026-09-28,2026-10-02,2026-09-30,NSE,INDOAMIN,,Indo Amines Limited,137.47000122070312,127.94500007629395,137.47000122070312,59.49572308644327,109.96635198035145,141.17034090349026,40.62677616609941
2026-09-30,2026-09-28,2026-10-02,2026-09-30,NSE,TBZ,,Tribhovandas Bhimji Zaveri Limited,630.75,553.5874938964844,630.75,87.46241608276894,428.97813014444756,639.2955485162279,82.32942275922142
2026-09-30,2026-09-28,2026-10-02,2026-09-30,NSE,RPPL,,Rajshree Polypack Limited,18.829999923706055,21.24399995803833,18.829999923706055,44.34769024057158,15.29052138840001,25.846009309852953,36.05890621899617
2026-09-30,2026-09-28,2026-10-02,2026-09-30,NSE,ASHOKAMET,,Ashoka Metcast Limited,15.369999885559082,14.841000127792359,15.369999885559082,52.14012781852056,12.220886040146755,16.66342763979789,44.950984145037864
2026-09-30,2026-09-28,2026-10-02,2026-09-30,NSE,PAGEIND,,Page Industries Limited,37500.0,36053.25,37500.0,49.70122118646991,34505.35159922619,42441.2511053561,46.76198130792258
2026-09-30,2026-09-29,2026-10-02,2026-09-30,NSE,ZODIAC,,Zodiac Energy Limited,208.60000610351562,228.80100021362304,208.60000610351562,30.692927757867054,285.9364347559047,307.6513564488626,29.04491086762924
2026-09-30,2026-09-28,2026-10-02,2026-09-30,NSE,TARIL,,Transformers And Rectifiers (India) Limited,270.45001220703125,288.0250015258789,270.45001220703125,37.40345668187443,246.6670144979286,354.75708098994573,47.514471449082386
2026-09-30,2026-09-28,2026-10-02,2026-09-30,NSE,VSTTILLERS,,V.S.T Tillers Tractors Limited,4307.2998046875,4201.154992675782,4307.2998046875,41.517388511081755,4850.119181252824,4776.544164832819,45.75626786858365
2026-09-30,2026-09-28,2026-10-02,2026-09-30,NSE,SADBHIN,,Sadbhav Infrastructure Project Limited,2.569999933242798,2.5589999675750734,2.569999933242798,44.368676569519224,3.2917789353944222,3.028969134445796,23.401546598043353
2026-09-30,2026-09-28,2026-10-02,2026-09-30,NSE,ICICIGI,,ICICI Lombard General Insurance Company Limited,1540.0,1497.2449951171875,1540.0,39.8348329355231,1727.7240592199691,1909.8931147335975,32.3899965548172
2026-09-30,2026-09-28,2026-10-02,2026-09-30,NSE,MAHLOG,,Mahindra Logistics Limited,421.79998779296875,401.40999908447264,421.79998779296875,60.48124339250163,347.4839934242292,438.7653958255374,49.83885605187362
2026-09-30,2026-09-28,2026-10-02,2026-09-30,NSE,AARTIDRUGS,,Aarti Drugs Limited,429.6499938964844,428.34749908447264,429.6499938964844,60.22214099154587,358.42827023425866,449.60026231646935,47.71908566499025
2026-09-30,2026-09-28,2026-10-02,2026-09-30,NSE,ZYDUSWELL,,Zydus Wellness Limited,524.4000244140625,539.4300018310547,524.4000244140625,52.050705877162535,457.568977528777,598.6383500559045,59.10836463661021
2026-09-30,2026-09-28,2026-10-02,2026-09-30,NSE,AARTIIND,,Aarti Industries Limited,476.6000061035156,492.7900024414063,476.6000061035156,49.55955523796986,435.478267753504,535.5449195479952,46.42720601569648
2026-09-30,2026-09-28,2026-10-02,2026-09-30,NSE,MIRZAINT,,Mirza International Limited,28.68000030517578,30.019999980926514,28.68000030517578,39.65222193294814,26.84395820440417,38.41842908768831,37.49308198406374
2026-09-30,2026-09-28,2026-10-02,2026-09-30,NSE,PVSL,,Popular Vehicles and Services Limited,97.66000366210938,100.4794994354248,97.66000366210938,44.33304767764345,86.19159798710552,113.63516752800984,33.10608745067155
2026-09-30,2026-09-28,2026-10-02,2026-09-30,NSE,ALKALI,,Alkali Metals Limited,94.55000305175781,82.39700050354004,94.55000305175781,67.92763370872237,62.53932429237735,98.51835249153783,49.39213645420079
2026-09-30,2026-09-28,2026-10-02,2026-09-30,NSE,M&MFIN,,Mahindra & Mahindra Financial Services Limited,331.75,355.5874984741211,331.75,46.27039853681653,307.0717310470286,412.73920307729395,48.413624632307084
2026-09-30,2026-09-28,2026-10-02,2026-09-30,NSE,MOTHERSON,,Samvardhana Motherson International Limited,162.3699951171875,162.68850021362306,162.3699951171875,62.65519008234975,142.16651009383054,175.4371095115993,57.809863602648676
2026-09-30,2026-09-28,2026-10-02,2026-09-30,NSE,GMRAIRPORT,,GMR AIRPORTS LIMITED,94.75,96.67250022888183,94.75,40.8580402799832,94.47326825584028,114.0718249011883,48.81868638549237
2026-09-30,2026-09-28,2026-10-02,2026-09-30,NSE,EXICOM,,Exicom Tele-Systems Limited,156.07000732421875,169.28699951171876,156.07000732421875,52.116839092989494,119.2101688038684,184.0931015012437,38.07883542198086
2026-09-30,2026-09-28,2026-10-02,2026-09-30,NSE,RRKABEL,,R R Kabel Limited,2459.800048828125,2480.6,2459.800048828125,56.995857765325205,2260.8255751423962,2954.2714474266236,59.640585658389504
2026-09-30,2026-09-28,2026-10-02,2026-09-30,NSE,ESTER,,Ester Industries Limited,85.2300033569336,89.45200004577637,85.2300033569336,41.4084556973233,106.20960551537938,98.31596698757693,33.827492565634486
2026-09-30,2026-09-28,2026-10-02,2026-09-30,NSE,EMAMIREAL,,Emami Realty Limited,67.13999938964844,68.21499977111816,67.13999938964844,40.73934426253141,61.06247784659257,92.17692695232569,39.54664603366831
2026-09-30,2026-09-28,2026-10-02,2026-09-30,NSE,JMFINANCIL,,JM Financial Limited,125.25,126.82050018310547,125.25,46.06038688890275,148.5635492051717,132.46139261189498,45.2793700173494
2026-09-30,2026-09-28,2026-10-02,2026-09-30,NSE,INTENTECH,,Intense Technologies Limited,83.05000305175781,80.45,83.05000305175781,42.47360417528559,102.17037011774563,105.70919152238751,38.10095849454937
2026-09-30,2026-09-28,2026-10-02,2026-09-30,NSE,NOIDATOLL,,Noida Toll Bridge Company Limited,3.5799999237060547,4.011000025272369,3.5799999237060547,39.39763774854993,3.401853699313041,6.16821871199409,29.198303625496578
2026-09-30,2026-09-28,2026-10-02,2026-09-30,NSE,VENTIVE,,Ventive Hospitality Limited,558.9000244140625,573.1074981689453,558.9000244140625,36.74640425093533,669.0080819284848,662.9579784824354,41.47529840374104
2026-09-30,2026-09-28,2026-10-02,2026-09-30,NSE,BOSCH-HCIL,,BOSCH HOME COMFORT INDIA LIMITED,1802.4000244140625,1741.0700073242188,1802.4000244140625,65.83123938751461,1430.5767170258791,1907.3350348605636,48.27925279544319
2026-09-30,2026-09-28,2026-10-02,2026-09-30,NSE,HESTERBIO,,Hester Biosciences Limited,2147.300048828125,2237.6049926757814,2147.300048828125,52.448564879798035,1808.4620439005878,2573.4577476176464,49.90648361820573
2026-09-30,2026-09-28,2026-10-02,2026-09-30,NSE,SERVOTECH,,Servotech Renewable Power System Limited,72.33999633789062,75.23499984741211,72.33999633789062,33.40714067350679,70.44865771038036,111.20051338130945,32.93181119661561
2026-09-30,2026-09-28,2026-10-02,2026-09-30,NSE,CHEMFAB,,Chemfab Alkalis Limited,340.54998779296875,360.83249816894534,340.54998779296875,37.77023370711324,309.38815765702486,411.22465050198457,26.547874946546045
2026-09-30,2026-09-28,2026-10-02,2026-09-30,NSE,MANOMAY,,Manomay Tex India Limited,228.5800018310547,228.63000106811523,228.5800018310547,58.98759812171308,237.26889576970646,247.4645974162841,51.52434288675556
2026-09-30,2026-09-28,2026-10-02,2026-09-30,NSE,JAYAGROGN,,Jayant Agro Organics Limited,230.4199981689453,235.18299942016603,230.4199981689453,55.587861434460144,183.31107112942942,240.61855929304872,44.52870242512278
2026-09-30,2026-09-28,2026-10-02,2026-09-30,NSE,PCJEWELLER,,PC Jeweller Limited,13.520000457763672,12.937500095367431,13.520000457763672,65.41782485436609,9.367388495199876,13.904093188994011,50.064318542064186
2026-09-30,2026-09-28,2026-10-02,2026-09-30,NSE,JKLAKSHMI,,JK Lakshmi Cement Limited,494.79998779296875,509.68999938964845,494.79998779296875,30.339159587019978,585.1574247155648,628.1879999491176,36.45662458670863
2026-09-30,2026-09-28,2026-10-02,2026-09-30,NSE,UTTAMSUGAR,,Uttam Sugar Mills Limited,294.75,275.74999771118166,294.75,59.4633964330603,216.81461159811067,313.37351042440343,48.809941871234585
2026-09-30,2026-09-28,2026-10-02,2026-09-30,NSE,RKEC,,RKEC Projects Limited,22.780000686645508,20.289000034332275,22.780000686645508,38.56794877800805,29.788299104540606,33.48925464037853,20.568579740639336
2026-09-30,2026-09-28,2026-10-02,2026-09-30,NSE,BALKRISIND,,Balkrishna Industries Limited,2153.800048828125,2218.9450439453126,2153.800048828125,45.53148682015343,2487.6804998074535,2479.927530108275,36.1578313798749
2026-09-30,2026-09-28,2026-10-02,2026-09-30,NSE,HILTON,,Hilton Metal Forging Limited,16.780000686645508,17.707999992370606,16.780000686645508,34.239675568778864,14.957570159786457,25.265052166673023,27.818389032878414
2026-09-30,2026-09-28,2026-10-02,2026-09-30,NSE,SHIVALIK,,Shivalik Rasayan Limited,407.95001220703125,368.8574981689453,407.95001220703125,73.18875023244797,281.3303318471983,404.152220608183,48.4859646603232
2026-09-30,2026-09-28,2026-10-02,2026-09-30,NSE,JKPAPER,,JK Paper Limited,398.1499938964844,412.0224975585937,398.1499938964844,55.36325881429254,341.0687694183899,429.2706064054623,49.27068828171847
2026-09-30,2026-09-28,2026-10-02,2026-09-30,NSE,KCPSUGIND,,KCP Sugar and Industries Corporation Limited,29.270000457763672,30.63249988555908,29.270000457763672,53.70235056559558,22.84579832571669,35.83955086658898,35.054055572340346
2026-09-30,2026-09-28,2026-10-02,2026-09-30,NSE,SHILPAMED,,Shilpa Medicare Limited,1025.25,973.390005493164,1025.25,90.68141756374675,787.114847547203,1105.2268761965745,82.46793531448894
2026-09-30,2026-09-28,2026-10-02,2026-09-30,NSE,BLBLIMITED,,BLB Limited,17.18000030517578,16.527499866485595,17.18000030517578,57.10585095417789,13.325098763123574,17.369363331250135,47.4201532300515
2026-09-30,2026-09-28,2026-10-02,2026-09-30,NSE,BRIGADE,,Brigade Enterprises Limited,583.9000244140625,638.1175048828125,583.9000244140625,49.19380288622621,509.881814594404,683.8988411322267,38.0516102649346
2026-09-30,2026-09-28,2026-10-02,2026-09-30,NSE,AMBICAAGAR,,Ambica Agarbathies & Aroma industries Limited,24.8799991607666,25.30199975967407,24.8799991607666,49.905800888386345,29.06853127911444,26.156289803791868,45.71034429306978
2026-09-30,2026-09-28,2026-10-02,2026-09-30,NSE,GLOBALVECT,,Global Vectra Helicorp Limited,135.44000244140625,136.18249893188477,135.44000244140625,36.920147727885144,121.0227528013068,178.19488294731727,28.600630880543235
2026-09-30,2026-09-28,2026-10-02,2026-09-30,NSE,CORDSCABLE,,Cords Cable Industries Limited,331.3999938964844,349.1899978637695,331.3999938964844,69.36425167857969,231.42631520821766,367.04768545408274,65.23462417988245
2026-09-30,2026-09-28,2026-10-02,2026-09-30,NSE,SIRCA,,Sirca Paints India Limited,406.6000061035156,420.7674987792969,406.6000061035156,43.959394759503205,457.9341852348792,451.2847702778056,52.45014035925359
2026-09-30,2026-09-28,2026-10-02,2026-09-30,NSE,ACCELYA,,Accelya Solutions India Limited,1099.9000244140625,1121.0850036621093,1099.9000244140625,37.12329780467104,1207.204031160138,1159.1221864867425,27.614217879268267
2026-09-30,2026-09-28,2026-10-02,2026-09-30,NSE,NEULANDLAB,,Neuland Laboratories Limited,21440.0,22803.75,21440.0,60.394275697662565,18822.34544815534,25205.55485831719,65.00889617836364
2026-09-30,2026-09-28,2026-10-02,2026-09-30,NSE,BALAJITELE,,Balaji Telefilms Limited,93.87000274658203,93.03799934387207,93.87000274658203,50.644698618323545,73.08868141706932,97.88315348711363,55.032034842490035
2026-09-30,2026-09-28,2026-10-02,2026-09-30,NSE,MODTHREAD,,Modern Threads (India) Limited,47.75,50.7254997253418,47.75,48.61503801944308,37.5344394673196,55.64855626313039,45.53464138182486
2026-09-30,2026-09-28,2026-10-02,2026-09-30,NSE,HDFCLIFE,,HDFC Life Insurance Company Limited,531.5999755859375,537.2100036621093,531.5999755859375,36.79819045556981,603.9657598257957,605.5390385748104,33.439875601866035
2026-09-30,2026-09-28,2026-10-02,2026-09-30,NSE,JINDALPHOT,,Jindal Photo Limited,1051.0,1055.1249969482421,1051.0,45.634693621272795,1234.8005944619133,1162.1444591878367,51.73937785045117
2026-09-30,2026-09-28,2026-10-02,2026-09-30,NSE,JUBLFOOD,,Jubilant Foodworks Limited,478.70001220703125,480.16749877929686,478.70001220703125,50.74576598157322,412.5571123390571,520.0829933297025,41.88342449938407
2026-09-30,2026-09-28,2026-10-02,2026-09-30,NSE,TGBHOTELS,,TGB Banquets And Hotels Limited,9.15999984741211,9.559499931335449,9.15999984741211,46.881037480524434,10.874950879851426,9.865918211928653,35.84403585573611
2026-09-30,2026-09-28,2026-10-02,2026-09-30,NSE,KRITINUT,,Kriti Nutrients Limited,75.54000091552734,81.35199966430665,75.54000091552734,44.62961347933828,65.81327650626241,94.10143652702665,39.468615269238555
2026-09-30,2026-09-28,2026-10-02,2026-09-30,NSE,BIRLACABLE,,Birla Cable Limited,351.3999938964844,368.6449996948242,351.3999938964844,66.9322921299493,249.22481865478656,414.60673137553306,69.28587571766535
2026-09-30,2026-09-28,2026-10-02,2026-09-30,NSE,OMAXE,,Omaxe Limited,110.2699966430664,122.17650032043457,110.2699966430664,58.183838655126614,78.5086821639096,135.70497355031964,53.798556565563004
2026-09-30,2026-09-28,2026-10-02,2026-09-30,NSE,AIROLAM,,Airo Lam limited,88.79000091552734,87.52999992370606,88.79000091552734,49.735047815752246,100.05065202395764,95.05247687255503,38.91105281201856
2026-09-30,2026-09-28,2026-10-02,2026-09-30,NSE,LAXMICOT,,Laxmi Cotspin Limited,13.25,13.064000034332276,13.25,42.56252115370216,9.746775685344403,15.426950152291163,27.09247394220489
2026-09-30,2026-09-28,2026-10-02,2026-09-30,NSE,LINC,,Linc Limited,89.6500015258789,94.10350036621094,89.6500015258789,35.09752779008397,110.51979637146175,113.34658970179414,33.92689954776212
2026-09-30,2026-09-28,2026-10-02,2026-09-30,NSE,SSWL,,Steel Strips Wheels Limited,388.6499938964844,365.6024993896484,388.6499938964844,81.35750450276785,292.62288298151634,407.3794609591956,72.25592938303251
2026-09-30,2026-09-28,2026-10-02,2026-09-30,NSE,BOHRAIND,,Bohra Industries Limited,15.789999961853027,13.355500078201294,15.789999961853027,50.803827264433444,18.92702406436813,18.67010113941407,50.027886312316774
2026-09-30,2026-09-28,2026-10-02,2026-09-30,NSE,INDOBORAX,,Indo Borax & Chemicals Limited,477.54998779296875,483.43749847412107,477.54998779296875,62.65117591343707,334.56178448509286,538.5124766989227,72.81228915775883
2026-09-30,2026-09-28,2026-10-02,2026-09-30,NSE,RUCHIRA,,Ruchira Papers Limited,106.91999816894531,106.81299934387206,106.91999816894531,46.38793328404925,96.57002939199953,119.31248085042961,42.23073044939605
2026-09-30,2026-09-28,2026-10-02,2026-09-30,NSE,MEDPLUS,,Medplus Health Services Limited,653.0,660.3950042724609,653.0,28.96838884887069,761.5593572260865,936.6633387451266,43.8809473190648
2026-09-30,2026-09-28,2026-10-02,2026-09-30,NSE,GOLDTECH,,AION-TECH SOLUTIONS LIMITED,46.52000045776367,45.394499969482425,46.52000045776367,47.63808897757263,37.28902844971503,63.07281277431007,37.66779754879713
2026-09-30,2026-09-28,2026-10-02,2026-09-30,NSE,KCP,,KCP Limited,157.27999877929688,161.71849899291993,157.27999877929688,43.377210105238255,138.6171733892943,172.7704764238059,38.887775588206225
2026-09-30,2026-09-28,2026-10-02,2026-09-30,NSE,SUNTECK,,Sunteck Realty Limited,276.75,289.3924987792969,276.75,36.25634414636025,334.618209272077,331.7156234032549,30.538105398840187
2026-09-30,2026-09-28,2026-10-02,2026-09-30,NSE,VIKASECO,,Vikas EcoTech Limited,1.0299999713897705,1.0559999823570252,1.0299999713897705,30.566284390360465,1.2198528228388574,1.342060640467498,21.717592404629656
2026-09-30,2026-09-28,2026-10-02,2026-09-30,NSE,TIL,,TIL Limited,252.32000732421875,249.39550247192383,252.32000732421875,57.30027029906317,183.08989944441936,277.2160428196901,47.31596657090057
2026-09-30,2026-09-28,2026-10-02,2026-09-30,NSE,SAPPHIRE,,Sapphire Foods India Limited,216.67999267578125,227.77350006103515,216.67999267578125,53.011988296222455,174.3867009906291,251.16879240994433,41.07818125467077
2026-09-30,2026-09-28,2026-10-02,2026-09-30,NSE,VIYASH,,Viyash Scientific Limited,241.0,253.95000152587892,241.0,47.7125531462003,209.42695517794218,287.2146334762862,51.372286169195796
2026-09-30,2026-09-28,2026-10-02,2026-09-30,NSE,SCHAND,,S Chand And Company Limited,144.64999389648438,136.26999893188477,144.64999389648438,46.846589166466806,157.8996230563896,163.25897301175314,37.9670601175371
2026-09-30,2026-09-28,2026-10-02,2026-09-30,NSE,RAMAPHO,,Rama Phosphates Limited,120.0,121.72300033569336,120.0,43.086008850040464,145.06499266957448,131.03749594180616,50.2754837104371
2026-09-30,2026-09-28,2026-10-02,2026-09-30,NSE,ONMOBILE,,OnMobile Global Limited,50.84000015258789,49.68800029754639,50.84000015258789,45.69180440181934,46.37503519081975,73.91730993056575,41.29881296755832
2026-09-30,2026-09-28,2026-10-02,2026-09-30,NSE,SHYAMMETL,,Shyam Metalics and Energy Limited,1068.699951171875,1079.5500061035157,1068.699951171875,61.20810280026764,912.2370980638427,1115.409280372735,59.958695200833716
2026-09-30,2026-09-28,2026-10-02,2026-09-30,NSE,KIRLPNU,,Kirloskar Pneumatic Company Limited,678.6500244140625,718.8850067138671,678.6500244140625,43.438625144104854,850.2489876416626,955.3714104420136,49.99979450488737
2026-09-30,2026-09-28,2026-10-02,2026-09-30,NSE,PRESTIGE,,Prestige Estates Projects Limited,1470.800048828125,1506.4599975585938,1470.800048828125,46.395181550134495,1332.0440502071256,1750.6277124724434,44.78171952347626
2026-09-30,2026-09-28,2026-10-02,2026-09-30,NSE,SMSPHARMA,,SMS Pharmaceuticals Limited,462.1499938964844,428.5250015258789,462.1499938964844,64.0026384019055,344.36114838020967,467.82853222569605,61.966566669367324
2026-09-30,2026-09-28,2026-10-02,2026-09-30,NSE,MAHLIFE,,Mahindra Lifespace Developers Limited,363.1000061035156,358.7949981689453,363.1000061035156,50.29547637639947,319.3413247824219,398.50567035909313,39.29189134579246
2026-09-30,2026-09-28,2026-10-02,2026-09-30,NSE,TORNTPOWER,,Torrent Power Limited,1237.199951171875,1271.7400024414062,1237.199951171875,39.66798269315187,1462.5849559327157,1520.2681539697678,38.93585461117567
2026-09-30,2026-09-28,2026-10-02,2026-09-30,NSE,MCL,,M TEK COPPER LIMITED,58.599998474121094,57.75899963378906,58.599998474121094,50.38921773146432,65.3624206078956,62.732077232248095,54.53317331757878
2026-09-30,2026-09-28,2026-10-02,2026-09-30,NSE,ADANIPOWER,,Adani Power Limited,196.13999938964844,206.1159996032715,196.13999938964844,46.030732001258336,183.46377912801634,238.6658653813752,60.187864554894816
2026-09-30,2026-09-28,2026-10-02,2026-09-30,NSE,FILATEX,,Filatex India Limited,110.75,88.49750061035157,110.75,84.04338756464799,78.22487323487731,110.12627280100443,72.68357273143009
2026-09-30,2026-09-28,2026-10-02,2026-09-30,NSE,BURNPUR,,Burnpur Cement Limited,14.5600004196167,17.653499937057497,14.5600004196167,25.720758017627602,21.92721269467338,42.62653371882767,6.357387699777021
2026-09-30,2026-09-28,2026-10-02,2026-09-30,NSE,ANTELOPUS,,Antelopus Selan Energy Limited,1159.449951171875,1087.9924926757812,1159.449951171875,67.70235989201495,721.9043752766497,1189.5980970746145,66.31906190974263
2026-09-30,2026-09-28,2026-10-02,2026-09-30,NSE,PASUPTAC,,Pasupati Acrylon Limited,72.44999694824219,69.84200077056884,72.44999694824219,63.511431102842366,54.761794067981654,75.20709007633118,60.241944989374254
2026-09-30,2026-09-28,2026-10-02,2026-09-30,NSE,LTFOODS,,LT Foods Limited,408.5,433.18249969482423,408.5,49.09858889369983,371.34417958354965,450.5623318786836,50.94695453909591
2026-09-30,2026-09-28,2026-10-02,2026-09-30,NSE,ESAFSFB,,ESAF Small Finance Bank Limited,43.0,40.61849956512451,43.0,63.69860528277417,32.27685860486052,47.92461413913499,55.64902530909378
2026-09-30,2026-09-28,2026-10-02,2026-09-30,NSE,ELGIRUBCO,,Elgi Rubber Company Limited,52.25,58.70100002288818,52.25,46.90603958816093,39.29679358095959,65.86536916671368,43.45884290164267
2026-09-30,2026-09-28,2026-10-02,2026-09-30,NSE,AJOONI,,Ajooni Biotech Limited,3.140000104904175,3.4085000276565554,3.140000104904175,29.83526170117129,4.123234049437582,4.334589717059578,22.606979775680387
2026-09-30,2026-09-28,2026-10-02,2026-09-30,NSE,IRB,,IRB Infrastructure Developers Limited,17.139999389648438,18.848999881744383,17.139999389648438,29.629526880085265,20.55118889464212,22.43980123255377,27.628190621346945
2026-09-30,2026-09-28,2026-10-02,2026-09-30,NSE,TCPLPACK,,TCPL Packaging Limited,3987.800048828125,3911.75,3987.800048828125,64.12832446510805,3026.886275005808,4478.807983094383,59.51467966146333
2026-09-30,2026-09-28,2026-10-02,2026-09-30,NSE,SUPREME,,Supreme Holdings & Hospitality (India) Limited,31.549999237060547,34.21849985122681,31.549999237060547,22.075800551974112,44.58855931488809,54.45178171766821,27.920920099317286
2026-09-30,2026-09-28,2026-10-02,2026-09-30,NSE,ELECTHERM,,Electrotherm (India) Limited,806.6500244140625,938.3575012207032,806.6500244140625,40.50894781076527,703.2901568348414,1224.1994667748932,47.22141322572275
2026-09-30,2026-09-28,2026-10-02,2026-09-30,NSE,KOTHARIPRO,,Kothari Products Limited,66.01000213623047,66.02800006866455,66.01000213623047,44.707637719048094,79.823727291589,74.37950809897339,44.75144261508669
2026-09-30,2026-09-28,2026-10-02,2026-09-30,NSE,JKCEMENT,,JK Cement Limited,4993.5,4990.95,4993.5,42.2965724116828,5854.983376370369,5743.561193492077,49.57708728024805
2026-09-30,2026-09-28,2026-10-02,2026-09-30,NSE,JSWHL,,JSW Holdings Limited,11026.0,11330.6,11026.0,36.5159168765622,13184.0086171013,13049.638029348605,48.511823250500804
2026-09-30,2026-09-28,2026-10-02,2026-09-30,NSE,MANAKSTEEL,,Manaksia Steels Limited,110.12999725341797,107.76600074768066,110.12999725341797,69.3506052014462,78.09220933520515,117.29041273775036,67.03379921045573
2026-09-30,2026-09-28,2026-10-02,2026-09-30,NSE,VTL,,Vardhman Textiles Limited,540.5499877929688,571.2625030517578,540.5499877929688,42.3235983996267,502.4870136653185,670.5359412129714,52.86022970681321
2026-09-30,2026-09-28,2026-10-02,2026-09-30,NSE,MANYAVAR,,Vedant Fashions Limited,541.2999877929688,558.8224945068359,541.2999877929688,59.537144444982395,456.8307318910832,614.8656932385195,29.031963142373996
2026-09-30,2026-09-28,2026-10-02,2026-09-30,NSE,GUJAPOLLO,,Gujarat Apollo Industries Limited,341.45001220703125,340.6875061035156,341.45001220703125,42.703812670125245,439.7729682814973,389.37174863223123,45.79285520312527
2026-09-30,2026-09-28,2026-10-02,2026-09-30,NSE,BIL,,Bhartiya International Limited,1001.2000122070312,993.2824920654297,1001.2000122070312,65.83511756421619,745.6659602878412,1061.2878784691623,63.15989874992696
2026-09-30,2026-09-28,2026-10-02,2026-09-30,NSE,MITCON,,MITCON Consultancy & Engineering Services Limited,83.19999694824219,81.01050033569337,83.19999694824219,57.450335049575614,60.40036700949211,88.04503965182403,42.10957890232051
2026-09-30,2026-09-28,2026-10-02,2026-09-30,NSE,BIOFILCHEM,,Biofil Chemicals & Pharmaceuticals Limited,31.510000228881836,32.77150039672851,31.510000228881836,44.560403787940274,39.08907637169601,36.69790406983042,25.269081327630573
2026-09-30,2026-09-28,2026-10-02,2026-09-30,NSE,EMAMIPAP,,Emami Paper Mills Limited,117.4000015258789,114.51549911499023,117.4000015258789,66.59636391192694,85.42333660876582,130.2410653424006,58.65749452877558
2026-09-30,2026-09-28,2026-10-02,2026-09-30,NSE,MANAKCOAT,,Manaksia Coated Metals & Industries Limited,125.54000091552734,126.59600105285645,125.54000091552734,54.381439861433634,134.75593754153638,136.90353237274473,58.55418818572746
2026-09-30,2026-09-28,2026-10-02,2026-09-30,NSE,ONIDA,,Onida Electronics Limited,32.0,33.760999870300296,32.0,43.013615168164534,29.497503905362283,44.73038627241362,52.84739614680625
2026-09-30,2026-09-28,2026-10-02,2026-09-30,NSE,MODIRUBBER,,Modi Rubber Limited,121.0,124.40200080871583,121.0,46.15597117543666,101.16247520133716,136.23555575066015,47.972125500161106
2026-09-30,2026-09-28,2026-10-02,2026-09-30,NSE,KHADIM,,Khadim India Limited,118.0,120.43600044250488,118.0,50.77264238912689,94.11961375018038,125.656557781847,26.321849913010084
2026-09-30,2026-09-28,2026-10-02,2026-09-30,NSE,RTNINDIA,,RattanIndia Enterprises Limited,26.200000762939453,27.488000106811523,26.200000762939453,31.951690943602415,33.36789583411824,38.56289979585657,30.741394285006294
2026-09-30,2026-09-28,2026-10-02,2026-09-30,NSE,VARDMNPOLY,,Vardhman Polytex Limited,5.800000190734863,5.872999978065491,5.800000190734863,39.0042940423112,5.170445863724579,7.27426215107571,36.345983805545295
2026-09-30,2026-09-28,2026-10-02,2026-09-30,NSE,MOLDTECH,,Mold-Tek Technologies Limited,197.2899932861328,202.27499923706054,197.2899932861328,65.2659271357637,147.47066514768983,228.0375302062525,51.89598953846861
2026-09-30,2026-09-28,2026-10-02,2026-09-30,NSE,HIRECT,,Hirect Limited,1179.4000244140625,1229.240008544922,1179.4000244140625,56.72184342306274,925.1939721950444,1376.2670621793318,64.45941352665528
2026-09-30,2026-09-28,2026-10-02,2026-09-30,NSE,ALLDIGI,,Alldigi Tech Limited,775.9000244140625,793.6675018310547,775.9000244140625,38.633948952016475,885.7661108313952,838.1939182618295,38.77835307950637
2026-09-30,2026-09-28,2026-10-02,2026-09-30,NSE,BSOFT,,BIRLASOFT LIMITED,271.25,282.7249984741211,271.25,34.54514868906749,328.70396095987536,336.1035523798353,27.658801847986382
2026-09-30,2026-09-28,2026-10-02,2026-09-30,NSE,SATIN,,Satin Creditcare Network Limited,234.39999389648438,221.08800048828124,234.39999389648438,58.40848223744492,194.30328956867555,263.7782293472808,59.933612268654436
2026-09-30,2026-09-28,2026-10-02,2026-09-30,NSE,DISHTV,,Dish TV India Limited,2.259999990463257,2.5174999952316286,2.259999990463257,30.87294694107635,2.963837831332014,3.46518067586183,21.00669328484213
2026-09-30,2026-09-28,2026-10-02,2026-09-30,NSE,ADVENZYMES,,Advanced Enzyme Technologies Limited,283.1499938964844,293.49750061035155,283.1499938964844,37.63392171493015,341.52150609966606,385.1511797467733,34.268123866051994
2026-09-30,2026-09-28,2026-10-02,2026-09-30,NSE,BHARATRAS,,Bharat Rasayan Limited,1046.199951171875,1150.6200073242187,1046.199951171875,27.36242326029563,1318.375548767006,1518.04568116335,28.51735653405052
2026-09-30,2026-09-28,2026-10-02,2026-09-30,NSE,PONNIERODE,,Ponni Sugars (Erode) Limited,390.0,374.4125,390.0,61.803075458277085,292.52015321446004,415.79440401962825,48.70240341685048
2026-09-30,2026-09-28,2026-10-02,2026-09-30,NSE,JOCIL,,Jocil Limited,147.0,149.4259994506836,147.0,52.861014721447454,119.82560280832789,155.49345818269725,42.76110058600389
2026-09-30,2026-09-28,2026-10-02,2026-09-30,NSE,SCHNEIDER,,Schneider Electric Infrastructure Limited,1188.199951171875,1208.179998779297,1188.199951171875,49.36220188517749,1027.7013847902947,1464.6204723441458,58.9607636439648
2026-09-30,2026-09-28,2026-10-02,2026-09-30,NSE,ZUARI,,Zuari Agro Chemicals Limited,217.1199951171875,221.84899978637696,217.1199951171875,44.62390447960953,260.49716828872505,242.8212328708949,48.77053833159353
2026-09-30,2026-09-28,2026-10-02,2026-09-30,NSE,ONEPOINT,,One Point One Solutions Limited,69.43000030517578,59.768999862670896,69.43000030517578,68.374666923864,53.619860705948035,67.19089275895968,54.133760456102294
2026-09-30,2026-09-28,2026-10-02,2026-09-30,NSE,INDBANK,,Indbank Merchant Banking Services Limited,25.600000381469727,27.198499774932863,25.600000381469727,26.085503431255873,32.3623240483499,37.28733893948139,32.88793115282428
2026-09-30,2026-09-28,2026-10-02,2026-09-30,NSE,DEEDEV,,DEE Development Engineers Limited,655.5,659.1224975585938,655.5,61.70045689593656,509.539209285816,734.712873184333,69.21067869009843
2026-09-30,2026-09-28,2026-10-02,2026-09-30,NSE,MINDACORP,,Minda Corporation Limited,673.0,692.879995727539,673.0,54.99648000808682,610.1937441252431,752.7431766050353,56.32561668776393
2026-09-30,2026-09-28,2026-10-02,2026-09-30,NSE,MAHAPEXLTD,,Maha Rashtra Apex Corporation Limited,51.08000183105469,54.107500076293945,51.08000183105469,43.51036613272839,35.05497645496123,58.23847046912546,27.040509803965634
2026-09-30,2026-09-28,2026-10-02,2026-09-30,NSE,DCMSRIND,,DCM Shriram Industries Limited,39.0099983215332,41.14449977874756,39.0099983215332,38.836965354863295,52.11274164979712,47.52487376231364,23.793448733327764
2026-09-30,2026-09-28,2026-10-02,2026-09-30,NSE,SURAJEST,,Suraj Estate Developers Limited,217.27000427246094,191.02300033569335,217.27000427246094,52.957780170691755,225.1489200102176,226.2239641092351,22.68427518741356
2026-09-30,2026-09-28,2026-10-02,2026-09-30,NSE,PEARLPOLY,,Pearl Polymers Limited,17.639999389648438,16.526000022888184,17.639999389648438,48.42304432382224,13.929450220190727,19.794995000949353,35.444075801495075
2026-09-30,2026-09-28,2026-10-02,2026-09-30,NSE,BEDMUTHA,,Bedmutha Industries Limited,109.2300033569336,106.4110008239746,109.2300033569336,47.516278283293424,132.6064917455729,114.86965231926409,27.42719879648503
2026-09-30,2026-09-28,2026-10-02,2026-09-30,NSE,GUJENERGY,,GUJARAT ENERGY LIMITED,235.07000732421875,247.41300048828126,235.07000732421875,29.993121724864977,296.4994303954223,414.8440109934602,27.287227452111367
2026-09-30,2026-09-28,2026-10-02,2026-09-30,NSE,GANECOS,,Ganesha Ecosphere Limited,1019.2000122070312,1014.1800018310547,1019.2000122070312,49.80777930673611,881.0999527488316,1212.3324008490217,41.64606031666607
2026-09-30,2026-09-28,2026-10-02,2026-09-30,NSE,LORDSCHLO,,Lords Chloro Alkali Limited,148.1999969482422,138.62200088500975,148.1999969482422,53.802610836213816,160.95055911469575,151.37859052933848,52.19080020103728
2026-09-30,2026-09-28,2026-10-02,2026-09-30,NSE,ROSSELLIND,,Rossell India Limited,51.18000030517578,54.88249969482422,51.18000030517578,41.874384613358195,44.63132855954781,61.046434232548364,27.922761246117616
2026-09-30,2026-09-28,2026-10-02,2026-09-30,NSE,IZMO,,IZMO Limited,873.5499877929688,912.7824981689453,873.5499877929688,48.905102989069256,746.3111189720507,1148.3668367271316,56.79109764940701
2026-09-30,2026-09-28,2026-10-02,2026-09-30,NSE,NHPC,,NHPC Limited,74.5,76.0625,74.5,41.96815629792381,83.14751795071862,81.03119019326085,39.088648230659345
2026-09-30,2026-09-28,2026-10-02,2026-09-30,NSE,TRENT,,Trent Limited,2626.0,2785.3949951171876,2626.0,37.87414654555611,3044.518181786888,3257.8564289952933,29.785833281400173
2026-09-30,2026-09-28,2026-10-02,2026-09-30,NSE,SHALPAINTS,,Shalimar Paints Limited,74.4000015258789,80.9020004272461,74.4000015258789,54.697457590592165,56.13801322233047,96.80689103421446,42.72507974740155
2026-09-30,2026-09-28,2026-10-02,2026-09-30,NSE,GODREJAGRO,,Godrej Agrovet Limited,642.5,661.7874938964844,642.5,58.4212515589691,538.5233082891319,671.4438009248137,47.96637946799862
2026-09-30,2026-09-28,2026-10-02,2026-09-30,NSE,LFIC,,Lakshmi Finance & Industrial Corporation Limited,131.49000549316406,136.52900161743165,131.49000549316406,40.07810559309784,167.25120239056486,151.2255834614694,29.462072610464958
2026-09-30,2026-09-28,2026-10-02,2026-09-30,NSE,NORTHARC,,Northern Arc Capital Limited,291.1000061035156,305.4300003051758,291.1000061035156,52.00422338613947,237.2800591182422,318.8447489454817,50.8812614124164
2026-09-30,2026-09-28,2026-10-02,2026-09-30,NSE,UDS,,Updater Services Limited,207.83999633789062,210.3384994506836,207.83999633789062,54.34878829091951,183.3316621474758,232.32177542454215,40.5076894089181
2026-09-30,2026-09-28,2026-10-02,2026-09-30,NSE,APTUS,,Aptus Value Housing Finance India Limited,237.47000122070312,248.08000106811522,237.47000122070312,41.27286050910689,230.58197987947676,295.9668626106411,36.7179044990044
2026-09-30,2026-09-28,2026-10-02,2026-09-30,NSE,JAYNECOIND,,Jayaswal Neco Industries Limited,87.9800033569336,90.96050033569335,87.9800033569336,48.54414556000265,84.25947086162907,102.28795238976372,57.02822164238195
2026-09-30,2026-09-28,2026-10-02,2026-09-30,NSE,UNITDSPR,,United Spirits Limited,1415.4000244140625,1419.7450012207032,1415.4000244140625,50.969848698338794,1346.7724790017423,1589.5352576211653,47.25154869032851
2026-09-30,2026-09-28,2026-10-02,2026-09-30,NSE,GENCON,,Generic Engineering Construction and Projects Limited,37.75,41.24099998474121,37.75,40.39460666287218,48.75674224583955,44.56377707104099,45.31879002831827
2026-09-30,2026-09-28,2026-10-02,2026-09-30,NSE,RAIN,,Rain Industries Limited,215.4499969482422,212.65650024414063,215.4499969482422,61.87179702028258,177.19384765513615,236.4494572222685,57.6068159003563
2026-09-30,2026-09-28,2026-10-02,2026-09-30,NSE,WEBELSOLAR,,Websol Energy System Limited,71.75,74.11100006103516,71.75,34.911320451236335,92.40811126543028,120.47311594607265,43.96763920913006
2026-09-30,2026-09-28,2026-10-02,2026-09-30,NSE,ASMS,,Avio Smart Market Stack Limited,6.329999923706055,6.795000004768371,6.329999923706055,32.12417836423727,7.966228546643785,7.704341412704468,23.7614896268219
2026-09-30,2026-09-28,2026-10-02,2026-09-30,NSE,RADIANTCMS,,Radiant Cash Management Services Limited,35.70000076293945,37.61200008392334,35.70000076293945,42.310145123188455,44.434966193446485,42.13379854575752,30.248702460433137
2026-09-30,2026-09-28,2026-10-02,2026-09-30,NSE,ISGEC,,Isgec Heavy Engineering Limited,886.4500122070312,807.0824920654297,886.4500122070312,52.16506605055817,946.7999305991091,1025.2296351922178,41.526470126858854
2026-09-30,2026-09-28,2026-10-02,2026-09-30,NSE,NITCO,,Nitco Limited,84.61000061035156,91.26399955749511,84.61000061035156,41.20626871398158,75.67804136014445,116.74163158714312,48.59286583723443
2026-09-30,2026-09-28,2026-10-02,2026-09-30,NSE,PNBGILTS,,PNB Gilts Limited,73.27999877929688,78.23250045776368,73.27999877929688,38.862013856742365,66.15322253865355,95.34356959584844,37.108137120717394
2026-09-30,2026-09-28,2026-10-02,2026-09-30,NSE,MANAKALUCO,,Manaksia Aluminium Company Limited,34.38999938964844,36.714999961853025,34.38999938964844,47.404848478266594,26.68679850476743,40.794509255133455,51.00158847074745
2026-09-30,2026-09-28,2026-10-02,2026-09-30,NSE,HCLTECH,,HCL Technologies Limited,1252.5999755859375,1264.0350036621094,1252.5999755859375,46.446506016214954,1134.9321093282674,1391.5890833837632,38.998898612446474
2026-09-30,2026-09-28,2026-10-02,2026-09-30,NSE,MOTOGENFIN,,The Motor & General Finance Limited,25.700000762939453,26.678500270843507,25.700000762939453,47.925358956532826,21.31999476004581,30.324040145263847,37.88635387898894
2026-09-30,2026-09-28,2026-10-02,2026-09-30,NSE,BANKA,,Banka BioLoo Limited,73.08999633789062,77.71049919128419,73.08999633789062,41.22288285227186,70.39203186278964,97.6555145254111,41.818081265495266
2026-09-30,2026-09-28,2026-10-02,2026-09-30,NSE,PREMEXPLN,,Premier Explosives Limited,677.0499877929688,670.4349975585938,677.0499877929688,57.19345253690839,583.3240551789755,764.5735252987827,55.03538816042826
2026-09-30,2026-09-28,2026-10-02,2026-09-30,NSE,BANG,,Bang Overseas Limited,31.690000534057617,33.50050010681152,31.690000534057617,43.08820629056523,39.62746217631462,38.349308063913334,42.44442679624176
2026-09-30,2026-09-28,2026-10-02,2026-09-30,NSE,JITFINFRA,,JITF Infralogistics Limited,284.1499938964844,291.9625015258789,284.1499938964844,42.852992223926485,256.1790171795486,359.88025045445727,25.906458078871253
2026-09-30,2026-09-28,2026-10-02,2026-09-30,NSE,MTARTECH,,Mtar Technologies Limited,7072.5,7152.525,7072.5,58.48294720512315,5165.354881629503,8462.767855520218,70.27522279023488
2026-09-30,2026-09-28,2026-10-02,2026-09-30,NSE,IRIS,,IRIS RegTech Solutions Limited,226.57000732421875,244.15400009155275,226.57000732421875,41.37599747762493,298.1974139233432,275.26955486187956,40.52488567975789
2026-09-30,2026-09-28,2026-10-02,2026-09-30,NSE,DPWIRES,,D P Wires Limited,158.41000366210938,154.1625,158.41000366210938,44.8462149356909,133.27079632287402,199.3387340486898,30.702688339435568
2026-09-30,2026-09-28,2026-10-02,2026-09-30,NSE,BIRLAMONEY,,Aditya Birla Money Limited,115.30999755859375,121.80050010681153,115.30999755859375,35.69152035380526,103.63942614657792,150.35234333167097,45.62977540064514
2026-09-30,2026-09-28,2026-10-02,2026-09-30,NSE,PDMJEPAPER,,Pudumjee Paper Products Limited,93.77999877929688,96.97499885559083,93.77999877929688,53.22973257718465,77.05350601168406,101.90434535121187,48.24494946783107
2026-09-30,2026-09-28,2026-10-02,2026-09-30,NSE,WAAREEINDO,,Indosolar Limited,219.35000610351562,255.6125,219.35000610351562,29.41849924323192,314.30065250298173,459.7843175026544,38.90962556035728
2026-09-30,2026-09-28,2026-10-02,2026-09-30,NSE,MATRIMONY,,Matrimony.Com Limited,521.3499755859375,526.3849960327149,521.3499755859375,59.54142956781634,415.7342918686595,575.4222821344106,42.853608820738245
2026-09-30,2026-09-28,2026-10-02,2026-09-30,NSE,MANUGRAPH,,Manugraph India Limited,18.829999923706055,16.732000017166136,18.829999923706055,61.937005039334224,12.854657715904505,18.76057056634606,49.13427053132702
2026-09-30,2026-09-28,2026-10-02,2026-09-30,NSE,NCC,,NCC Limited,130.2899932861328,140.18500061035155,130.2899932861328,36.53446359950285,158.08541480272154,158.33436199672886,29.945219373515798
2026-09-30,2026-09-28,2026-10-02,2026-09-30,NSE,GTPL,,GTPL Hathway Limited,54.86000061035156,57.2560001373291,54.86000061035156,34.82111030252847,68.39911518045886,68.64878428318538,17.518709525405413
2026-09-30,2026-09-28,2026-10-02,2026-09-30,NSE,TEMBO,,Tembo Global Industries Limited,57.75,57.24799976348877,57.75,50.458927516246234,45.92112278196869,62.49499398719457,51.49898879421167
2026-09-30,2026-09-28,2026-10-02,2026-09-30,NSE,NFL,,National Fertilizers Limited,65.76000213623047,68.3029998779297,65.76000213623047,32.03700130302143,74.50240053745426,78.76878194511264,31.754800225924228
2026-09-30,2026-09-28,2026-10-02,2026-09-30,NSE,NETWORK18,,Network18 Media & Investments Limited,25.979999542236328,26.962999725341795,25.979999542236328,31.707060699323762,32.01325082177702,34.54281311448552,25.269736441744513
2026-09-30,2026-09-28,2026-10-02,2026-09-30,NSE,AVANTIFEED,,Avanti Feeds Limited,741.5,784.6049987792969,741.5,31.34090157792592,936.9901926766636,1228.1197058507873,46.94530844293821
2026-09-30,2026-09-28,2026-10-02,2026-09-30,NSE,GSS,,GSS Infotech Limited,10.260000228881836,10.682499980926513,10.260000228881836,34.46431888091114,14.38385991772859,14.616352844290878,17.07929587692621
2026-09-30,2026-09-28,2026-10-02,2026-09-30,NSE,HMVL,,Hindustan Media Ventures Limited,68.95999908447266,80.5864990234375,68.95999908447266,39.16202534285702,95.93049538634654,102.11485499838824,41.46107742323988
2026-09-30,2026-09-28,2026-10-02,2026-09-30,NSE,TVVISION,,TV Vision Limited,2.9600000381469727,2.990500032901764,2.9600000381469727,26.95171874118917,4.277297762902325,6.222626926736441,36.58912124654182
2026-09-30,2026-09-28,2026-10-02,2026-09-30,NSE,LUMAXTECH,,Lumax Auto Technologies Limited,2032.0,2010.3650024414062,2032.0,63.87496906906523,1604.4732109723352,2203.8854006817155,70.4744254317834
2026-09-30,2026-09-28,2026-10-02,2026-09-30,NSE,DEVYANI,,Devyani International Limited,131.08999633789062,138.17000045776368,131.08999633789062,52.6167043009287,113.19417548276088,150.47431419447474,43.47701369985213
2026-09-30,2026-09-28,2026-10-02,2026-09-30,NSE,INDOCO,,Indoco Remedies Limited,249.05999755859375,253.75049743652343,249.05999755859375,54.56768337280102,180.19025767722042,274.4900944929446,44.935515009539635
2026-09-30,2026-09-28,2026-10-02,2026-09-30,NSE,RADAAN,,Radaan Mediaworks India Limited,3.0199999809265137,2.9299999952316282,3.0199999809265137,49.33438028726389,3.92108066134732,3.2023257802816802,46.931401979877734
2026-09-30,2026-09-28,2026-10-02,2026-09-30,NSE,RAMKY,,Ramky Infrastructure Limited,306.25,327.6800003051758,306.25,24.15372626400098,379.8689635372458,470.78455463651005,29.938929046051356
2026-09-30,2026-09-28,2026-10-02,2026-09-30,NSE,NDL,,Nandan Denim Limited,2.6700000762939453,2.816499984264374,2.6700000762939453,50.395591080171755,2.23801765531882,2.9656592984250647,30.962287798515476
2026-09-30,2026-09-28,2026-10-02,2026-09-30,NSE,BALKRISHNA,,Balkrishna Paper Mills Limited,16.440000534057617,16.586000061035158,16.440000534057617,41.89040862690536,20.31074033833722,19.16239328185084,35.750187835272115
2026-09-30,2026-09-28,2026-10-02,2026-09-30,NSE,ORIENTCEM,,Orient Cement Limited,119.43000030517578,124.89099960327148,119.43000030517578,27.53026333591953,139.758448759273,144.67136811225996,28.106473688042144
2026-09-30,2026-09-28,2026-10-02,2026-09-30,NSE,PTC,,PTC India Limited,154.8800048828125,154.74549942016603,154.8800048828125,42.36462051523598,183.36898594108794,201.43115526320196,40.29776518343446
2026-09-30,2026-09-28,2026-10-02,2026-09-30,NSE,ARCHIDPLY,,Archidply Industries Limited,102.76000213623047,103.89799995422364,102.76000213623047,63.50618401645596,78.23748496287259,111.26365058120504,49.89336562879434
2026-09-30,2026-09-28,2026-10-02,2026-09-30,NSE,SURAKSHA,,Suraksha Diagnostic Limited,347.04998779296875,338.80499877929685,347.04998779296875,67.54536569195609,265.1683525050816,362.3117069088027,51.49532951622442
2026-09-30,2026-09-28,2026-10-02,2026-09-30,NSE,GVPIL,,GE Power India Limited,651.4000244140625,652.220004272461,651.4000244140625,47.456132268687696,858.7439767500521,1016.6562166827855,56.81567682818283
2026-09-30,2026-09-28,2026-10-02,2026-09-30,NSE,KEI,,KEI Industries Limited,4516.0,4724.875,4516.0,41.585355307531515,5622.173824851442,5877.568385168038,49.266600070085225
2026-09-30,2026-09-28,2026-10-02,2026-09-30,NSE,SETCO,,Setco Automotive Limited,18.520000457763672,17.344500160217287,18.520000457763672,50.32529046749072,21.72883452471286,24.420539987278154,53.82846712244909
2026-09-30,2026-09-28,2026-10-02,2026-09-30,NSE,INVENTURE,,Inventure Growth & Securities Limited,0.8700000047683716,0.902500006556511,0.8700000047683716,37.696257452465495,1.05058534499972,0.9874632277009296,23.896647952890305
2026-09-30,2026-09-28,2026-10-02,2026-09-30,NSE,BAFNAPH,,Bafna Pharmaceuticals Limited,357.04998779296875,316.3725021362305,357.04998779296875,78.37809055679706,287.37461151028424,372.29823909240463,84.25895692199538
2026-09-30,2026-09-28,2026-10-02,2026-09-30,NSE,BFINVEST,,BF Investment Limited,435.20001220703125,447.25000152587893,435.20001220703125,47.902029162114985,378.7331803775056,489.74846979572897,42.30718117418883
2026-09-30,2026-09-28,2026-10-02,2026-09-30,NSE,SHREERAMA,,Shree Rama Multi-Tech Limited,43.38999938964844,44.2375,43.38999938964844,47.12786894716969,52.44533262237063,47.650760385975985,54.34788111814108
2026-09-30,2026-09-28,2026-10-02,2026-09-30,NSE,KANANIIND,,Kanani Industries Limited,1.350000023841858,1.4654999792575836,1.350000023841858,33.65187864733447,1.7460668269717172,1.621308263350139,33.03709633678699
2026-09-30,2026-09-28,2026-10-02,2026-09-30,NSE,DBREALTY,,Valor Estate Limited,96.27999877929688,99.05000076293945,96.27999877929688,39.575919690357296,86.65483548573752,125.22288581095563,38.72001272158852
2026-09-30,2026-09-28,2026-10-02,2026-09-30,NSE,JSWINFRA,,JSW Infrastructure Limited,348.75,342.2800003051758,348.75,61.7989765375186,290.33225573323875,374.4749419090431,55.97538588747409
2026-09-30,2026-09-28,2026-10-02,2026-09-30,NSE,KIOCL,,KIOCL Limited,331.0,356.2749984741211,331.0,37.78146187021985,410.65622747711393,421.04738728459654,44.87708927483233
2026-09-30,2026-09-28,2026-10-02,2026-09-30,NSE,SOLEX,,Solex Energy Limited,695.4500122070312,704.3225006103515,695.4500122070312,26.57925427392084,948.5802231645408,1296.1641513307209,39.08590855142088
2026-09-30,2026-09-28,2026-10-02,2026-09-30,NSE,OFSS,,Oracle Financial Services Software Limited,10800.0,11556.65,10800.0,52.839467070286325,9828.692869241058,12830.563435456526,51.526468968218374
2026-09-30,2026-09-28,2026-10-02,2026-09-30,NSE,MARALOVER,,Maral Overseas Limited,59.369998931884766,59.72350025177002,59.369998931884766,57.57171714591992,43.059461352753246,62.05502198086007,48.69181956037198
2026-09-30,2026-09-28,2026-10-02,2026-09-30,NSE,MRF,,MRF Limited,123425.0,127084.0,123425.0,36.14154531839399,135663.81871173158,136940.4555410255,44.00718864466303
2026-09-30,2026-09-28,2026-10-02,2026-09-30,NSE,AADHARHFC,,Aadhar Housing Finance Limited,436.95001220703125,463.275,436.95001220703125,38.88023321190695,434.37109299441846,547.1271200606407,43.83219316300913
2026-09-30,2026-09-28,2026-10-02,2026-09-30,NSE,PARAGMILK,,Parag Milk Foods Limited,274.95001220703125,262.75999984741213,274.95001220703125,66.46808736388036,198.57959675368033,275.289457523588,58.544427884357276
2026-09-30,2026-09-28,2026-10-02,2026-09-30,NSE,VAIBHAVGBL,,Vaibhav Global Limited,199.72000122070312,211.99400100708007,199.72000122070312,38.06375766983377,195.91970164082272,267.91512223363407,39.02937288319347
2026-09-30,2026-09-28,2026-10-02,2026-09-30,NSE,ARE&M,,Amara Raja Energy & Mobility Limited,774.9500122070312,819.0350067138672,774.9500122070312,37.799032939587484,763.5632494742935,960.9849372469806,30.13305250800086
2026-09-30,2026-09-28,2026-10-02,2026-09-30,NSE,MAZDA,,Mazda Limited,285.1499938964844,263.0034996032715,285.1499938964844,68.34090324130558,212.53630146163195,283.1196650756759,57.28789866403918
2026-09-30,2026-09-28,2026-10-02,2026-09-30,NSE,MASKINVEST,,Mask Investments Limited,141.7100067138672,145.3504997253418,141.7100067138672,45.00719233524944,115.03940375704664,157.49684069667936,53.858570660572305
2026-09-30,2026-09-28,2026-10-02,2026-09-30,NSE,SPORTKING,,Sportking India Limited,207.4199981689453,214.92400207519532,207.4199981689453,60.09995689533487,160.9672250444176,234.17094824738726,69.58515696720525
2026-09-30,2026-09-28,2026-10-02,2026-09-30,NSE,IITL,,Industrial Investment Trust Limited,131.5800018310547,145.53149948120117,131.5800018310547,41.786080082972745,178.48790734808037,163.56400087726317,37.805836133802984
2026-09-30,2026-09-28,2026-10-02,2026-09-30,NSE,NGLFINE,,NGL Fine-Chem Limited,2730.0,2768.0700073242188,2730.0,49.49089178399456,2536.6333613607694,3458.2324099124817,58.19206822289493
2026-09-30,2026-09-28,2026-10-02,2026-09-30,NSE,GOKEX,,Gokaldas Exports Limited,671.8499755859375,743.7299957275391,671.8499755859375,39.07365447830759,642.818051030227,895.1558942338808,43.66505670716953
2026-09-30,2026-09-28,2026-10-02,2026-09-30,NSE,SADHNANIQ,,Sadhana Nitrochem Limited,2.680000066757202,2.7829999804496763,2.680000066757202,41.548483162558554,3.337861818029715,3.1951292054420395,12.98396840951635
2026-09-30,2026-09-28,2026-10-02,2026-09-30,NSE,DSKULKARNI,,DS Kulkarni Developers Limited,24.56999969482422,21.33150005340576,24.56999969482422,87.51799697914456,20.763779228759187,24.035764663280432,100.0
2026-09-30,2026-09-28,2026-10-02,2026-09-30,NSE,DCMFINSERV,,DCM Financial Services Limited,5.059999942779541,5.11949999332428,5.059999942779541,46.76029087777671,3.8830850854398036,5.806169607716651,41.683255275555055
2026-09-30,2026-09-28,2026-10-02,2026-09-30,NSE,REDINGTON,,Redington Limited,404.8500061035156,387.72250213623045,404.8500061035156,73.95244289091256,315.27114518133,438.5965022911878,71.92200944289534
2026-09-30,2026-09-28,2026-10-02,2026-09-30,NSE,VASCONEQ,,Vascon Engineers Limited,34.959999084472656,31.013500118255614,34.959999084472656,50.74340850176542,37.763378261346936,36.457766523121855,41.553521082005965
2026-09-30,2026-09-28,2026-10-02,2026-09-30,NSE,MOLDTKPAC,,Mold-Tek Packaging Limited,649.4000244140625,675.7549987792969,649.4000244140625,47.61479229595652,562.4822654550791,726.0428146930893,47.74508939912473
2026-09-30,2026-09-28,2026-10-02,2026-09-30,NSE,RUPA,,Rupa & Company Limited,132.75,138.8940002441406,132.75,35.714215416776284,161.26308028781796,177.44262492895575,31.529923031050885
2026-09-30,2026-09-28,2026-10-02,2026-09-30,NSE,PANACHE,,Panache Digilife Limited,515.0,520.8250015258789,515.0,67.08206181383122,430.2888488797106,585.2392558092471,66.84255562464992
2026-09-30,2026-09-28,2026-10-02,2026-09-30,NSE,INDOSTAR,,IndoStar Capital Finance Limited,210.85000610351562,239.33550186157225,210.85000610351562,40.21065434479678,197.64054747452988,277.9957784922543,41.426981529589604
2026-09-30,2026-09-28,2026-10-02,2026-09-30,NSE,AURUM,,Aurum PropTech Limited,218.9499969482422,222.74149856567382,218.9499969482422,55.616463098478306,185.24109520107902,251.39479049540606,53.08717952822031
2026-09-30,2026-09-28,2026-10-02,2026-09-30,NSE,UEL,,Ujaas Energy Limited,190.13999938964844,206.4004997253418,190.13999938964844,53.497221755900476,162.753053740201,251.96359740956154,60.36121764473396
2026-09-30,2026-09-28,2026-10-02,2026-09-30,NSE,KABRAEXTRU,,Kabra Extrusion Technik Limited,863.1500244140625,678.7600006103515,863.1500244140625,86.53136997125279,591.0761029951226,863.154687423784,74.83092043719859
2026-09-30,2026-09-28,2026-10-02,2026-09-30,NSE,ASAL,,Automotive Stampings and Assemblies Limited,429.20001220703125,457.7074996948242,429.20001220703125,34.187846522715674,409.44846632705344,546.6674650133488,34.416400542555095
2026-09-30,2026-09-28,2026-10-02,2026-09-30,NSE,MBAPL,,Madhya Bharat Agro Products Limited,166.80999755859375,162.65299911499022,166.80999755859375,73.73962178157203,132.20885098612254,190.40333766785898,88.91903987961129
2026-09-30,2026-09-28,2026-10-02,2026-09-30,NSE,APLLTD,,Alembic Pharmaceuticals Limited,854.3499755859375,828.477505493164,854.3499755859375,60.38227780117785,725.543721658494,880.1507355767814,42.288555474111696
2026-09-30,2026-09-28,2026-10-02,2026-09-30,NSE,S&SPOWER,,S&S Power Switchgears Limited,311.1000061035156,327.54000396728514,311.1000061035156,45.07798244512209,416.9137792224112,406.8129088583725,45.50585028630432
2026-09-30,2026-09-28,2026-10-02,2026-09-30,NSE,MONARCH,,Monarch Networth Capital Limited,350.1000061035156,370.0800033569336,350.1000061035156,50.45058279198485,314.66631047294914,400.99171594411035,48.38980007119336
2026-09-30,2026-09-28,2026-10-02,2026-09-30,NSE,SIGNATURE,,Signatureglobal (India) Limited,780.3499755859375,773.5874969482422,780.3499755859375,44.672118565871855,932.0048772407529,849.9903074679539,31.664683672026015
2026-09-30,2026-09-28,2026-10-02,2026-09-30,NSE,KSL,,Kalyani Steels Limited,952.3499755859375,948.0750030517578,952.3499755859375,62.21137125424022,740.2228851184232,996.5058369187407,54.975561240673755
2026-09-30,2026-09-28,2026-10-02,2026-09-30,NSE,SHAKTIPUMP,,Shakti Pumps (India) Limited,465.1499938964844,473.9125015258789,465.1499938964844,35.91754895334685,558.1834289863818,593.3997637388904,42.2141327847218
2026-09-30,2026-09-28,2026-10-02,2026-09-30,NSE,LIBAS,,Libas Consumer Products Limited,11.470000267028809,11.272499990463256,11.470000267028809,53.25368639814488,12.672891089803848,12.992104454950207,36.47348382403083
2026-09-30,2026-09-28,2026-10-02,2026-09-30,NSE,TTKHLTCARE,,TTK Healthcare Limited,1013.5999755859375,1089.919989013672,1013.5999755859375,49.86840977250162,830.2042006237102,1183.0510779520996,37.020557192634804
2026-09-30,2026-09-28,2026-10-02,2026-09-30,NSE,TCIFINANCE,,TCI Finance Limited,14.75,15.081999969482421,14.75,46.39400855904486,14.31824322325399,22.42065949614596,49.17375850761533
2026-09-30,2026-09-28,2026-10-02,2026-09-30,NSE,MBLINFRA,,MBL Infrastructure Limited,20.799999237060547,22.58499994277954,20.799999237060547,36.218138304278035,28.074041269333307,29.531472024186424,29.931894487836317
2026-09-30,2026-09-28,2026-10-02,2026-09-30,NSE,ONELIFECAP,,Onelife Capital Advisors Limited,37.52000045776367,33.36400003433228,37.52000045776367,70.81534451519613,25.4343254845391,40.7533166672574,72.21093710948493
2026-09-30,2026-09-28,2026-10-02,2026-09-30,NSE,RPEL,,Raghav Productivity Enhancers Limited,1703.9000244140625,1719.8349914550781,1703.9000244140625,71.2740300728062,1301.6724408630303,1943.6398767210935,73.53541842664785
2026-09-30,2026-09-28,2026-10-02,2026-09-30,NSE,ENDURANCE,,Endurance Technologies Limited,2700.39990234375,2714.269982910156,2700.39990234375,50.69525750619708,2446.2821929312204,2980.729099622047,53.629506325818745
2026-09-30,2026-09-28,2026-10-02,2026-09-30,NSE,ALANKIT,,Alankit Limited,7.71999979019165,7.911499977111816,7.71999979019165,36.5246686243462,9.554931815572454,8.686271310411641,20.488785904511147
2026-09-30,2026-09-28,2026-10-02,2026-09-30,NSE,ASTERDM,,Aster DM Quality Care Limited,747.3499755859375,764.5225006103516,747.3499755859375,49.13437517347682,684.4263690423109,852.7875020321596,65.89639887681403
2026-09-30,2026-09-28,2026-10-02,2026-09-30,NSE,INDSWFTLAB,,Ind-Swift Laboratories Limited,408.1000061035156,382.7625,408.1000061035156,85.68152571775101,282.9658851537607,443.67045696554953,83.89019242185864
2026-09-30,2026-09-28,2026-10-02,2026-09-30,NSE,AHLWEST,,Asian Hotels (West) Limited,520.0499877929688,528.4399978637696,520.0499877929688,57.748811411890145,486.0711788679638,639.5232625759841,84.7864509111318
2026-09-30,2026-09-28,2026-10-02,2026-09-30,NSE,GEECEE,,GeeCee Ventures Limited,369.3500061035156,368.445002746582,369.3500061035156,59.29053031256194,291.88739013053737,385.8360277141927,50.6556480308518
2026-09-30,2026-09-28,2026-10-02,2026-09-30,NSE,SFL,,Sheela Foam Limited,629.2999877929688,658.6374969482422,629.2999877929688,45.99843755594412,607.3832510877623,797.0284355877922,43.29508664013842
2026-09-30,2026-09-28,2026-10-02,2026-09-30,NSE,AFIL,,Akme Fintrade (India) Limited,7.889999866485596,8.751000046730042,7.889999866485596,39.47132777504358,7.6386987127670505,10.971095586737027,43.345328856223695
2026-09-30,2026-09-28,2026-10-02,2026-09-30,NSE,SRHHYPOLTD,,Sree Rayalaseema Hi-Strength Hypo Limited,570.0,539.9624969482422,570.0,60.48656523111042,437.4243140514988,573.3152302896522,48.22253830409161
2026-09-30,2026-09-28,2026-10-02,2026-09-30,NSE,BAJAJ-AUTO,,Bajaj Auto Limited,11024.0,11629.55,11024.0,54.44507593146597,10764.813760944451,12382.278629430946,48.86744746483471
2026-09-30,2026-09-28,2026-10-02,2026-09-30,NSE,DBL,,Dilip Buildcon Limited,406.8999938964844,405.5899993896484,406.8999938964844,44.424029980131245,485.8231808660362,454.3013764250154,40.75846780383861
2026-09-30,2026-09-28,2026-10-02,2026-09-30,NSE,BAJAJFINSV,,Bajaj Finserv Limited,1752.0,1885.225,1752.0,39.92680496027821,1749.5428358058075,2089.948763169252,44.124418357365805
2026-09-30,2026-09-28,2026-10-02,2026-09-30,NSE,VETO,,Veto Switchgears And Cables Limited,147.6999969482422,132.75050010681153,147.6999969482422,67.60291822397262,119.99615071365032,149.46788471935488,55.97425077528442
2026-09-30,2026-09-28,2026-10-02,2026-09-30,NSE,KAYNES,,Kaynes Technology India Limited,3658.0,3539.85,3658.0,48.819647762959484,4178.147302215164,4006.1033933089816,44.536156970723766
2026-09-30,2026-09-28,2026-10-02,2026-09-30,NSE,IMFA,,Indian Metals & Ferro Alloys Limited,1207.800048828125,1262.5049926757813,1207.800048828125,39.88613045899852,1118.7500190137907,1529.6378509729425,54.78745338311437
2026-09-30,2026-09-28,2026-10-02,2026-09-30,NSE,RADIOCITY,,Music Broadcast Limited,5.989999771118164,6.160000038146973,5.989999771118164,42.3149295091671,5.096740110071149,6.846010654566032,22.688218072662934
2026-09-30,2026-09-28,2026-10-02,2026-09-30,NSE,DOLPHIN,,Dolphin Offshore Enterprises (India) Limited,648.0,665.1724975585937,648.0,68.76849812331767,469.468779367719,739.463043681094,60.463709211574496
2026-09-30,2026-09-28,2026-10-02,2026-09-30,NSE,DBSTOCKBRO,,DB (International) Stock Brokers Limited,31.65999984741211,29.247499847412108,31.65999984741211,52.49116117255846,25.46090849606413,39.27749678238859,40.996171030041445
2026-09-30,2026-09-28,2026-10-02,2026-09-30,NSE,BEPL,,Bhansali Engineering Polymers Limited,125.37999725341797,128.1064998626709,125.37999725341797,65.86335034242154,98.28421167852369,139.27500008808585,50.95898071014202
2026-09-30,2026-09-28,2026-10-02,2026-09-30,NSE,PANACEABIO,,Panacea Biotec Limited,366.45001220703125,381.43499755859375,366.45001220703125,40.09100647057438,366.3288550350426,594.1373607030854,50.95675987167678
2026-09-30,2026-09-28,2026-10-02,2026-09-30,NSE,INDIASHLTR,,India Shelter Finance Corporation Limited,647.2999877929688,661.8100006103516,647.2999877929688,36.44388249980584,774.745504307014,841.0280493904595,40.33089500943356
2026-09-30,2026-09-28,2026-10-02,2026-09-30,NSE,SILINV,,SIL Investments Limited,444.70001220703125,459.24249877929685,444.70001220703125,47.66453932034982,493.73907573291245,483.0649197179874,44.43772306206339
2026-09-30,2026-09-28,2026-10-02,2026-09-30,NSE,THEINVEST,,The Investment Trust Of India Limited,92.37000274658203,95.46249923706054,92.37000274658203,39.63741876926258,114.6762214577496,102.13335620509079,26.813726548459343
2026-09-30,2026-09-28,2026-10-02,2026-09-30,NSE,TARMAT,,Tarmat Limited,56.869998931884766,58.58499946594238,56.869998931884766,53.49054830462312,44.79040577123303,61.21913644213996,42.76957186055298
2026-09-30,2026-09-28,2026-10-02,2026-09-30,NSE,MADHAV,,Madhav Marbles and Granites Limited,35.81999969482422,35.20999984741211,35.81999969482422,48.21246653731626,44.366505960045885,38.3576524290065,38.06627796677755
2026-09-30,2026-09-28,2026-10-02,2026-09-30,NSE,CMSINFO,,CMS Info Systems Limited,228.00999450683594,234.0120002746582,228.00999450683594,30.18148097726234,279.4040812217588,320.8863930030906,19.905643205173135
2026-09-30,2026-09-28,2026-10-02,2026-09-30,NSE,AHLEAST,,Asian Hotels (East) Limited,136.13999938964844,136.2625,136.13999938964844,39.52415081790525,131.224460880424,162.93742462684418,42.8652028334423
2026-09-30,2026-09-28,2026-10-02,2026-09-30,NSE,HGINFRA,,H.G. Infra Engineering Limited,444.54998779296875,468.12499847412107,444.54998779296875,29.303602462090595,557.863649019529,623.274006140833,23.958817507985145
2026-09-30,2026-09-28,2026-10-02,2026-09-30,NSE,ROLLT,,Rollatainers Limited,5.510000228881836,5.10200002193451,5.510000228881836,77.35680245341156,4.126292873005298,5.834744453533738,75.58263370916941
2026-09-30,2026-09-28,2026-10-02,2026-09-30,NSE,DIGISPICE,,DiGiSPICE Technologies Limited,15.680000305175781,16.579999923706055,15.680000305175781,29.101577640785067,20.23820271749188,21.395170475143978,34.381349514348244
2026-09-30,2026-09-28,2026-10-02,2026-09-30,NSE,JBMA,,JBM Auto Limited,571.0499877929688,605.4299896240234,571.0499877929688,39.06075723314532,541.1291161371917,729.1092987797099,38.380028786941246
2026-09-30,2026-09-28,2026-10-02,2026-09-30,NSE,KPRMILL,,K.P.R. Mill Limited,1101.199951171875,1135.410009765625,1101.199951171875,53.20098206107165,910.7060527254964,1231.8007507732273,55.19220647208072
2026-09-30,2026-09-28,2026-10-02,2026-09-30,NSE,ANURAS,,Anupam Rasayan India Limited,1187.0999755859375,1209.6000061035156,1187.0999755859375,39.34289950890051,1139.4835507425937,1339.4745790482918,60.78759030383523
2026-09-30,2026-09-28,2026-10-02,2026-09-30,NSE,ADANIENSOL,,Adani Energy Solutions Limited,1287.9000244140625,1378.9499938964843,1287.9000244140625,42.68133640559075,1642.184553004888,1764.9430652124508,54.38584551007375
2026-09-30,2026-09-28,2026-10-02,2026-09-30,NSE,PENIND,,Pennar Industries Limited,182.1699981689453,174.06899871826172,182.1699981689453,57.444947241892756,189.79974212273157,183.00079344865358,52.79515357987629
2026-09-30,2026-09-28,2026-10-02,2026-09-30,NSE,TOKYOPLAST,,Tokyo Plast International Limited,72.62000274658203,76.59500045776367,72.62000274658203,38.55359515728973,60.38395102730515,90.02381323132634,37.19671079354235
2026-09-30,2026-09-28,2026-10-02,2026-09-30,NSE,SHAREINDIA,,Share India Securities Limited,206.10000610351562,197.16400070190429,206.10000610351562,62.84875760281425,151.03568957078392,224.4584383980889,46.05492225335555
2026-09-30,2026-09-28,2026-10-02,2026-09-30,NSE,LYKALABS,,Lyka Labs Limited,84.13999938964844,81.68049964904785,84.13999938964844,64.40523037968457,68.68656001378564,87.25122807442064,43.06352253430387
2026-09-30,2026-09-28,2026-10-02,2026-09-30,NSE,SIGMAADV,,SIGMA ADVANCED SYSTEMS LIMITED,930.4000244140625,837.7825073242187,930.4000244140625,80.32057169783366,651.1581964815775,973.3061051390484,93.18329874961492
2026-09-30,2026-09-28,2026-10-02,2026-09-30,NSE,BAJAJCON,,Bajaj Consumer Care Limited,480.04998779296875,507.13000030517577,480.04998779296875,47.94662407076144,614.2778349411536,645.9507220396596,62.61158734730463
2026-09-30,2026-09-28,2026-10-02,2026-09-30,NSE,INDIAMART,,Indiamart Intermesh Limited,1637.0,1678.0200073242188,1637.0,29.006706618656253,1872.440224118777,2120.9938483731867,25.72824494092451
2026-09-30,2026-09-28,2026-10-02,2026-09-30,NSE,SHANTI,,Shanti Overseas (India) Limited,5.670000076293945,6.094499969482422,5.670000076293945,33.75922980872146,7.9395103811101,7.187753057316411,35.848551957749294
2026-09-30,2026-09-28,2026-10-02,2026-09-30,NSE,GNA,,GNA Axles Limited,594.7000122070312,557.675,594.7000122070312,67.3060810171592,433.250822643451,653.3979481537036,63.969222073797944
2026-09-30,2026-09-28,2026-10-02,2026-09-30,NSE,GLENMARK,,Glenmark Pharmaceuticals Limited,2325.699951171875,2430.4499633789064,2325.699951171875,53.342856435600794,2081.6204349940735,2492.368405493365,59.71630085581179
2026-09-30,2026-09-28,2026-10-02,2026-09-30,NSE,MOSCHIP,,Moschip Technologies Limited,200.2100067138672,208.4910011291504,200.2100067138672,45.903332075942416,174.0556877417289,236.7050240876248,55.60942694990715
2026-09-30,2026-09-28,2026-10-02,2026-09-30,NSE,DIXON,,Dixon Technologies (India) Limited,13640.0,13641.5,13640.0,54.71702847403763,11938.190983547513,15402.276877983895,51.96889036015147
2026-09-30,2026-09-28,2026-10-02,2026-09-30,NSE,NATCAPSUQ,,Natural Capsules Limited,165.1999969482422,187.12149810791016,165.1999969482422,49.15394596038192,129.99574983858344,201.27255215911583,45.15715249974959
2026-09-30,2026-09-28,2026-10-02,2026-09-30,NSE,SPMLINFRA,,SPML Infra Limited,161.4199981689453,171.51800079345702,161.4199981689453,34.998818044614225,202.0041467158724,215.99322643570264,39.531701630006765
2026-09-30,2026-09-28,2026-10-02,2026-09-30,NSE,NILAINFRA,,Nila Infrastructures Limited,6.829999923706055,6.708500003814697,6.829999923706055,38.03869558935938,6.038683254546974,8.306585905732373,34.28073334784851
2026-09-30,2026-09-28,2026-10-02,2026-09-30,NSE,LCCINFOTEC,,LCC Infotech Limited,4.019999980926514,3.5995000123977663,4.019999980926514,47.525235467841966,5.196209117227077,5.027460690673692,38.66248070803796
2026-09-30,2026-09-28,2026-10-02,2026-09-30,NSE,STAR,,Strides Pharma Science Limited,1151.4000244140625,1165.0150085449218,1151.4000244140625,59.02667290797313,925.7613275202478,1221.3332994647299,48.74979598683751
2026-09-30,2026-09-28,2026-10-02,2026-09-30,NSE,MANBA,,Manba Finance Limited,137.67999267578125,133.15399856567382,137.67999267578125,59.76791076108337,112.09029555365554,148.8860778909589,49.89947580976995
2026-09-30,2026-09-28,2026-10-02,2026-09-30,NSE,PGIL,,Pearl Global Industries Limited,1296.0999755859375,1190.8699951171875,1296.0999755859375,68.7143247902929,982.4135817927829,1380.31998623522,75.68516805415149
2026-09-30,2026-09-28,2026-10-02,2026-09-30,NSE,GUJTHEM,,Gujarat Themis Biosyn Limited,397.54998779296875,420.4925003051758,397.54998779296875,54.51078092317655,319.8296295482528,435.22280219825547,59.58510442750463
2026-09-30,2026-09-28,2026-10-02,2026-09-30,NSE,MCLEODRUSS,,Mcleod Russel India Limited,43.66999816894531,44.73799991607666,43.66999816894531,40.93577790149482,59.015331260533046,75.36629475661766,50.38382312715286
2026-09-30,2026-09-28,2026-10-02,2026-09-30,NSE,MPSLTD,,MPS Limited,2631.699951171875,2640.8299926757813,2631.699951171875,62.12640199419088,2181.9350182892053,3218.653899056528,59.3759508293582
2026-09-30,2026-09-28,2026-10-02,2026-09-30,NSE,AGARWALEYE,,Dr. Agarwal's Health Care Limited,503.6000061035156,506.08000030517576,503.6000061035156,55.413072602345565,412.1380436025544,534.5231632236366,57.88624593450009
2026-09-30,2026-09-28,2026-10-02,2026-09-30,NSE,RADICO,,Radico Khaitan Limited,4478.2998046875,4466.574975585938,4478.2998046875,69.23301425751579,4039.909274684433,4966.44484549555,78.16020283825027
2026-09-30,2026-09-28,2026-10-02,2026-09-30,NSE,V2RETAIL,,V2 Retail Limited,211.22000122070312,215.85499954223633,211.22000122070312,46.32470290465439,182.4448353819766,240.00453594235705,58.27037123209509
2026-09-30,2026-09-28,2026-10-02,2026-09-30,NSE,VIPULLTD,,Vipul Limited,10.869999885559082,12.675,10.869999885559082,44.95135116159718,15.385803548632044,17.390799284602558,33.215580992054456
2026-09-30,2026-09-28,2026-10-02,2026-09-30,NSE,SUNFLAG,,Sunflag Iron And Steel Company Limited,449.20001220703125,355.97249908447264,449.20001220703125,71.9957698307114,328.09780008275294,416.2756259306449,67.04848722755695
2026-09-30,2026-09-28,2026-10-02,2026-09-30,NSE,LOTUSEYE,,Lotus Eye Hospital and Institute Limited,114.77999877929688,112.12300033569336,114.77999877929688,49.093147622204086,91.6410770928835,131.99116533941043,54.774963078381965
2026-09-30,2026-09-28,2026-10-02,2026-09-30,NSE,DEN,,Den Networks Limited,26.0,26.96450004577637,26.0,40.07404045603145,24.28501366171364,31.292463391943183,27.60205901573039
2026-09-30,2026-09-28,2026-10-02,2026-09-30,NSE,LAURUSLABS,,Laurus Labs Limited,2010.699951171875,1945.7049926757813,2010.699951171875,77.72566078945752,1700.3367730649832,2144.6261031195,87.08625303944383
2026-09-30,2026-09-28,2026-10-02,2026-09-30,NSE,GICL,,Globe International Carriers Limited,23.3799991607666,24.07749996185303,23.3799991607666,37.10097183943503,28.049650968262732,36.4744476744562,42.26004484116632
2026-09-30,2026-09-28,2026-10-02,2026-09-30,NSE,TRIGYN,,Trigyn Technologies Limited,53.119998931884766,56.533999824523924,53.119998931884766,45.425259419676074,63.55251251130527,60.57965647134347,32.208123582528174
2026-09-30,2026-09-28,2026-10-02,2026-09-30,NSE,MANINFRA,,Man Infraconstruction Limited,127.43000030517578,125.72400016784668,127.43000030517578,59.08047882151745,102.2446607806475,133.4154231546725,45.26342476708494
2026-09-30,2026-09-28,2026-10-02,2026-09-30,NSE,AUBANK,,AU Small Finance Bank Limited,995.2999877929688,1047.684994506836,995.2999877929688,45.93159221101778,925.6284092935208,1112.153028307724,56.89509147099161
2026-09-30,2026-09-28,2026-10-02,2026-09-30,NSE,GENUSPAPER,,Genus Paper & Boards Limited,10.109999656677246,11.75049991607666,10.109999656677246,36.80847164163731,9.142899504720026,13.249344002403966,28.501751336140103
2026-09-30,2026-09-28,2026-10-02,2026-09-30,NSE,DBCORP,,D.B.Corp Limited,178.5500030517578,188.26749954223632,178.5500030517578,30.16019782614373,209.87692464784055,220.0260611558495,31.003131752552136
2026-09-30,2026-09-28,2026-10-02,2026-09-30,NSE,MONTECARLO,,Monte Carlo Fashions Limited,514.0499877929688,546.3849975585938,514.0499877929688,42.1839411801642,598.0752079086587,579.7746920559429,36.436635254125044
2026-09-30,2026-09-28,2026-10-02,2026-09-30,NSE,ATULAUTO,,Atul Auto Limited,440.54998779296875,451.81249847412107,440.54998779296875,43.73852918784815,419.7705586548798,537.0146965611295,39.8287920935855
2026-09-30,2026-09-28,2026-10-02,2026-09-30,NSE,VGUARD,,V-Guard Industries Limited,307.25,325.5625,307.25,43.88231580089599,340.299161088084,337.72132358063106,37.440512377149055
2026-09-30,2026-09-28,2026-10-02,2026-09-30,NSE,RAJTV,,Raj Television Network Limited,11.140000343322754,8.945000147819519,11.140000343322754,31.171535044970383,12.65787170717782,17.32219256965033,34.515414287537894
2026-09-30,2026-09-28,2026-10-02,2026-09-30,NSE,JSFB,,Jana Small Finance Bank Limited,499.20001220703125,525.7624969482422,499.20001220703125,50.38719704170443,425.88615983042695,593.9467241153957,48.43485836898048
2026-09-30,2026-09-28,2026-10-02,2026-09-30,NSE,SANSERA,,Sansera Engineering Limited,4457.2001953125,4153.484997558594,4457.2001953125,77.37650562795127,3523.3825555448902,4642.625605771929,82.21974919068072
2026-09-30,2026-09-28,2026-10-02,2026-09-30,NSE,PNGJL,,P N Gadgil Jewellers Limited,585.3499755859375,604.3750030517579,585.3499755859375,47.08880994733574,697.4335230480036,665.3582879812075,43.77078452543354
2026-09-30,2026-09-28,2026-10-02,2026-09-30,NSE,MOHITIND,,Mohit Industries Limited,22.889999389648438,23.511499977111818,22.889999389648438,45.862023247090264,28.684445722425284,25.990814616592107,46.112408328871226
2026-09-30,2026-09-28,2026-10-02,2026-09-30,NSE,GENUSPOWER,,Genus Power Infrastructures Limited,294.04998779296875,318.4974990844727,294.04998779296875,43.52335869014399,260.83851625515564,344.3180520615025,44.36984250600262
2026-09-30,2026-09-28,2026-10-02,2026-09-30,NSE,SEJALLTD,,Sejal Glass Limited,664.5999755859375,667.2274932861328,664.5999755859375,46.47320467272584,539.7268442802587,814.3528647018852,53.389237590389314
2026-09-30,2026-09-28,2026-10-02,2026-09-30,NSE,ARVINDFASN,,Arvind Fashions Limited,413.75,435.7199996948242,413.75,37.41791932793234,486.4773718449352,487.30800684694873,36.389240410599584
2026-09-30,2026-09-28,2026-10-02,2026-09-30,NSE,WABAG,,VA Tech Wabag Limited,1977.199951171875,2076.734997558594,1977.199951171875,55.20775913293538,1593.5086088898731,2393.687245336031,61.237008524828724
2026-09-30,2026-09-28,2026-10-02,2026-09-30,NSE,PRIVISCL,,Privi Speciality Chemicals Limited,3605.300048828125,3473.42001953125,3605.300048828125,58.72493183597625,3047.431408331792,3775.051307572142,69.70571939910768
2026-09-30,2026-09-28,2026-10-02,2026-09-30,NSE,OAL,,Oriental Aromatics Limited,553.1500244140625,522.7300003051757,553.1500244140625,76.1731343051431,364.7151201013702,568.0093763021921,61.15225424614485
2026-09-30,2026-09-28,2026-10-02,2026-09-30,NSE,UNIDT,,United Drilling Tools Limited,229.30999755859375,228.46200256347657,229.30999755859375,54.19102898336179,171.52191394272475,244.28630790121065,50.41832580686352
2026-09-30,2026-09-28,2026-10-02,2026-09-30,NSE,RAINBOW,,Rainbow Childrens Medicare Limited,1372.5999755859375,1436.669989013672,1372.5999755859375,46.91657274323806,1331.8319703365314,1546.7923549794148,50.38033987966455
2026-09-30,2026-09-28,2026-10-02,2026-09-30,NSE,EASTSILK,,Eastern Silk Industries Limited,74.0,63.802500534057614,74.0,65.69197000038723,48.113143882522834,73.36217895150094,71.21701740172897
2026-09-30,2026-09-28,2026-10-02,2026-09-30,NSE,IRCON,,Ircon International Limited,103.25,112.30949974060059,103.25,26.09984191644145,124.11859121448768,147.4368659674979,32.94346287543435
2026-09-30,2026-09-28,2026-10-02,2026-09-30,NSE,FAZE3Q,,Faze Three Limited,427.25,464.5124984741211,427.25,38.644127091631425,557.627910756766,639.0331697686713,47.648069168710094
2026-09-30,2026-09-28,2026-10-02,2026-09-30,NSE,SEPC,,SEPC Limited,4.960000038146973,5.241999959945678,4.960000038146973,30.883664982736022,6.558431329576871,7.871333655905743,17.720206724934457
2026-09-30,2026-09-28,2026-10-02,2026-09-30,NSE,MKPL,,M K Proteins Limited,3.9700000286102295,4.014500105381012,3.9700000286102295,27.774377544187843,4.889359572373873,5.193734565638947,28.40251169178768
2026-09-30,2026-09-28,2026-10-02,2026-09-30,NSE,HYBRIDFIN,,Hybrid Financial Services Limited,17.360000610351562,16.767000198364258,17.360000610351562,47.10237694854279,13.567806079537426,22.636113083528123,52.33631847041481
2026-09-30,2026-09-28,2026-10-02,2026-09-30,NSE,DOLATALGO,,Dolat Algotech Limited,65.79000091552734,68.87700004577637,65.79000091552734,38.474113274290936,79.11145520095485,77.55694892488108,31.585652525799162
2026-09-30,2026-09-28,2026-10-02,2026-09-30,NSE,ZEEMEDIA,,Zee Media Corporation Limited,7.289999961853027,7.644999957084655,7.289999961853027,41.432513928994645,6.719132135673279,9.512809481964899,23.7111040419544
2026-09-30,2026-09-28,2026-10-02,2026-09-30,NSE,KAMATHOTEL,,Kamat Hotels (I) Limited,233.17999267578125,227.78900070190429,233.17999267578125,64.0764496304376,178.83099652643654,245.25454972571677,56.08038012399459
2026-09-30,2026-09-28,2026-10-02,2026-09-30,NSE,KIMS,,Krishna Institute of Medical Sciences Limited,766.4500122070312,775.2124969482422,766.4500122070312,50.6466436379907,684.9178454304079,836.2214071026889,59.432323454654664
2026-09-30,2026-09-28,2026-10-02,2026-09-30,NSE,LOYALTEX,,Loyal Textile Mills Limited,211.72999572753906,214.14850082397462,211.72999572753906,48.630290994242756,161.1420001387716,227.93025446936036,32.22663770852462
2026-09-30,2026-09-28,2026-10-02,2026-09-30,NSE,SPCENET,,Spacenet Enterprises India Limited,3.2899999618530273,3.3109999895095825,3.2899999618530273,41.13745402236659,4.462888957292117,3.987379567269956,24.338925124632254
2026-09-30,2026-09-28,2026-10-02,2026-09-30,NSE,LEMONTREE,,Lemon Tree Hotels Limited,103.81999969482422,105.55449981689453,103.81999969482422,36.144192177261175,119.14812094344981,119.51539010523601,43.1162258973178
2026-09-30,2026-09-28,2026-10-02,2026-09-30,NSE,VAISHALI,,Vaishali Pharma Limited,8.5,8.460500001907349,8.5,55.889910804932775,6.044526449338885,9.012582946535742,33.4228300979312
2026-09-30,2026-09-28,2026-10-02,2026-09-30,NSE,CHEVIOT,,Cheviot Company Limited,1187.9000244140625,1173.4350036621095,1187.9000244140625,56.8936819250786,998.5651441235018,1209.0868638859465,47.34110439308526
2026-09-30,2026-09-28,2026-10-02,2026-09-30,NSE,TIINDIA,,Tube Investments of India Limited,2459.0,2616.12001953125,2459.0,35.42873855793607,2953.441452053285,3303.8027291713843,34.75148179867175
2026-09-30,2026-09-28,2026-10-02,2026-09-30,NSE,PRITI,,Priti International Limited,31.329999923706055,33.14949998855591,31.329999923706055,29.367320807573208,42.97569474355864,45.39911490865246,24.053978138620693
2026-09-30,2026-09-28,2026-10-02,2026-09-30,NSE,WSTCSTPAPR,,West Coast Paper Mills Limited,722.3499755859375,706.1149963378906,722.3499755859375,70.08394391527366,560.4460845753367,763.7182883265128,66.08452856396654
2026-09-30,2026-09-28,2026-10-02,2026-09-30,NSE,FOODSIN,,Foods & Inns Limited,52.83000183105469,54.718000411987305,52.83000183105469,41.962995246375726,67.1983755644531,60.95634612725152,29.07408277045498
2026-09-30,2026-09-28,2026-10-02,2026-09-30,NSE,RBLBANK,,RBL Bank Limited,407.0,409.6899978637695,407.0,63.64509573933159,349.7532130546606,427.7593442111714,75.23396839753433
2026-09-30,2026-09-28,2026-10-02,2026-09-30,NSE,AGIIL,,Agi Infra Limited,271.6000061035156,273.17250061035156,271.6000061035156,37.61616172979491,261.88914189329387,404.1089312770046,58.60156597829603
2026-09-30,2026-09-28,2026-10-02,2026-09-30,NSE,SAGARDEEP,,Sagardeep Alloys Limited,23.290000915527344,23.682000255584718,23.290000915527344,43.12676329472774,28.77684488550659,25.990542715144542,43.99617336449139
2026-09-30,2026-09-28,2026-10-02,2026-09-30,NSE,BCONCEPTS,,Brand Concepts Limited,146.02000427246094,157.67550048828124,146.02000427246094,31.252580701548894,198.5560391523997,215.93892383787613,22.323457183204795
2026-09-30,2026-09-28,2026-10-02,2026-09-30,NSE,HERITGFOOD,,Heritage Foods Limited,402.04998779296875,398.77249908447266,402.04998779296875,60.981429595643654,331.2893719739163,422.68526961879604,41.18032993194641
2026-09-30,2026-09-28,2026-10-02,2026-09-30,NSE,SPLIL,,SPL Industries Limited,29.8700008392334,30.542500019073486,29.8700008392334,46.54513937797518,34.70044510391801,33.24220767490865,36.95154126365181
2026-09-30,2026-09-28,2026-10-02,2026-09-30,NSE,SAREGAMA,,Saregama India Limited,489.6000061035156,495.5124984741211,489.6000061035156,58.1986483950861,396.43729707132184,545.5487995543386,47.10908498837499
2026-09-30,2026-09-28,2026-10-02,2026-09-30,NSE,SHYAMCENT,,Shyam Century Ferrous Limited,4.960000038146973,4.984499979019165,4.960000038146973,43.52920318855658,3.8510904979375744,5.646260614372448,26.33524977736556
2026-09-30,2026-09-28,2026-10-02,2026-09-30,NSE,JYOTICNC,,Jyoti CNC Automation Limited,1046.0999755859375,1022.9350006103516,1046.0999755859375,66.36147226639345,818.0954457719833,1136.4683249510554,52.07952705202569
2026-09-30,2026-09-28,2026-10-02,2026-09-30,NSE,SOUTHWEST,,South West Pinnacle Exploration Limited,189.85000610351562,204.5760009765625,189.85000610351562,39.04958846937704,168.06772580122248,267.3897854918567,52.786185659768776
2026-09-30,2026-09-28,2026-10-02,2026-09-30,NSE,ADFFOODS,,ADF Foods Limited,266.6000061035156,268.0974975585938,266.6000061035156,50.85168346823217,226.2267949424139,320.7814203189579,52.10424677367582
2026-09-30,2026-09-28,2026-10-02,2026-09-30,NSE,HATHWAY,,Hathway Cable & Datacom Limited,9.369999885559082,10.12050004005432,9.369999885559082,32.906044075431595,8.948375252719607,11.942905180325875,25.753305732028593
2026-09-30,2026-09-28,2026-10-02,2026-09-30,NSE,PAYTM,,One 97 Communications Limited,1635.800048828125,1728.3050048828125,1635.800048828125,62.78843334121667,1404.0397122033894,1920.1299585593904,70.37493339529263
2026-09-30,2026-09-28,2026-10-02,2026-09-30,NSE,JETFREIGHT,,Jet Freight Logistics Limited,21.010000228881836,20.814499950408937,21.010000228881836,50.359682663675876,14.846004937946903,23.978238986627932,56.13602003271738
2026-09-30,2026-09-28,2026-10-02,2026-09-30,NSE,SINCLAIR,,Sinclairs Hotels Limited,78.47000122070312,81.4504997253418,78.47000122070312,49.86732577551341,87.25941918379566,83.05702351982235,44.66510482400119
2026-09-30,2026-09-28,2026-10-02,2026-09-30,NSE,TEAMLEASE,,Teamlease Services Limited,1140.199951171875,1229.7099914550781,1140.199951171875,31.816029000786813,1355.5271186875082,1504.9770179589477,23.072260271334784
2026-09-30,2026-09-28,2026-10-02,2026-09-30,NSE,CNL,,Creative Newtech Limited,1072.699951171875,1147.9199951171875,1072.699951171875,63.25000903736972,937.2290641216239,1389.9382570672424,59.75524418704402
2026-09-30,2026-09-28,2026-10-02,2026-09-30,NSE,NATCOPHARM,,Natco Pharma Limited,828.5499877929688,827.0999969482422,828.5499877929688,38.781088156737304,973.8339366821522,1066.4708493342755,32.65812779393653
2026-09-30,2026-09-28,2026-10-02,2026-09-30,NSE,PARKHOTELS,,Apeejay Surrendra Park Hotels Limited,103.56999969482422,109.08049964904785,103.56999969482422,30.74142136342944,124.15397156472156,129.99107595798498,35.734451365679206
2026-09-30,2026-09-28,2026-10-02,2026-09-30,NSE,SANGHVIMOV,,Sanghvi Movers Limited,444.29998779296875,436.8299987792969,444.29998779296875,56.67029382559726,353.7796135319443,507.0464801667682,55.93081938659139
2026-09-30,2026-09-28,2026-10-02,2026-09-30,NSE,DIACABS,,Diamond Power Infrastructure Limited,339.25,356.1749969482422,339.25,67.32720649173683,270.2053973076298,428.29643088516093,74.41562600945949
2026-09-30,2026-09-28,2026-10-02,2026-09-30,NSE,ASPINWALL,,Aspinwall and Company Limited,247.64999389648438,255.10299911499024,247.64999389648438,51.88902559772732,266.18692098996803,263.8503325181616,47.19835111099179
2026-09-30,2026-09-28,2026-10-02,2026-09-30,NSE,STARTECK,,Starteck Finance Limited,314.0,249.48249893188478,314.0,69.55418555995473,223.47512979577522,298.9584513341129,60.30292211579986
2026-09-30,2026-09-28,2026-10-02,2026-09-30,NSE,MANINDS,,Man Industries (India) Limited,953.3499755859375,851.8899963378906,953.3499755859375,74.89257275533402,680.2943904476051,968.7293513283457,71.49345876557977
2026-09-30,2026-09-28,2026-10-02,2026-09-30,NSE,NIVABUPA,,Niva Bupa Health Insurance Company Limited,75.7300033569336,79.73950080871582,75.7300033569336,36.64260422050166,73.5186713875014,89.92531798552166,48.62300117582911
2026-09-30,2026-09-28,2026-10-02,2026-09-30,NSE,MITTAL,,Mittal Life Style Limited,0.7099999785423279,0.789999994635582,0.7099999785423279,27.537594867596468,1.0144327280786807,1.0949968446306095,25.588690900207496
2026-09-30,2026-09-28,2026-10-02,2026-09-30,NSE,ORIENTALTL,,Oriental Trimex Limited,4.940000057220459,5.034000015258789,4.940000057220459,32.023290023991564,6.449914841020442,6.656081307185717,31.364207186456795
2026-09-30,2026-09-28,2026-10-02,2026-09-30,NSE,MHRIL,,Mahindra Holidays & Resorts India Limited,195.9199981689453,200.43349914550782,195.9199981689453,29.096996120638394,236.0593995952541,246.35614639577676,28.049624949702732
2026-09-30,2026-09-28,2026-10-02,2026-09-30,NSE,KSB,,Ksb Limited,801.25,805.7549987792969,801.25,44.98236770583583,951.3722180969016,944.9161297913647,46.836817546197516
2026-09-30,2026-09-28,2026-10-02,2026-09-30,NSE,GREENPOWER,,Orient Green Power Company Limited,8.8100004196167,9.139000034332275,8.8100004196167,32.54580351066738,8.586474726423404,11.68459968753837,30.40599343186662
